Filename,y_true,y_pred,p0,p1,p2,p3,p4,p5,p6,p7,p8
20160928-140747-0.jpg,0,1,0.23537086,0.67637545,7.979628e-05,0.0005093061,0.0001060981,0.008328165,0.0055305962,0.014164667,0.059535105
20160928-141437-0.jpg,0,8,0.04754675,0.017136807,0.0007726572,0.0070487135,0.0010384467,0.1378956,0.0037434436,0.014412112,0.7704054
20160928-142110-0.jpg,0,0,0.85284245,0.004711957,1.8439847e-06,7.1946665e-06,1.0072286e-05,0.017849216,2.5963633e-05,0.004509368,0.12004186
20161207-110730-0.jpg,0,8,0.16332501,0.09264059,0.0061910213,0.025760325,0.027233263,0.009256268,0.007513695,0.22319818,0.44488165
20161207-110753-0.jpg,0,8,0.02972515,0.08753366,0.02117865,0.1207828,0.01929702,0.0063630645,0.06964328,0.020053295,0.6254231
20161207-110837-0.jpg,0,0,0.63523656,0.12116912,0.000473942,0.002863036,0.0008989294,0.032578357,0.009153349,0.017053148,0.1805736
20161207-111122-0.jpg,0,0,0.9345876,0.046629164,9.271089e-06,2.5524872e-05,1.5779093e-05,0.00051073753,0.0007969038,0.008710135,0.008714845
20161207-111246-0.jpg,0,8,0.18176061,0.0009989343,0.020491904,0.00948977,0.04202035,0.01305561,0.00056640717,0.018800788,0.7128156
20161207-111352-0.jpg,0,0,0.85836405,0.049876645,1.1717923e-05,0.00014858323,2.6049614e-05,0.004438102,0.00022418523,0.055441037,0.031469602
20161207-111440-0.jpg,0,0,0.37458682,0.1629662,0.00029244367,0.042212773,0.0023381463,0.0043258583,0.010435853,0.17030454,0.23253739
20161207-111508-0.jpg,0,8,0.16626182,0.02668857,1.0786271e-05,0.0005434562,0.00018926387,0.28879747,0.0032963143,0.036495384,0.47771698
20161207-111539-0.jpg,0,0,0.9027322,0.052745197,4.7606076e-07,4.338934e-05,2.8718518e-06,0.02977741,0.0040179263,0.0010246913,0.00965574
20161207-111718-0.jpg,0,0,0.42950663,0.2252297,2.6808437e-05,0.00021825492,4.3046122e-05,0.0038532843,0.000855614,0.29249805,0.047768626
20161207-112158-0.jpg,0,0,0.8402232,0.0023205222,0.0001788378,0.00034828242,0.00089304155,0.0044868817,0.00070905976,0.020062985,0.13077712
20161207-112245-0.jpg,0,0,0.89160335,0.0046513043,0.00014058547,0.00019550364,0.00018675523,0.031189797,0.00029317327,0.051093936,0.020645542
20161207-112431-0.jpg,8,8,0.0047431136,0.00448963,0.00075953023,0.07327612,0.007337243,0.005671707,0.0032781023,0.01752518,0.8829194
20161207-143344-0.jpg,7,8,0.0010703116,0.0005777264,4.019514e-06,0.0005286082,2.0334455e-05,0.070991695,0.031990957,0.0017292539,0.8930871
20161207-145017-0.jpg,0,8,0.22259289,0.0065467046,0.0006577127,0.06101501,0.016255679,0.033263385,0.0032470394,0.05201698,0.6044045
20170126-095106-0.jpg,1,1,0.0009587774,0.99646604,9.3912524e-07,3.221818e-05,1.2962413e-06,4.704248e-05,0.0006129364,0.0010764116,0.0008042473
20170126-095233-0.jpg,1,1,0.0011487148,0.34886062,0.00020191897,0.0013024523,8.62569e-05,0.00070447143,0.33843818,0.004252739,0.30500463
20170126-095308-0.jpg,1,1,0.0009091212,0.97024405,4.4855858e-07,4.9791097e-06,4.4653635e-07,0.00031971172,0.027237274,0.00023438637,0.0010494996
20170126-095322-0.jpg,1,1,0.04144303,0.47548988,0.0009674896,0.0034105848,0.0016902969,0.0050723683,0.12890014,0.073876075,0.26915005
20170126-095404-0.jpg,1,1,0.010975965,0.9188648,2.3644916e-05,7.762805e-05,1.6433396e-05,0.00046444053,0.00050264254,0.05952438,0.009550049
20170126-095653-0.jpg,1,1,0.012465852,0.55526954,0.0005310284,0.013863187,0.0016398442,0.0077318167,0.040158413,0.03727883,0.33106148
20170126-095755-0.jpg,1,8,0.02435149,0.3014413,2.8509607e-05,0.00813519,0.00013729016,0.006522778,0.009941032,0.025016619,0.62442577
20170126-095912-0.jpg,1,1,0.0028834043,0.9163313,4.8569004e-06,0.0014451903,5.472728e-05,0.0015718796,0.012521903,0.0063790395,0.058807686
20170126-095925-0.jpg,1,1,0.0058595217,0.86937433,0.00011623742,0.0040145023,0.0003500399,0.009503658,0.012241812,0.02074318,0.07779667
20170126-095932-0.jpg,1,1,0.0023228242,0.70642245,1.29735e-05,0.00037307656,2.7018501e-05,0.0042152125,0.04766842,0.0058758208,0.2330823
20170126-100037-0.jpg,1,1,0.0017891406,0.8006353,2.042493e-05,0.0018003685,7.7680335e-05,0.0003784529,0.057684936,0.032083865,0.10552992
20170126-100242-0.jpg,1,8,0.0059496253,0.20862487,5.4125318e-05,0.0021893848,0.001050643,0.006057342,0.0033585967,0.024905749,0.7478097
20170126-100451-0.jpg,1,8,0.004135643,0.24741557,0.0003086381,0.0077784425,0.0032420843,0.0020754456,0.17958422,0.12436475,0.43109515
20170126-100459-0.jpg,1,1,0.008608688,0.7070779,0.00017362468,0.0036115472,0.0006730108,0.005208105,0.0778378,0.045385357,0.15142387
20170127-101000-0.jpg,1,8,0.015171047,0.3768077,0.0021318386,0.008499535,0.0009427069,0.0021547345,0.15911499,0.026008438,0.40916902
20170127-101008-0.jpg,1,1,0.016324565,0.8653247,1.8126066e-05,0.00793741,3.113116e-05,0.0014613464,0.0024774524,0.003577292,0.102847934
20170127-101404-0.jpg,1,1,0.0014654389,0.9697883,2.0372308e-05,0.00079074246,2.2013563e-05,0.0003096304,0.016377473,0.0025636177,0.008662394
20170127-101415-0.jpg,1,1,0.06485487,0.7200937,0.0005193448,0.005469601,0.00093971717,0.010667037,0.017007839,0.07050284,0.10994498
20170127-101650-0.jpg,1,8,0.0046425583,0.31928235,1.9988724e-05,0.0020368022,0.00014188512,0.023455774,0.1252574,0.00981501,0.51534814
20170127-101830-0.jpg,1,1,0.0061251097,0.9143227,5.668645e-06,0.02227389,5.7900517e-05,0.00034486136,0.0007954469,0.008361432,0.04771303
20170127-102005-0.jpg,1,1,0.0046431418,0.46973792,0.002814322,0.009508561,0.002609293,0.0010728484,0.040177684,0.009988174,0.459448
20170127-102051-0.jpg,1,1,0.0040782946,0.967626,3.8362556e-05,0.0007374938,3.8250768e-05,0.00030745837,0.01065806,0.0044646855,0.012051473
20170127-102214-0.jpg,1,1,0.008554837,0.9294533,5.306856e-05,0.0002745901,4.6223435e-05,0.00048237658,0.012387316,0.004978346,0.04376988
20170127-102237-0.jpg,1,1,0.00953821,0.8892858,3.6953683e-05,0.0005454569,7.2474446e-05,0.00045455998,0.002423311,0.080849715,0.016793521
20170127-102604-0.jpg,1,1,0.021217735,0.8698162,3.5406683e-05,0.00018046984,2.887867e-05,0.0007011182,0.01186329,0.07319627,0.022960639
20170127-102904-0.jpg,1,1,0.01176608,0.9641935,5.0575054e-05,0.0008825776,0.0001618735,9.349509e-05,0.0008825574,0.017824054,0.0041452735
20170127-102931-0.jpg,1,1,0.05641569,0.56537926,0.0005509064,0.0024065126,0.002116583,0.0027623896,0.1399588,0.14101072,0.089399144
20170127-103003-0.jpg,1,1,0.0033572975,0.95768106,8.922673e-06,6.134526e-05,8.5692145e-06,0.00345261,0.008968658,0.0038660096,0.022595592
20170127-103011-0.jpg,1,1,0.010485278,0.9484805,0.00012133562,0.0003758252,6.39528e-05,0.00034249967,0.01278013,0.019655632,0.0076949443
20170127-103248-0.jpg,1,1,0.0032282646,0.6658424,0.00020584416,0.004546964,0.00044643387,0.0030019423,0.07752451,0.0073685977,0.23783503
20170128-101959-0.jpg,8,8,0.0030299772,0.00067704037,0.0026901953,0.059917763,0.1333188,3.0774398e-05,0.00016015758,0.0076385527,0.79253674
20170128-102043-0.jpg,8,8,0.0033894666,0.008750099,0.00015701294,0.05911885,0.06980471,4.8754493e-05,0.00042056644,0.012835423,0.845475
20170128-102117-0.jpg,8,8,0.0005848102,0.00050105975,0.00013706926,0.010416151,0.0026889483,1.4005979e-05,0.00012958412,0.002535609,0.9829927
20170128-102233-0.jpg,8,8,0.013833661,0.00979555,0.00019722762,0.06041743,0.00866821,0.0001401214,0.0001608643,0.025021398,0.88176554
20170128-102307-0.jpg,8,8,0.0046361177,0.015258683,0.0003280489,0.09947565,0.007425776,0.0005315784,0.0005929111,0.025388755,0.8463625
20170128-102336-0.jpg,8,8,0.047237076,0.025185984,0.0074787675,0.23596768,0.026985478,0.003213322,0.00072274543,0.03953084,0.6136781
20170128-102438-0.jpg,8,8,0.100094944,0.01335884,0.018508693,0.01620082,0.05748232,0.0028235768,0.0011108812,0.22516336,0.5652566
20170128-102535-0.jpg,8,8,0.010681888,0.020565093,0.0009169521,0.12438395,0.004518894,0.0017500592,0.003544788,0.02276346,0.8108748
20170128-102632-0.jpg,8,8,0.0049304296,0.14098908,0.00045291072,0.06772648,0.0014287033,0.0064197816,0.04713914,0.012843354,0.71807015
20170128-102804-0.jpg,8,8,0.021153491,0.0041207066,0.00010385302,0.029099772,0.004739492,0.02531611,0.00014676915,0.0028179043,0.9125019
20170128-102843-0.jpg,8,8,0.028952135,0.102275744,0.00015864141,0.05406973,0.008895168,0.002739962,0.00049079035,0.015154794,0.787263
20170128-103131-0.jpg,8,8,0.00024087944,0.0015872655,4.1428353e-05,0.0018437887,0.00014014055,0.0010585812,0.0024325666,0.00045622914,0.992199
20170128-103209-0.jpg,8,8,0.014463483,0.0027797918,0.007133342,0.04904939,0.047871552,0.01352814,0.0039672595,0.004972477,0.85623455
20170128-103224-0.jpg,8,8,0.038348593,0.008184895,3.4963316e-05,0.20028599,0.0038401925,0.003976095,9.5208336e-05,0.0060186293,0.7392155
20170128-103357-0.jpg,8,1,0.009386636,0.44024307,0.00024463184,0.16769472,0.0028259272,0.0015760884,0.014104046,0.03367729,0.33024752
20170128-103425-0.jpg,8,8,0.009530829,0.004479631,9.559098e-05,0.0029844702,0.0006378295,0.0013397088,0.000290629,0.006199443,0.97444195
20170128-103446-0.jpg,8,8,0.012336573,0.22795828,0.04015085,0.05379708,0.025222355,0.009718971,0.048708625,0.05747973,0.52462757
20170128-103606-0.jpg,8,1,0.028490163,0.3876139,0.00046352873,0.09648395,0.012654679,0.0035235723,0.003612943,0.10094703,0.36621022
20170128-103700-0.jpg,8,8,0.008360736,0.1395841,0.0020863293,0.08042172,0.0033720625,0.1346498,0.008314784,0.036461066,0.58674943
20170129-102138-0.jpg,8,8,0.028107109,0.0071020517,2.8019651e-05,0.0073635443,0.0002528989,0.00048177128,0.0008926057,0.002964281,0.95280766
20170129-102150-0.jpg,8,1,0.036872655,0.50959677,9.0513706e-05,0.035600614,0.0006309256,0.0008837059,0.017485477,0.05935785,0.33948144
20170129-102239-0.jpg,8,1,0.23302847,0.33667377,0.00085417693,0.021465378,0.0020392593,0.004945361,0.004489829,0.25295824,0.14354555
20170129-102922-0.jpg,8,8,0.011069295,0.020249978,0.0008908431,0.012810689,0.0022420988,0.00084692985,0.078641675,0.008003974,0.8652445
20170129-102930-0.jpg,8,8,0.006949403,0.020336755,1.0474033e-05,0.000371361,1.8153582e-05,0.0010631126,0.0037859897,0.002031907,0.96543294
20170129-103106-0.jpg,8,8,0.008213857,0.017463991,3.705797e-05,0.0024975778,0.0003478641,0.25020587,0.0094604045,0.0017566783,0.7100167
20170129-103137-0.jpg,8,8,0.020573664,0.26117495,0.00019363957,0.013128786,0.0016522254,0.0046805125,0.0024878173,0.08149995,0.61460847
20170129-103231-0.jpg,8,8,0.021818317,0.08988507,0.00017719761,0.0065414356,0.0016163241,0.0022119854,0.0069450433,0.039713804,0.8310909
20170129-103353-0.jpg,8,8,0.004659303,0.042595588,0.000603918,0.028240027,0.002291139,0.10601198,0.06276042,0.016046545,0.7367911
20170129-103735-0.jpg,8,8,0.01550964,0.27091575,0.0010179078,0.0042868354,0.0010448799,0.0070031644,0.05421678,0.022623796,0.6233812
20170129-103811-0.jpg,8,8,0.027559958,0.058594145,0.0003392942,0.0028436773,0.00038898864,0.010405038,0.05060039,0.009242482,0.8400261
20170129-103831-0.jpg,8,8,0.01243109,0.38900012,0.0001014683,0.011112977,0.0015773488,0.020747133,0.15335119,0.014144134,0.39753452
20170129-104113-0.jpg,8,8,0.0735665,0.29019132,0.00010657111,0.084616005,0.00085280556,0.003251573,0.017539486,0.2253547,0.30452105
20170130-102233-0.jpg,1,7,0.049054373,0.28843674,0.0014496577,0.0028797418,0.0026032198,0.01720063,0.014225438,0.51828414,0.10586607
20170130-102315-0.jpg,1,1,0.18700607,0.6162402,4.3535536e-05,0.00032805407,3.758596e-05,0.0010815656,0.004567825,0.1478766,0.042818576
20170130-102324-0.jpg,1,1,0.09251092,0.44860047,0.0052313353,0.01229293,0.026344072,0.0024779267,0.04972091,0.2040501,0.15877137
20170130-102331-0.jpg,1,7,0.0270713,0.21884316,3.1938096e-05,0.0010002552,0.0001798214,0.0031239663,0.00038608225,0.7013157,0.048047807
20170130-102350-0.jpg,1,8,0.09449488,0.046720233,2.9235654e-05,0.025006564,0.001343258,0.00021621826,7.141153e-05,0.05903589,0.77308226
20170130-102402-0.jpg,1,1,0.035091475,0.37199363,0.0009302359,0.06734675,0.015782183,0.00038685164,0.0035183812,0.16582167,0.33912876
20170130-102444-0.jpg,1,1,0.062291708,0.6259321,0.0005333107,0.0017562711,0.00030513422,0.004183176,0.07005938,0.1284264,0.10651255
20170130-102448-0.jpg,1,1,0.12626664,0.42117944,0.015175554,0.05578939,0.019933347,0.00975901,0.024716346,0.091334894,0.23584537
20170130-102525-0.jpg,1,1,0.110760555,0.437907,0.002715067,0.0029207943,0.0037564486,0.00090799277,0.05414552,0.3026832,0.08420335
20170130-102647-0.jpg,1,1,0.09728401,0.4158397,0.0024320954,0.017679207,0.009941474,0.017963031,0.016750783,0.15231849,0.26979116
20170130-102736-0.jpg,1,8,0.0022769151,0.00482467,1.8586563e-05,0.019316144,0.0006103626,0.0041338825,0.00045178493,0.0014337773,0.9669339
20170130-102953-0.jpg,1,8,0.046090867,0.07898297,0.2213182,0.054537173,0.08442559,0.004844324,0.07272187,0.061282452,0.37579656
20170207-141501-0.jpg,7,1,0.01934216,0.6350357,2.4146279e-05,3.6227055e-05,1.5589088e-05,0.0028367876,0.0020930232,0.3340255,0.0065908814
20170207-141520-0.jpg,7,7,0.018661499,0.2912146,0.00041925814,0.00083209557,0.00035345685,0.083600864,0.06178986,0.49505663,0.048071768
20170207-141804-0.jpg,7,7,0.081967935,0.0036246649,7.7931245e-06,0.00015449875,3.020901e-05,0.012238455,4.331721e-05,0.86544377,0.036489278
20170207-141902-0.jpg,7,7,0.026162589,0.020563506,0.00010351222,0.0017696952,0.00024534276,0.06741884,0.0010672633,0.7898081,0.09286115
20170207-142023-0.jpg,7,7,0.094901435,0.0828805,0.002746317,0.07175567,0.0061978637,0.010367537,0.00183915,0.6016383,0.1276732
20170207-142123-0.jpg,7,7,0.064030424,0.026744954,1.5049934e-05,0.000100335325,3.366564e-05,0.0033553254,7.880918e-05,0.87684464,0.028796757
20170207-142740-0.jpg,7,7,0.055221383,0.029686019,0.000100307705,0.0008390244,0.00018352456,0.014951514,0.0002774743,0.8618876,0.03685309
20170207-142827-0.jpg,7,7,0.010034353,0.009293614,0.0002796207,0.0002644741,0.00017103502,0.034507696,0.0002454594,0.8737931,0.07141065
20170207-142840-0.jpg,7,7,0.0033065004,0.0012782981,1.083955e-06,1.9958357e-05,1.833398e-06,0.0008574275,1.6364556e-05,0.9914466,0.0030719307
20170207-153439-0.jpg,0,0,0.6757464,0.050752368,8.529709e-06,2.7611257e-05,9.957699e-06,9.2242e-05,0.00054832554,0.26817006,0.0046444824
20170207-153455-0.jpg,0,7,0.4201446,0.08721359,3.15162e-05,0.00041426826,0.00015117176,0.0020674556,0.0014983757,0.43318874,0.05529035
20170207-154046-0.jpg,0,8,0.2698691,0.017991731,0.00071009394,0.013642515,0.0022020603,0.09354017,0.0034149243,0.26329395,0.33533543
20170207-154209-0.jpg,0,0,0.80297196,0.0028310607,1.6782847e-07,1.3476782e-05,4.566902e-06,0.00022562682,0.00032122855,0.001759141,0.1918727
20170207-155423-0.jpg,0,1,0.14107962,0.56230396,1.7448492e-05,0.0022367814,9.073649e-05,0.0012740754,0.011674059,0.25678173,0.024541544
20170210-130536-0.jpg,7,7,0.0073402994,0.004164623,3.7625865e-05,0.00018870273,5.016823e-05,0.00919412,0.0012000034,0.96645653,0.011367904
20170210-130854-0.jpg,7,7,0.0061674984,0.00394824,4.893354e-06,6.431453e-05,6.488876e-06,0.0012054085,2.9494551e-05,0.9834819,0.005091691
20170210-131016-0.jpg,7,7,0.055991177,0.006797239,0.0038600017,0.007094053,0.010730078,0.0023669144,0.04911956,0.5337008,0.33034024
20170210-131113-0.jpg,7,7,0.007796649,0.00025614203,2.8852014e-06,1.5680487e-05,1.6141399e-06,0.00019945527,0.00013270554,0.9907918,0.00080310786
20170210-131130-0.jpg,7,7,0.018021062,0.007204722,2.056181e-05,2.8372238e-05,1.8936322e-05,0.00036600724,0.004613679,0.96370316,0.00602352
20170210-131312-0.jpg,7,7,0.003606572,0.0026287073,1.9825204e-06,4.614035e-05,2.965135e-06,0.0013128379,2.407657e-05,0.9848215,0.007555181
20170210-131343-0.jpg,7,7,0.24575382,0.00039608852,2.4213341e-05,6.112888e-05,5.5222812e-05,0.0007268423,0.0002895053,0.74585336,0.00683977
20170210-131431-0.jpg,7,7,0.014152572,0.004471036,0.0005404611,0.0014818277,0.00062957074,0.11634372,0.0072376993,0.75748515,0.09765804
20170210-131528-0.jpg,7,7,0.0021489607,0.0003118439,2.2054032e-06,2.1020517e-06,1.4694039e-06,7.562415e-05,0.00018472405,0.9969309,0.0003422294
20170210-131552-0.jpg,7,7,0.0027427888,0.0007595027,2.6649675e-05,5.778297e-05,1.2606208e-05,0.0016550908,0.0054893694,0.92680126,0.062454883
20170210-131638-0.jpg,7,7,0.006484559,0.0007208711,1.4214118e-05,4.806639e-05,1.0849105e-05,0.0011394547,0.0006358014,0.9853991,0.005547095
20170210-131711-0.jpg,0,0,0.67545307,0.027056746,9.981196e-05,0.00013047713,0.00015717666,0.002034286,0.0012707113,0.25921312,0.034584586
20170210-131908-0.jpg,7,7,0.007808817,0.033448644,0.00039754497,0.0008249918,0.00023706639,0.01714377,0.011055177,0.8981429,0.03094107
20170210-132033-0.jpg,0,8,0.009256513,0.0035930334,0.004669038,0.0005052581,0.0015084478,0.0004195267,0.018341912,0.012884241,0.94882196
20170210-132249-0.jpg,0,8,0.06344021,0.011309231,0.031782266,0.021078367,0.0061965575,0.017883588,0.023027027,0.07800272,0.74728
20170210-132455-0.jpg,0,7,0.19333634,0.0071964273,4.0043105e-05,0.0031906401,0.00020644767,0.048107915,0.00011685722,0.5021593,0.24564606
20170210-132545-0.jpg,0,7,0.30498222,0.03299029,0.0017853403,0.005740894,0.0042175218,0.0030257653,0.106820196,0.32387602,0.21656169
20170210-132736-0.jpg,0,0,0.4612505,0.015601611,9.26005e-05,0.0032176068,0.0003341633,0.0032466678,0.0010572844,0.37166253,0.143537
20170210-133205-0.jpg,0,6,0.042683337,0.10235912,0.00019427287,0.0067925565,0.00030680958,0.019460078,0.42231146,0.2295152,0.17637718
20170210-133707-0.jpg,0,1,0.09974438,0.44406134,7.771104e-05,0.0036617105,0.00016646416,0.00022585817,0.0014699303,0.20094827,0.24964426
20170210-133731-0.jpg,0,0,0.3762763,0.28239083,5.6683104e-05,0.002055261,0.00013378578,0.0007233108,0.04367485,0.07597557,0.21871336
20170210-133739-0.jpg,0,7,0.39083415,0.013789501,3.073913e-05,0.0013042421,0.0002474692,0.008998657,0.0032902567,0.5252438,0.056261163
20170210-133923-0.jpg,0,7,0.20330988,0.019395499,0.0028322404,0.0016772327,0.001316991,0.036925558,0.12176089,0.3717746,0.24100706
20170210-141430-0.jpg,7,1,0.019933129,0.5398673,0.00042167478,0.037636057,0.002468418,0.0011762055,0.009743203,0.025450332,0.36330372
20170210-141621-0.jpg,7,7,0.022518842,0.09854994,0.000107740714,0.0004920202,0.00032479418,0.030750694,0.0016719315,0.8117424,0.033841565
20170210-141858-0.jpg,7,7,0.25277314,0.0035166638,4.1605344e-05,0.000670817,0.00022643669,0.03372818,0.0010881728,0.58479553,0.12315947
20170210-142258-0.jpg,7,7,0.09727409,0.0039659305,4.396942e-06,8.070146e-05,1.5954867e-05,0.008366552,6.7211586e-05,0.78961736,0.10060783
20170210-142318-0.jpg,7,7,0.040071283,0.0023431599,6.5211384e-06,4.030196e-05,1.3650024e-05,0.009860195,4.9380687e-05,0.92336076,0.024254685
20170210-142409-0.jpg,7,7,0.010065374,0.00071685016,1.2972712e-06,1.7029021e-06,1.3574053e-06,0.0010972887,9.869745e-06,0.98586696,0.0022393963
20170210-142444-0.jpg,7,7,0.00575111,0.0003075708,7.987701e-07,1.8324984e-06,2.0150892e-06,0.00025466533,1.22104775e-05,0.99319214,0.00047767442
20170210-142523-0.jpg,7,7,0.0067147543,0.0013627587,2.7194043e-05,0.0001632827,6.728029e-05,0.0065824115,9.079605e-05,0.97990143,0.0050900867
20170210-142607-0.jpg,7,7,0.011698206,0.004762918,4.457176e-05,3.7892984e-05,5.5977103e-05,0.0007158369,0.0001492959,0.98028195,0.0022533296
20170210-142627-0.jpg,7,7,0.020008963,0.063095465,0.002359231,0.0037482185,0.00045896834,0.067837045,0.04999122,0.4619591,0.33054185
20170210-142721-0.jpg,7,7,0.034841415,0.0054902695,6.0751195e-06,0.00015830615,1.9746805e-05,0.0015379695,3.1534728e-05,0.9479616,0.009953068
20170210-145509-0.jpg,0,0,0.6668668,0.008819775,0.00026009354,0.00034579783,6.271985e-05,0.0014108942,0.0023517648,0.01283404,0.30704808
20170210-145705-0.jpg,0,0,0.7355953,0.06375649,3.4136785e-05,0.00051541894,0.00018157845,0.008874657,0.0038851115,0.12589467,0.061262686
20170210-145719-0.jpg,0,0,0.7577376,0.053895995,0.00018608573,0.0001615565,7.452432e-05,0.0005643158,0.003402111,0.038622074,0.14535587
20170210-145824-0.jpg,0,8,0.10988588,0.29613024,0.0014986502,0.011595597,0.0006383675,0.0075104465,0.019793196,0.21276289,0.34018472
20170210-150120-0.jpg,0,0,0.77277094,0.19107936,3.05182e-05,3.012548e-05,8.4030125e-06,0.0005233424,0.0013272194,0.0034519495,0.030778019
20170210-150605-0.jpg,0,0,0.8146453,0.0032410175,0.0001140147,0.0001798432,0.00014784346,0.0102941925,0.00030452726,0.14445525,0.026618106
20170210-150618-0.jpg,0,0,0.96455395,0.00038613513,2.9099795e-06,1.2587264e-05,1.3336006e-05,0.0007705275,1.1262885e-05,0.030038357,0.0042109555
20170217-095208-0.jpg,7,7,0.008227866,0.018710542,0.00024416042,0.00045735828,0.0001977377,0.0014444322,0.13069133,0.683216,0.15681054
20170217-095216-0.jpg,7,8,0.033140983,0.037456185,0.0018177344,0.004937977,0.0020677815,0.012259054,0.011533698,0.21268904,0.6840975
20170217-095330-0.jpg,7,7,0.06494454,0.03679751,0.0020686483,0.0032690233,0.00090047787,0.010123557,0.014681565,0.7662527,0.10096201
20170217-095357-0.jpg,7,7,0.03264405,0.011317897,0.00017811479,9.182511e-05,6.196795e-05,0.003092368,0.10723183,0.81737965,0.028002301
20170217-095626-0.jpg,7,7,0.0020597386,0.0021900078,3.538365e-06,8.820569e-06,3.7924676e-06,3.9274248e-05,0.00033071332,0.99486023,0.00050387083
20170217-095739-0.jpg,7,7,0.04344109,0.0043638158,4.138275e-05,0.000107697466,7.478042e-05,0.016816512,0.0015806425,0.7949874,0.13858676
20170217-095850-0.jpg,7,7,0.1508468,0.047555268,0.006618495,0.010269835,0.017114855,0.05464101,0.012290561,0.40932697,0.29133624
20170217-100939-0.jpg,7,7,0.11662319,0.0037632913,2.7100823e-05,0.00051620655,0.00022803269,0.0019705885,1.5564594e-05,0.8417994,0.03505667
20170217-101020-0.jpg,7,8,0.09670889,0.042304773,0.0011772473,0.022179315,0.011608635,0.14641017,0.000970417,0.18700033,0.4916402
20170217-102010-0.jpg,0,0,0.6528432,0.0013172189,3.3426586e-05,0.00014953793,7.16056e-05,0.0020633303,0.0006059903,0.0051128655,0.33780283
20170217-102437-0.jpg,0,0,0.66625047,0.001211377,8.670905e-06,0.00013140654,1.5162357e-05,0.008759806,0.0012860912,0.23788345,0.084453546
20170217-102857-0.jpg,0,0,0.4931811,0.0032936484,2.0333846e-05,0.008821215,0.00033953035,0.005037823,7.141382e-05,0.084047794,0.4051871
20170217-102914-0.jpg,0,0,0.83524734,0.005974377,5.7564357e-05,0.0008262567,0.00010663646,0.008945091,0.0005322698,0.10321955,0.045090925
20170217-102923-0.jpg,0,8,0.43165964,0.0067977123,0.00014891563,0.0009967871,0.00029555507,0.022789573,0.0004775723,0.024221445,0.51261276
20170217-103649-0.jpg,0,8,0.023154166,0.030809306,0.00047447233,0.033659656,0.009682815,0.0018855567,0.0018884982,0.09080288,0.8076426
20170217-103810-0.jpg,0,7,0.37416244,0.0008977382,2.5756675e-05,0.0008091846,0.000108925655,0.009278291,0.00041290306,0.44860896,0.1656958
20170217-103940-0.jpg,0,0,0.7411239,0.011374204,0.0002065972,0.00026138945,0.00035399012,0.02422432,0.03223056,0.034358475,0.15586655
20170217-104234-0.jpg,0,0,0.69464767,0.004749668,8.963007e-05,0.00037345508,0.0001934714,0.066196054,0.0036626486,0.07681706,0.1532704
20170217-111024-0.jpg,0,0,0.8184953,0.00094796316,1.0809119e-05,0.00031407215,2.0134614e-05,0.01579877,0.00027382484,0.08879445,0.07534476
20170217-112348-0.jpg,0,0,0.9320423,0.0022672114,7.4535246e-06,3.021904e-05,1.610396e-05,0.0006164143,0.00015216906,0.0042164326,0.060651723
20170217-113008-0.jpg,0,0,0.9233188,0.0020027424,5.6030394e-06,9.6954915e-05,7.621031e-05,0.0037044198,3.355648e-05,0.0626631,0.008098554
20170217-113200-0.jpg,7,7,0.014219699,0.0001598962,1.7242804e-05,4.8759444e-05,1.9555304e-05,0.0038491203,0.008968133,0.804508,0.16820961
20170217-113245-0.jpg,0,7,0.2112159,0.022237714,0.00078393664,0.0036912905,0.00042366746,0.008417486,0.06592664,0.37451926,0.3127842
20170217-113546-0.jpg,0,7,0.19327314,0.0010915701,5.335163e-06,3.6956637e-05,4.4577682e-06,0.0027143115,2.7697777e-05,0.79744697,0.005399502
20170217-113636-0.jpg,0,8,0.004716084,0.0020479688,9.260253e-06,0.00052897906,2.9717768e-05,0.0012512179,0.0020071205,0.00019843622,0.9892112
20170217-113716-0.jpg,7,7,0.13613358,0.002677288,7.436138e-05,0.00013402253,5.649023e-05,0.009369728,0.00019006435,0.84462255,0.0067419377
20170217-114451-0.jpg,7,8,0.0029356256,0.00042897312,1.7335335e-06,0.00038820202,1.0756443e-05,0.014264584,3.49721e-05,0.009268674,0.97266644
20170217-114455-0.jpg,0,8,0.06638169,0.0029809773,0.00014134134,0.002630687,0.0003470747,0.042176932,0.034780797,0.19966163,0.6508989
20170217-114509-0.jpg,7,7,0.009537421,0.0028462224,9.9319324e-05,0.0030024739,0.00011448037,0.038905457,0.0015059668,0.49306944,0.45091915
20170217-114526-0.jpg,7,7,0.046140295,0.0024440638,0.00011063325,0.00039237484,8.46128e-05,0.0125893215,0.0011524798,0.80440676,0.1326794
20170217-114724-0.jpg,7,7,0.044632733,0.0010393334,7.3116935e-05,0.00021111453,2.6195232e-05,0.0021071206,0.027248321,0.7778056,0.14685649
20170217-115125-0.jpg,7,7,0.064499386,0.0005919756,1.8782639e-05,7.5547636e-05,1.1782674e-05,0.00046005182,0.001186017,0.88747585,0.045680672
20170217-115315-0.jpg,0,7,0.2428912,0.065418646,0.00027576814,0.00046334276,8.159033e-05,0.00065553386,0.020625835,0.6403116,0.029276505
20170217-115332-0.jpg,0,0,0.71620655,0.039976727,1.3879053e-05,5.3501302e-05,9.6572585e-06,0.001563801,0.0018596313,0.22975683,0.010559344
20170217-120123-0.jpg,0,0,0.7942815,0.016206972,5.0075096e-06,0.00068956957,5.4099615e-05,0.0007938396,0.00044155287,0.025324687,0.16220282
20170217-120307-0.jpg,0,8,0.058315285,0.23349202,0.0001095057,0.003337322,0.00022580524,0.005497829,0.02013498,0.048702285,0.630185
20170217-120325-0.jpg,7,8,0.016114295,0.04502824,0.00037075952,0.0025271876,0.0004505377,0.0015146035,0.19911022,0.28574258,0.44914156
20170217-120401-0.jpg,7,8,0.014803444,0.003373635,5.0282284e-05,0.005495016,0.000363855,0.025928093,0.0013396441,0.020078449,0.9285677
20170217-120434-0.jpg,7,8,0.012442502,0.0016358544,6.488042e-06,0.0022279168,5.8615107e-05,0.0018436201,0.0017899518,0.012588307,0.9674068
20170217-120606-0.jpg,7,7,0.036435608,0.0017728016,2.0482388e-05,0.00022080679,5.5825505e-05,0.0017512616,0.00019705019,0.9298234,0.029722787
20170217-121035-0.jpg,0,0,0.94327396,0.0055358447,1.8010442e-05,0.0001753545,4.433914e-05,0.0036591708,0.00046933853,0.03769494,0.0091291685
20170217-121807-0.jpg,0,0,0.7372175,0.13473946,0.00010120434,0.0011546012,0.00017799373,0.001956147,0.010118168,0.074266545,0.040268436
20170217-122257-0.jpg,0,0,0.86582744,0.025745528,8.731788e-06,4.081953e-05,4.3297045e-05,0.0043265964,0.005782179,0.019236121,0.07898933
20170217-143546-0.jpg,7,8,0.07008122,0.02259671,0.00034198308,0.005750783,0.000662216,0.013214523,0.00049504003,0.28960192,0.5972556
20170217-143757-0.jpg,7,7,0.034832776,0.0040081535,6.6147013e-06,7.780302e-05,3.248919e-05,0.014909723,0.00026906977,0.93833166,0.0075316965
20170217-143939-0.jpg,7,7,0.13517585,0.007605278,6.6725755e-05,0.00027488638,9.817203e-05,0.025702054,0.0010198288,0.7921803,0.03787689
20170217-144043-0.jpg,7,7,0.030777581,0.02819221,0.0015376831,0.00096531044,0.00081069313,0.008835264,0.008204469,0.89969105,0.020985689
20170217-144154-0.jpg,7,7,0.013005201,0.003469289,0.00026441747,0.0014034342,0.00021205083,0.00807059,0.0019071103,0.8421393,0.12952846
20170217-144329-0.jpg,7,7,0.006432996,0.0008176641,4.959504e-05,0.00015540521,2.5374406e-05,0.0005295998,0.0021713835,0.9465944,0.043223668
20170217-144455-0.jpg,7,8,0.08195532,0.025507005,0.00031903083,0.0028630744,0.0008714011,0.02489623,0.004466514,0.23849119,0.6206303
20170217-144656-0.jpg,7,7,0.031204328,0.0068810913,3.3476645e-05,0.00033470278,8.655938e-05,0.00050380384,0.0007919793,0.94735736,0.012806649
20170217-144722-0.jpg,7,7,0.023118626,0.049675655,0.00054096425,0.01111575,0.0009409465,0.017550932,0.06545146,0.64799094,0.18361475
20170217-144838-0.jpg,7,7,0.052055076,0.040042955,0.002952737,0.04132762,0.008392783,0.007607043,0.0039561233,0.44719738,0.3964683
20170217-145008-0.jpg,7,7,0.005187356,0.0006556444,1.1258447e-06,8.6966065e-06,1.6364472e-06,0.00027462997,5.316537e-05,0.993046,0.00077189977
20170217-145329-0.jpg,7,8,0.010650478,0.0011998398,5.382621e-05,0.0008304253,7.333312e-05,0.004332931,0.0040159714,0.26008466,0.7187586
20170217-145531-0.jpg,0,8,0.026191048,0.0005994907,3.0304795e-05,0.00033815647,3.7330814e-05,0.011337279,0.006129793,0.031985328,0.9233512
20170217-145646-0.jpg,0,7,0.13136956,0.003322299,5.6074117e-05,0.00019055983,4.223765e-05,0.0074276435,0.002073195,0.43699694,0.41852146
20170217-150100-0.jpg,0,8,0.29283276,0.013005867,0.0003027696,0.00013886782,0.00018662594,0.0011904798,0.0012574572,0.0018894958,0.6891957
20170217-150219-0.jpg,0,0,0.9416561,0.0004406054,1.1802533e-06,5.7976436e-06,3.110642e-06,0.0006083115,0.00042666626,0.014650543,0.042207673
20170217-150454-0.jpg,0,8,0.05718252,0.025769198,3.7412447e-05,0.00024161895,5.950007e-05,0.032539487,0.026493337,0.058789864,0.79888695
20170217-152211-0.jpg,0,0,0.9175269,0.00085881836,3.8427193e-06,1.7656545e-05,7.0330666e-06,0.00045677528,0.00017532302,0.057515822,0.023437936
20170217-152541-0.jpg,0,7,0.09172579,0.0013887209,0.0004655265,0.006030264,0.0026549476,0.0045599155,0.0035296313,0.46271372,0.42693144
20170304-124121-0.jpg,0,7,0.15796028,0.005994241,0.00013222086,0.004705331,0.0009933418,0.0018301411,0.00010305859,0.5697791,0.25850222
20170304-124139-0.jpg,0,8,0.09991379,0.07173496,0.00081470405,0.17315376,0.0051845433,0.04897983,0.00433558,0.08537992,0.5105029
20170304-124630-0.jpg,0,8,0.13471499,0.18833062,0.002077911,0.0040990002,0.003898267,0.00254233,0.043213017,0.08332714,0.53779674
20170304-124720-0.jpg,0,8,0.08050435,0.011657822,0.038001373,0.023700975,0.07982417,0.04252285,0.046380907,0.10537418,0.57203335
20170304-124728-0.jpg,0,8,0.13972647,0.007775185,0.00030103477,0.0038717107,0.0052956003,0.035073064,0.00024870815,0.08590587,0.7218024
20170304-124944-0.jpg,0,0,0.4232016,0.0225006,0.00034708896,0.00055250555,0.0010769324,0.06928114,0.0021419309,0.32472116,0.15617707
20170304-125032-0.jpg,0,7,0.16274917,0.0016021202,5.9716804e-06,2.3109187e-05,2.5829377e-05,0.0053393827,1.7714949e-05,0.791389,0.038847633
20170304-125101-0.jpg,0,8,0.15541717,0.0019319862,8.193673e-05,0.002847038,0.0038259567,0.009890679,4.5290293e-05,0.09198085,0.733979
20170304-125110-0.jpg,0,7,0.122953594,0.004304749,4.319216e-05,0.00047102632,0.00018822537,0.004562724,0.0009981423,0.7794404,0.087037936
20170304-125226-0.jpg,0,0,0.6443656,0.0045555,0.000117758056,9.5043964e-05,6.896979e-05,0.005318993,0.002713293,0.32751653,0.015248235
20170304-125249-0.jpg,0,0,0.6816427,0.0030625605,3.6654677e-05,5.5973265e-05,5.2199946e-05,0.028814467,0.004177836,0.11274549,0.16941221
20170304-125325-0.jpg,0,0,0.45531842,0.0063425056,0.00013797605,0.000704618,0.0004964452,0.12669174,0.0002998284,0.2755602,0.1344484
20170304-125343-0.jpg,0,8,0.34647915,0.049415495,4.8437494e-05,0.0058505614,0.00041659715,0.0030454625,0.0010652383,0.06898395,0.52469516
20170304-125436-0.jpg,0,8,0.1430626,0.008650366,4.5430235e-05,0.00018914271,0.0001518783,0.0017059444,0.037237637,0.021744562,0.7872125
20170304-130214-0.jpg,7,7,0.037678175,0.0016531072,9.4613984e-05,9.807804e-05,5.8412796e-05,0.0011456074,0.0006757911,0.88739926,0.07119703
20170304-130844-0.jpg,7,7,0.12716967,0.017454863,3.2159816e-05,0.0015889446,0.00050033606,0.00072306383,0.00043614602,0.76810884,0.08398603
20170304-130929-0.jpg,7,7,0.09522542,0.021070322,0.0029789319,0.0036708976,0.0031598492,0.0061151,0.012074723,0.7356156,0.12008913
20170304-131410-0.jpg,7,7,0.02083547,0.3401472,0.00021312459,0.0010681951,0.0004747484,0.007633126,0.0006149064,0.51792246,0.11109079
20170304-131712-0.jpg,7,7,0.16274567,0.010467383,4.4147e-05,0.000385361,0.00011679371,0.00051261677,0.00015548016,0.81223786,0.01333466
20170304-131755-0.jpg,7,7,0.0817514,0.0014298566,1.8609236e-06,9.801735e-06,4.6794985e-06,0.00010816303,2.1890295e-05,0.9157757,0.0008966833
20170304-131822-0.jpg,7,7,0.2643191,0.0063511557,7.830429e-05,0.0009670963,0.0012434021,0.013616632,4.2695243e-05,0.6980268,0.015354898
20170304-131904-0.jpg,7,7,0.15120283,0.0005438494,1.19306815e-05,0.00014793916,2.3080835e-05,0.0016720132,0.00014560294,0.7981017,0.048151046
20170304-132038-0.jpg,7,7,0.017206024,0.006880061,3.5105473e-05,0.00048412598,7.216067e-05,0.00042600688,0.018559102,0.8721498,0.0841877
20170304-132151-0.jpg,7,7,0.08396578,0.0039503193,2.5370162e-05,0.00021113119,8.590747e-05,0.0024099527,5.890386e-05,0.880141,0.02915163
20170304-132230-0.jpg,7,7,0.00869638,0.008706978,2.7235199e-05,0.00016430192,2.7560813e-05,0.0004951186,0.030640598,0.9099785,0.041263267
20170304-132357-0.jpg,7,7,0.12719361,0.031013388,0.0014153467,0.002501956,0.0016915137,0.119294465,0.0010421651,0.37836173,0.33748585
20170304-132439-0.jpg,7,7,0.11526326,0.006154807,2.6456184e-05,0.0022988317,0.0003785415,0.0037841406,0.0002505759,0.487749,0.38409436
20170304-132619-0.jpg,7,0,0.7139013,0.027529398,1.1378854e-05,0.0015876541,0.00011321186,0.0017011209,2.570152e-05,0.17210259,0.08302769
20170304-132652-0.jpg,7,8,0.1042409,0.01374298,0.00036595363,0.1449095,0.012748814,0.00674473,0.00035964567,0.14256704,0.57432044
20170315-085127-0.jpg,8,8,0.012350147,0.034941997,8.8834306e-05,0.019643335,0.001952354,0.041644834,0.0028110398,0.16081245,0.725755
20170315-085317-0.jpg,8,8,0.003100951,0.024476117,0.002645448,0.0034966604,0.0018648356,0.000641511,0.12898879,0.015092821,0.81969285
20170315-085401-0.jpg,8,8,0.0052249935,0.03052011,0.001409347,0.015418298,0.0076016975,0.0023432034,0.10573018,0.029581469,0.8021707
20170315-085835-0.jpg,8,8,0.032755032,0.010873115,0.0004867465,0.01686319,0.004271071,0.04828637,0.0011407468,0.0077060685,0.8776176
20170315-085848-0.jpg,8,8,0.07470788,0.005915138,0.0007079155,0.0010663177,0.0044045653,0.010279615,0.00508044,0.005047668,0.89279044
20170315-085923-0.jpg,8,8,0.016204156,0.0028589747,0.0016993043,0.083341755,0.008577125,0.0031673927,0.002358949,0.007273906,0.8745185
20170315-090155-0.jpg,8,8,0.08711184,0.002398886,0.0006914407,0.015175928,0.0069510485,0.045635875,0.0010880588,0.011573878,0.82937294
20170315-090434-0.jpg,8,8,0.0130556235,0.0026683426,0.00036540173,0.0040974813,0.0012379194,0.018687394,0.0049875597,0.05857405,0.8963261
20170315-090543-0.jpg,8,8,0.25886673,0.0075761164,0.0007596334,0.017329454,0.0062736613,0.025042996,0.0001760549,0.017360266,0.666615
20170315-090552-0.jpg,8,8,0.044103898,0.0010733845,8.246066e-06,0.0010494329,0.00030979037,0.006434116,6.326407e-05,0.0005055754,0.94645226
20170315-090713-0.jpg,8,8,0.007049009,0.0010763103,0.00052528514,0.025825698,0.0028570276,0.012888758,0.0050945505,0.0023651936,0.9423181
20170404-153649-0.jpg,7,7,0.044255923,0.01616834,0.00013655567,0.0007571887,0.00022342618,0.053201985,0.0045086807,0.8183193,0.0624285
20170404-153716-0.jpg,7,7,0.0021409225,0.0044792052,4.0587097e-06,3.4516375e-05,4.4113426e-06,0.00078022864,0.00012395425,0.985023,0.0074096126
20170404-153744-0.jpg,7,7,0.04778561,0.009774751,2.3652945e-05,0.00035965917,7.034808e-05,0.004798218,0.000249183,0.91691184,0.020026816
20170404-153837-0.jpg,7,7,0.0048022787,0.0019900934,0.00023229288,0.00027779504,3.246002e-05,0.0033318829,0.020147856,0.7904432,0.17874216
20170404-153902-0.jpg,7,7,0.0054474194,0.0010824786,2.989419e-05,0.00030458622,2.8329527e-05,0.0005331277,0.0029782602,0.9641924,0.025403474
20170404-153924-0.jpg,7,7,0.031324234,0.0054235584,0.00011311845,0.00059145497,7.5835145e-05,0.0014070726,0.0041976473,0.9317054,0.025161566
20170404-153946-0.jpg,7,7,0.090140246,0.0011966261,2.9155182e-05,0.00015618202,2.7944754e-05,0.0011050915,0.0020258804,0.74501157,0.1603073
20170404-153959-0.jpg,7,7,0.1517932,0.0028845456,3.7901016e-05,0.0004605951,8.132313e-05,0.003480913,0.0007115827,0.7865274,0.054022558
20170405-154714-0.jpg,0,7,0.13055043,0.0115084415,1.61626e-05,0.00041393223,7.523016e-05,0.011605099,0.0021502282,0.7678524,0.07582812
20170405-154756-0.jpg,0,7,0.14826584,0.030551776,6.260435e-05,0.009052028,0.00033070942,0.07174599,0.00069303805,0.37858248,0.3607155
20170405-154952-0.jpg,0,8,0.023229843,0.15633382,9.7055134e-05,0.019775745,0.0013900923,0.013475222,0.002793557,0.152816,0.6300886
20170405-155206-0.jpg,0,5,0.06476616,0.014458035,0.00022553859,0.0022843396,0.00031878875,0.41132608,0.0014199216,0.28721675,0.2179844
20170405-155257-0.jpg,0,0,0.5110515,0.120318554,0.00012449351,0.00035971485,0.0001700823,0.0050396537,0.048920542,0.27369738,0.0403181
20170405-155438-0.jpg,0,8,0.031973016,0.0011729578,0.00031036627,0.14207065,0.011667865,0.0047896923,5.6254095e-05,0.015148257,0.79281086
20170405-155840-0.jpg,0,8,0.20293942,0.00860571,4.7636644e-05,0.00054690114,0.00017911123,0.010845789,0.00025027464,0.033507235,0.743078
20170405-155903-0.jpg,0,8,0.1492627,0.009614005,2.4147497e-05,0.00035410895,6.362734e-05,0.058224797,0.00047595793,0.06392804,0.7180527
20170405-155929-0.jpg,0,8,0.05206082,0.0016417396,1.0637387e-05,7.93128e-05,2.2778217e-05,0.015596733,4.048391e-05,0.020373143,0.9101743
20170405-160203-0.jpg,0,8,0.05260163,0.020010905,0.0022263832,0.13215034,0.016282741,0.026554475,0.0021032437,0.10227916,0.6457912
20170405-160241-0.jpg,0,7,0.11388269,0.004751481,0.0016833203,0.0012238709,0.0010332031,0.0008115116,0.023677405,0.8089367,0.04399982
20170405-160251-0.jpg,0,7,0.087756164,0.0042122337,3.067079e-05,0.0002020255,0.0002120519,0.00068357034,0.00020181753,0.8487082,0.057993267
20170405-160310-0.jpg,8,5,0.0940469,0.008085411,3.957822e-05,0.004485963,0.00025996286,0.5036245,0.024270948,0.044504378,0.3206824
20170410-124256-0.jpg,0,0,0.8953244,0.0068477388,9.503336e-06,2.779575e-05,2.2936974e-05,0.0003175657,0.0024677853,0.06581934,0.029162839
20170410-124301-0.jpg,0,8,0.16418211,0.014239457,3.669557e-05,0.00027439868,0.000116150986,0.08116996,0.00043906993,0.3313651,0.40817696
20170410-124336-0.jpg,0,8,0.12377309,0.02461227,0.00067945133,0.0036978123,0.0018552117,0.13835812,0.00094355154,0.069976225,0.6361043
20170410-124543-0.jpg,0,8,0.04920257,0.028490447,0.00014909363,0.019836161,0.0007392036,0.0070935898,0.0033893983,0.44252002,0.44857955
20170410-124556-0.jpg,0,8,0.016479077,0.00044319982,0.00012447241,0.026062364,0.0005857006,0.0005966465,0.00025856865,0.0057173553,0.94973266
20170410-124729-0.jpg,0,8,0.2179571,0.012085123,0.0010485704,0.006817042,0.0014547426,0.055061385,0.0032481416,0.26249167,0.43983626
20170410-124947-0.jpg,0,0,0.80407876,0.00092129584,4.1650555e-06,3.318549e-05,1.0962331e-05,0.00088832347,0.00014546563,0.09802214,0.09589573
20170410-153340-0.jpg,7,7,0.1369479,0.08596915,0.0004260505,0.0012800563,0.0004990178,0.19474211,0.0036485444,0.40798956,0.1684976
20170410-153429-0.jpg,7,7,0.046089567,0.06677459,0.0077851946,0.001474529,0.0024350658,0.018604187,0.19577564,0.5486375,0.11242373
20170410-153813-0.jpg,7,8,0.14144544,0.03853389,0.0011666656,0.0069262474,0.0056492714,0.055871613,0.0013391573,0.26725557,0.48181215
20170410-153913-0.jpg,0,8,0.14037712,0.0022771559,3.076702e-05,0.00053361204,0.001834973,0.0097157955,2.104192e-05,0.34334362,0.5018659
20170410-154041-0.jpg,7,7,0.33375043,0.0083960695,4.4231052e-05,0.00010178105,9.879097e-05,0.008068675,5.8238064e-05,0.63657254,0.012909229
20170410-154213-0.jpg,0,0,0.4718782,0.0022456876,0.0005339098,0.0034099924,0.005937544,0.04764862,0.0003004211,0.050396785,0.4176489
20170410-155859-0.jpg,7,7,0.036814816,0.0007423483,5.624027e-06,8.135074e-06,1.1792442e-05,0.00751795,8.103404e-06,0.9534428,0.0014483375
20170410-155936-0.jpg,7,5,0.0714644,0.065085255,0.00767087,0.041930124,0.0064253258,0.4821252,0.013725918,0.19524376,0.11632909
20170501-142224-0.jpg,1,1,0.009467113,0.87169355,0.00029759406,0.003058081,0.00067614217,0.0005280601,0.064792044,0.020703554,0.028783843
20170501-142343-0.jpg,1,1,0.009095032,0.5472239,0.00016754586,0.00481347,0.0003590913,0.018696317,0.1130902,0.10354107,0.20301336
20170501-142429-0.jpg,1,1,0.020182896,0.776156,3.6737983e-05,0.007858099,0.00032158085,0.0010934577,0.0098360395,0.039556105,0.14495914
20170501-142730-0.jpg,1,1,0.0040496066,0.81633985,0.0001327775,0.0009064147,0.00017687844,0.0050264494,0.13099235,0.01075506,0.03162065
20170501-142803-0.jpg,1,1,0.02372012,0.7209398,7.802424e-05,0.0037829685,0.00032026385,0.011437637,0.023552664,0.11679175,0.09937672
20170501-142811-0.jpg,1,8,0.005744756,0.31818232,6.54328e-05,0.0047216355,0.00013164751,0.060247634,0.022841511,0.011106344,0.5769587
20170501-142839-0.jpg,1,1,0.0058891117,0.9607502,5.8857454e-06,0.00014577637,9.385369e-06,0.003870972,0.007839408,0.0041115917,0.017377712
20170501-143014-0.jpg,1,1,0.02154448,0.72152084,0.00024772235,0.0018604877,0.00032519986,0.01240424,0.018712291,0.03236013,0.19102463
20170501-143127-0.jpg,1,1,0.028785773,0.59375954,0.00024406599,0.00058535044,0.00025376378,0.020761898,0.0025533456,0.31051207,0.042544175
20170501-143256-0.jpg,1,8,0.044071823,0.0877882,0.0016317791,0.0074941246,0.0031964697,0.23871064,0.0025272043,0.07185905,0.5427207
20170501-143703-0.jpg,1,1,0.0036037436,0.93855065,5.6120694e-05,0.00018433093,6.413526e-05,0.00074175576,0.041801807,0.007230692,0.00776679
20170501-143728-0.jpg,1,1,0.011763995,0.8585178,0.00078255194,0.0052653593,0.002211112,0.001141983,0.00862855,0.021057397,0.09063123
20170501-144249-0.jpg,1,1,0.0028658602,0.97198546,2.2818425e-05,0.00047154815,2.1913715e-05,3.5753998e-05,0.0012156893,0.00088149315,0.022499448
20170501-144335-0.jpg,1,1,0.050666142,0.312424,0.002506449,0.0039617317,0.0012371017,0.0047385683,0.11917476,0.25084606,0.25444514
20170501-144442-0.jpg,1,8,0.028297406,0.03702776,0.0027143846,0.01478798,0.0047799004,0.08338283,0.004751665,0.07299274,0.75126535
20170501-144548-0.jpg,8,8,0.0038733406,0.0009795375,0.0007303559,0.0052282494,0.0060265916,0.0005384973,0.0010238724,0.006686778,0.9749128
20170501-144820-0.jpg,8,8,0.023587534,0.13331982,0.0015868454,0.01155421,0.002382921,0.016106403,0.030572474,0.06943282,0.711457
20170501-144927-0.jpg,8,8,0.01665405,0.005113436,0.00030890267,0.13018563,0.006753908,0.00043337606,8.4666855e-05,0.052936517,0.78752947
20170501-145033-0.jpg,8,8,0.0006150612,0.0006364949,3.8972565e-05,0.008160559,0.00013889134,0.001635497,0.0009294023,0.0015594431,0.98628575
20170501-145358-0.jpg,8,8,0.024652662,0.13075203,0.00041971938,0.008975921,0.0014007441,0.002715811,0.004531193,0.26346526,0.5630866
20170501-145436-0.jpg,8,8,0.0075797983,0.0001520253,6.8477966e-05,0.041924514,0.0015939311,0.00039869983,8.581341e-05,0.0034628992,0.9447338
20170501-145501-0.jpg,8,8,0.09849537,0.0045489115,0.0003151587,0.15494345,0.025177853,0.0006736067,4.706586e-05,0.07544154,0.640357
20170501-145533-0.jpg,8,8,0.012940576,0.0005587243,0.0014841297,0.011300515,0.046481088,5.0869876e-05,0.00017096169,0.02173123,0.9052819
20170501-145612-0.jpg,8,8,0.028912243,0.0041633546,0.0010981398,0.017252332,0.049596786,0.00043274558,0.0004889249,0.13292876,0.76512676
20170501-145819-0.jpg,8,8,0.005366418,0.010332098,0.0008471902,0.004951826,0.021644585,0.0010457662,0.0045278766,0.023300258,0.9279841
20170521-153419-0.jpg,1,7,0.012704019,0.4278863,4.3884094e-05,0.0003847704,2.7954156e-05,0.00081829313,0.06543538,0.46692732,0.025772087
20170521-153505-0.jpg,1,7,0.031387888,0.22741579,0.00014395172,0.00044833665,0.00015914184,0.009767423,0.0004759908,0.6693988,0.060802706
20170522-093642-0.jpg,1,1,0.03712419,0.4621931,0.00024005225,0.0016538271,0.00028878034,0.0028928958,0.34778333,0.04530213,0.102521665
20170522-123520-0.jpg,1,6,0.0071782456,0.13773341,0.0050198426,0.0034115023,0.0015464054,0.14582899,0.3557555,0.034513757,0.30901232
20170610-121827-0.jpg,1,7,0.22397839,0.249076,0.00067552587,0.07702605,0.0030179538,0.018666271,0.0018923869,0.2551792,0.17048821
20170610-122104-0.jpg,1,8,0.017234093,0.01252925,0.0072902357,0.056894302,0.00981445,0.03690756,0.0103885755,0.056387857,0.7925538
20170610-122128-0.jpg,1,6,0.007967423,0.22703832,0.0008051839,0.00035347755,0.00035150818,0.016609693,0.5638026,0.05990604,0.123165704
20170610-122203-0.jpg,1,1,0.01820851,0.8008788,8.8139524e-05,0.0039867153,0.00024390237,0.0024776894,0.014447632,0.05475497,0.104913615
20170610-122424-0.jpg,1,5,0.02378061,0.16565421,0.0028242557,0.09891636,0.007755825,0.31373125,0.21303217,0.037189048,0.13711627
20170610-122621-0.jpg,1,1,0.19006102,0.55675083,6.045323e-05,0.0023458768,0.00040284917,0.02828647,0.026049474,0.018137304,0.17790575
20170610-122657-0.jpg,1,8,0.092229605,0.19175278,0.006574777,0.007240519,0.018351635,0.005110706,0.20458324,0.06946988,0.4046869
20170610-122844-0.jpg,1,1,0.040805593,0.47624326,0.0009178651,0.011170388,0.001881863,0.0053478056,0.16711211,0.082242206,0.21427885
20170610-122854-0.jpg,1,0,0.6030944,0.037544996,0.0005076871,0.0016547146,0.0015606963,0.06412652,0.015254807,0.062351566,0.2139046
20170610-123326-0.jpg,1,8,0.07583816,0.21872404,0.00048759233,0.021255614,0.002361174,0.02545397,0.06153435,0.102102995,0.4922422
20170610-123517-0.jpg,1,1,0.09482156,0.39407176,8.067925e-05,0.0015311225,0.00030701695,0.059150297,0.15747793,0.050965216,0.2415944
20170610-123756-0.jpg,1,8,0.011261176,0.020568972,9.17955e-05,0.040303197,0.0024019703,0.0051332107,0.0005749669,0.038628757,0.881036
20170610-124003-0.jpg,1,8,0.02833809,0.24115054,0.00048220254,0.010420364,0.00473973,0.0013878813,0.004180143,0.015749006,0.693552
20170610-124209-0.jpg,1,8,0.019662915,0.16081315,0.001350213,0.0042085913,0.0014390005,0.001414868,0.008919633,0.0415452,0.76064634
20170627-103439-0.jpg,0,4,0.030836342,0.00045092092,0.02238851,0.027232831,0.5201041,0.0044248933,0.00015053699,0.011574293,0.38283753
20170627-103800-0.jpg,0,0,0.5879477,0.002076432,0.00034235147,0.0059445575,0.0025913282,0.05702581,0.00019121417,0.05453726,0.2893432
20170627-103912-0.jpg,0,8,0.3266365,0.0034045947,0.00057566207,0.0022765023,0.008232188,0.03933413,0.00033247366,0.24022418,0.3789838
20170627-104139-0.jpg,0,0,0.8678774,0.0006091158,2.0847598e-05,0.000105890496,0.0001506343,0.0033342876,3.242464e-05,0.041408278,0.08646117
20170627-104522-0.jpg,7,7,0.034932263,0.02455762,7.50146e-05,0.0015171651,0.00023455515,0.0012607536,0.00035412042,0.8386132,0.098455295
20170627-104818-0.jpg,7,7,0.034276232,0.0061146454,2.8121613e-05,9.564189e-05,5.472311e-05,0.0002536774,0.006886026,0.94935626,0.0029346463
20170627-105129-0.jpg,7,7,0.015234544,0.03704402,0.00014162145,0.0006637389,8.049379e-05,0.0046840296,0.20080665,0.70676845,0.034576427
20170627-105314-0.jpg,0,8,0.00538842,0.0022932135,0.10943808,0.04283623,0.07614072,0.0018710684,0.0070577194,0.003935607,0.75103897
20170630-150531-0.jpg,7,7,0.012964919,0.08059527,0.00011623539,0.0005815208,0.00014840429,0.00022267268,0.061825957,0.83927315,0.004271963
20170630-151031-0.jpg,7,7,0.047346774,0.003472253,1.1756858e-05,3.835033e-05,1.8076873e-05,0.00020650099,0.0064422237,0.93771005,0.004753973
20170630-151649-0.jpg,7,7,0.06436095,0.056256194,0.002286664,0.01098041,0.059107915,0.0014537089,0.019210428,0.45497864,0.33136508
20170630-151804-0.jpg,7,7,0.053409047,0.4479203,0.00035447924,0.0024094475,0.0012613548,0.0008126276,0.014897346,0.459466,0.019469436
20170630-152017-0.jpg,7,7,0.13927759,0.027786741,0.0042965044,0.0052861767,0.027871063,0.0017117554,0.0045445315,0.54068565,0.24854
20170630-152127-0.jpg,7,7,0.10690447,0.045463838,0.0028584132,0.033845484,0.023334997,0.00049218175,0.004321398,0.5211868,0.26159242
20170630-152150-0.jpg,7,7,0.055599917,0.03804274,0.00033732664,0.0005810245,0.0016232294,0.0011284474,0.007358401,0.4684199,0.42690906
20170630-152500-0.jpg,7,8,0.01047019,0.016750736,6.33722e-05,0.0011740888,0.002460259,0.000121100835,0.00071219594,0.09729471,0.8709533
20170630-152604-0.jpg,7,8,0.014010335,0.03288588,4.181088e-05,0.0009448426,0.0009704689,0.00037456822,0.001355439,0.029273197,0.92014354
20170630-153511-0.jpg,8,7,0.08091999,0.083291955,0.003554209,0.047228675,0.11764458,0.0009848108,0.0018558578,0.4438478,0.22067209
20170630-153631-0.jpg,7,7,0.028602265,0.18336096,0.00012622133,0.0041571097,0.001693172,0.00067196204,0.0053213714,0.66459954,0.1114674
20170630-153907-0.jpg,8,8,0.32173234,0.0057760603,5.05657e-06,2.276378e-05,3.69239e-05,0.00027439606,0.0002501807,0.0008981755,0.6710042
20170630-154345-0.jpg,7,7,0.04699329,0.044233937,0.00020244003,0.0003220951,0.00022440062,0.0024934271,0.09934868,0.79173005,0.014451643
20170630-154406-0.jpg,7,7,0.038336333,0.0059028044,8.34983e-05,0.00044310463,3.2886044e-05,0.0025918495,0.015314471,0.9072823,0.030012768
20170630-155109-0.jpg,7,8,0.07748612,0.020286769,0.00021847259,0.0015065852,0.0010626253,0.020919392,0.0026286726,0.027577573,0.84831375
20170630-155129-0.jpg,7,8,0.0017790884,0.0031904157,0.0007989133,0.0015007823,0.001022806,0.00025225405,0.00874118,0.0018493718,0.9808653
20170630-155212-0.jpg,7,7,0.094877966,0.15231168,0.00013717273,0.00017743431,9.8159784e-05,0.046040054,0.050443884,0.62706804,0.028845638
20170630-155415-0.jpg,7,7,0.01756375,0.008347453,6.4691325e-05,9.138108e-05,5.556642e-05,0.0010106999,0.0068775583,0.9641316,0.0018573622
20170630-155544-0.jpg,7,7,0.06333693,0.04802148,8.777471e-05,0.00012023266,0.00012662142,0.0007300963,0.017853288,0.86333334,0.0063902847
20170630-155948-0.jpg,7,8,0.0789052,0.003857674,0.0015425722,0.0055790963,0.010911865,0.00032343972,0.000551894,0.18624583,0.7120824
20170630-160224-0.jpg,7,7,0.093192875,0.006973012,4.503027e-05,0.00043793328,0.00025625818,0.0011213215,0.0054488555,0.6308426,0.26168218
20170630-160239-0.jpg,7,8,0.013955426,0.009632389,0.0002669264,0.051024135,0.008013752,0.00012247627,0.0034226715,0.38946012,0.52410215
20170630-160252-0.jpg,7,8,0.0130503,0.0010813174,0.0005631477,0.003993226,0.005469953,0.00025245306,0.0014444657,0.012562279,0.9615827
20170704-151330-0.jpg,7,7,0.019068733,0.03332,0.01827754,0.007043291,0.0588423,0.0007793989,0.030099167,0.5222656,0.310304
20170704-151510-0.jpg,0,7,0.06298087,0.12633415,3.9336064e-05,0.0019322683,0.0005148635,0.0042662467,0.0962026,0.6530611,0.05466858
20170704-152032-0.jpg,0,0,0.6668697,0.012279656,5.152648e-05,0.0011869007,0.00018800033,0.07407916,0.0021066547,0.033654816,0.2095836
20170704-153451-0.jpg,0,0,0.7091576,0.0014197583,3.7894968e-06,1.8421102e-05,9.302885e-06,0.0026391791,2.6858223e-05,0.2756033,0.011121797
20170704-153719-0.jpg,0,8,0.032897167,0.08439059,7.7247765e-05,0.28189334,0.0011793034,0.025396401,0.006765256,0.014381408,0.5530192
20170704-153756-0.jpg,7,8,0.0045993472,0.03159652,0.07145505,0.014739829,0.021682331,0.0018716202,0.114355974,0.005604987,0.73409444
20170704-153838-0.jpg,7,8,0.0037174253,0.050883766,0.00029508854,0.0015206736,0.00049431226,0.0004991461,0.33604383,0.00406515,0.6024806
20170704-154257-0.jpg,7,8,0.0096326405,0.32091683,8.284917e-05,0.09023934,0.0018361937,0.0007878628,0.028487217,0.080200285,0.46781674
20170704-154449-0.jpg,7,0,0.3677752,0.024226967,0.00028512496,0.014178523,0.001623348,0.086942144,0.0048115323,0.22980314,0.27035397
20170704-154603-0.jpg,0,0,0.7726126,0.0058188746,3.522395e-05,7.770801e-05,0.00011496357,0.0012411296,0.0009722123,0.21314804,0.005979256
20170704-155143-0.jpg,7,7,0.08018627,0.1803514,0.0007701961,0.015885072,0.0040062424,0.0013634635,0.0064928965,0.5660386,0.14490587
20170704-155526-0.jpg,7,8,0.031158837,0.17204535,9.721393e-05,0.016626805,0.0018451868,0.0026675055,0.004116046,0.18074585,0.5906972
20170705-160734-0.jpg,7,7,0.3020325,0.024728717,0.00040316064,0.0028554243,0.00095790974,0.20567429,0.00026851628,0.39500725,0.06807228
20170705-160802-0.jpg,7,1,0.26369405,0.3134585,0.00045065823,0.007017757,0.00059627066,0.008042622,0.0041492223,0.20240678,0.20018414
20170705-161037-0.jpg,7,8,0.16920301,0.015174079,0.13521792,0.106472075,0.11212316,0.08999784,0.0041678585,0.070941895,0.29670218
20170705-161257-0.jpg,7,8,0.07206211,0.009710213,0.067204535,0.02292606,0.13143113,0.1869315,0.007821765,0.09739272,0.40451992
20170705-161808-0.jpg,7,8,0.17678863,0.032436963,6.718401e-05,0.0068147127,0.00082445674,0.0020318455,0.0007326768,0.2195956,0.56070787
20170705-161916-0.jpg,7,7,0.40411296,0.014794538,0.00054636225,0.0008139865,0.0028531516,0.0048786616,0.00057883176,0.5034679,0.067953624
20170705-162004-0.jpg,7,8,0.03928853,0.02653532,0.17961912,0.0050611333,0.01720393,0.008155396,0.032041725,0.09951528,0.59257954
20170705-162307-0.jpg,7,8,0.18914911,0.017136127,0.00022898904,0.02106476,0.014955626,0.11473971,0.0006398883,0.11438748,0.5276983
20170705-162401-0.jpg,7,0,0.32567886,0.010024606,0.00029445102,0.0008674364,0.000741073,0.055813096,0.00017772728,0.3206016,0.2858012
20170705-162506-0.jpg,7,8,0.18733594,0.05549886,0.0008236813,0.009489659,0.0134676,0.0069391383,0.0049641994,0.3074034,0.4140776
20170705-162907-0.jpg,0,8,0.043540936,0.021338394,0.009449609,0.20932874,0.18957917,0.0037015043,0.0018236705,0.14070606,0.3805319
20170705-163451-0.jpg,7,8,0.1679411,0.023345662,0.008455392,0.008325073,0.080276445,0.008381315,0.002520002,0.18175197,0.51900303
20170705-164137-0.jpg,7,8,0.16583432,0.010224672,0.005490619,0.051793102,0.2339174,0.08380548,0.012579566,0.10720742,0.3291475
20170705-164213-0.jpg,7,8,0.16346197,0.006738574,0.002425381,0.10091358,0.05243235,0.0035328416,0.0007502854,0.16866331,0.5010817
20170705-164828-0.jpg,7,8,0.080229685,0.009572609,0.005540244,0.006355777,0.044776157,0.025412831,0.00027447363,0.21861795,0.60922027
20170705-164946-0.jpg,7,4,0.066594586,0.01561103,0.0013651097,0.14165741,0.5074962,0.00061491685,0.0005383753,0.18830901,0.077813424
20170705-165054-0.jpg,7,8,0.053386178,0.018307835,0.0004958743,0.007233704,0.018417494,0.0009974907,0.003755277,0.09249381,0.8049123
20170705-165107-0.jpg,7,8,0.12667958,0.045779273,0.0012606812,0.013056079,0.015651144,0.0059360047,0.004849481,0.29146162,0.4953261
20170705-165136-0.jpg,7,8,0.048222277,0.009744466,0.009470312,0.014263624,0.06488695,0.0152884,0.0010924214,0.027063213,0.8099684
20170705-165958-0.jpg,7,7,0.04636495,0.06229105,0.00070679304,0.13056521,0.0541602,0.0009084187,0.001873702,0.5592567,0.14387295
20170705-170053-0.jpg,7,8,0.036334995,0.0072817737,0.0017813687,0.017728584,0.025910966,0.0012630068,0.003404229,0.3678406,0.5384545
20170705-170314-0.jpg,0,8,0.075096466,0.0030871017,0.004107084,0.008619336,0.05195957,0.00042253404,0.00096030784,0.048844103,0.80690354
20170706-105716-0.jpg,7,7,0.14328331,0.021894138,0.0005041449,0.03845321,0.044958707,0.00187832,2.1921722e-05,0.57646114,0.17254509
20170706-110048-0.jpg,7,8,0.003333989,0.023714807,0.002420572,0.04667533,0.013263199,0.0010168267,0.018662743,0.015963744,0.87494886
20170706-110411-0.jpg,7,8,0.05180371,0.022402426,0.0115210395,0.025868407,0.01085799,0.0035275319,0.001430424,0.22140805,0.6511804
20170706-111355-0.jpg,7,8,0.009844559,0.007559997,0.011805102,0.012572076,0.11719204,0.0007494142,0.12506358,0.04227974,0.6729335
20170706-112058-0.jpg,7,8,0.02218438,0.0009780905,0.035215743,0.020401353,0.0830548,0.011036593,0.01115532,0.12699702,0.68897676
20170706-112528-0.jpg,7,8,0.027659172,0.034531195,0.00013146234,0.09906291,0.1262217,0.0012590385,8.2554754e-05,0.09327643,0.61777556
20170706-113058-0.jpg,7,8,0.050311796,0.0003855632,0.0010277489,0.009670783,0.019760415,0.0047625164,0.0015095281,0.047676757,0.8648949
20170706-113305-0.jpg,7,3,0.011842461,0.0006954014,0.0029036065,0.42013893,0.20284918,0.00017166571,0.00015924782,0.020007992,0.34123155
20170706-113440-0.jpg,7,8,0.020694882,0.0012290245,0.00049415295,0.000694726,0.019275563,0.0002938687,7.67194e-05,0.038135353,0.9191056
20170707-110403-0.jpg,7,8,0.10674061,0.019761872,0.024971383,0.019056845,0.037618637,0.008101449,0.002077748,0.21773866,0.56393284
20170707-111523-0.jpg,7,8,0.008077264,0.008365207,0.030721586,0.012243514,0.067547426,0.0040298174,0.010965044,0.0607323,0.7973178
20170707-111904-0.jpg,0,8,0.005319186,0.0013941329,0.004653566,0.010851942,0.14229974,4.553359e-05,0.0007907042,0.017999755,0.8166453
20170707-113101-0.jpg,7,8,0.070315,0.02489216,5.8917965e-05,0.0055056494,0.00083488645,0.016343238,0.00033463002,0.23790844,0.64380705
20170707-113143-0.jpg,7,8,0.3307647,0.0015147408,0.003876614,0.032232754,0.023241669,0.007509599,0.00019425363,0.16940571,0.43126
20170707-113201-0.jpg,7,8,0.24531472,0.12086691,0.03149287,0.024535501,0.011857365,0.025736993,0.01992721,0.2086132,0.3116553
20170707-113317-0.jpg,0,8,0.055585366,0.0072595947,0.019716844,0.021341063,0.063403934,0.0012572928,0.0022367116,0.089975365,0.7392238
20170707-113921-0.jpg,0,8,0.029148264,0.004078927,0.022723518,0.032508213,0.23450829,0.003000147,0.0038649011,0.05808233,0.6120854
20170707-114844-0.jpg,0,7,0.22871329,0.056910083,0.0040593096,0.005369543,0.0069376933,0.012855087,0.009234836,0.46978542,0.20613469
20170711-113028-0.jpg,0,3,0.02869724,0.02302889,9.334289e-05,0.64225566,0.0056858845,0.00046902488,0.00057805923,0.010372788,0.2888191
20170711-113055-0.jpg,0,8,0.14524677,0.018843263,0.0017851908,0.30264542,0.03933475,0.0013905691,0.0008735276,0.07542162,0.41445896
20170711-113229-0.jpg,0,3,0.12906739,0.013291315,0.0044532106,0.36694065,0.106336035,0.0007569262,0.0011212379,0.07735457,0.3006787
20170711-113440-0.jpg,7,8,0.013178493,0.003900451,0.026403429,0.006036026,0.013521347,0.0005911053,0.0003036866,0.0736907,0.8623747
20170711-115741-0.jpg,0,3,0.18267138,0.041727707,0.027158886,0.3195974,0.03556615,0.005773548,0.0022562689,0.15409635,0.23115225
20170711-115907-0.jpg,0,2,0.004019813,0.0007263765,0.48556504,0.047089312,0.056206893,0.0001358944,0.008546047,0.0041740267,0.39353663
20170711-120643-0.jpg,0,8,0.011921851,0.00018586882,2.883377e-05,0.0019402639,0.0030553602,5.489647e-05,1.1229631e-05,0.0018403349,0.98096126
20170711-120923-0.jpg,0,1,0.21761799,0.38931665,0.00028257217,0.0017629464,0.00036086046,0.028877046,0.004576452,0.05480196,0.3024036
20170711-121335-0.jpg,0,8,0.15795021,0.06293189,0.031771746,0.15059657,0.08273057,0.034919567,0.005560268,0.07469197,0.39884716
20170711-121448-0.jpg,0,5,0.024521913,0.011932955,0.036441952,0.24661867,0.08095631,0.4159552,0.0066492083,0.006274587,0.17064922
20170714-110509-3.jpg,1,1,0.0009088871,0.9018503,3.2755994e-05,7.5565775e-05,1.906163e-05,5.10691e-05,0.0911371,0.0014140041,0.0045113564
20170714-110520-3.jpg,1,1,0.0015477207,0.7995082,0.00059082016,0.00015383918,0.00036905176,8.6175474e-05,0.11101411,0.0008509296,0.08587923
20170714-110600-3.jpg,1,1,0.002382945,0.879046,0.00016544697,9.841374e-05,4.6695754e-05,0.00019943243,0.09505674,0.0010551409,0.021949189
20170714-110618-3.jpg,1,1,0.019975744,0.82293355,0.000512126,0.00074430445,0.00016413018,0.00035209488,0.087414555,0.027191794,0.040711697
20170714-110651-3.jpg,1,1,0.0015332509,0.97935563,2.8657862e-05,2.3240624e-05,1.3496911e-05,8.355776e-05,0.010672915,0.0010507613,0.007238466
20170714-110741-1.jpg,1,8,0.005082453,0.13745537,0.0071078674,0.007998099,0.011068739,0.0002467473,0.01563953,0.0067177373,0.8086834
20170714-110804-3.jpg,1,1,8.541999e-05,0.9903452,1.737421e-07,3.542004e-05,6.777846e-07,5.4373195e-05,0.0074816686,0.000112952635,0.0018840797
20170714-110825-1.jpg,1,8,0.010499336,0.11956629,0.012158636,0.016754804,0.021559587,0.0021780282,0.15151083,0.100320674,0.5654518
20170714-110855-2.jpg,1,1,0.001054651,0.9929963,8.703522e-06,0.0009775658,4.2600677e-05,0.00012842251,0.0010163989,0.0013248373,0.0024505274
20170714-110952-3.jpg,1,1,0.00013857058,0.9940049,2.7607084e-06,1.6118413e-05,4.675616e-06,2.6002002e-05,0.002756255,0.00029124902,0.002759566
20170714-111045-1.jpg,1,8,0.026612945,0.30973,5.4466625e-05,0.015920771,0.0007571418,0.010422959,0.018196287,0.088658966,0.5296465
20170714-111117-1.jpg,1,1,0.010129691,0.8519567,9.037452e-06,0.003446572,0.0003359046,0.00027605685,0.009743756,0.040031258,0.08407098
20170714-111132-2.jpg,1,1,0.033877704,0.5691681,0.01241865,0.102061965,0.0056359577,0.016097557,0.053897515,0.051649477,0.155193
20170714-111256-2.jpg,1,1,0.00012240873,0.9968087,2.875124e-07,7.503039e-05,1.970044e-06,5.660078e-06,0.0020217886,0.0005516204,0.0004124244
20170714-111315-1.jpg,1,1,0.0010735252,0.9733661,2.7814784e-05,0.0017066927,0.00025291272,0.00014955585,0.0010357741,0.014502102,0.0078855315
20170714-111434-2.jpg,1,1,0.002243758,0.9752177,1.7134407e-05,0.0004689344,5.2382453e-05,0.0002625365,0.00226169,0.012069378,0.007406484
20170714-111501-2.jpg,1,1,0.0009914872,0.7136659,8.829888e-06,9.506614e-05,1.2744745e-05,0.0007506017,0.2804536,0.0020121166,0.002009725
20170714-111546-1.jpg,1,1,0.002092841,0.9919139,7.2744086e-07,0.0001656944,6.6305824e-06,8.608495e-06,0.00028283361,0.0026355837,0.002893182
20170714-112144-3.jpg,1,1,0.0014367007,0.85940367,1.9048533e-05,0.0014653334,3.695128e-05,0.0011926818,0.0027775813,0.006311092,0.12735695
20170714-112445-2.jpg,1,8,0.005638638,0.008441631,3.2547014e-06,0.0019372876,8.3168685e-05,0.003487705,0.00042970155,0.0023436646,0.9776349
20170714-112512-2.jpg,1,1,0.006525743,0.6885246,6.9230227e-06,0.0048597935,0.0001029418,0.00067814067,0.002779116,0.0091727525,0.28734997
20170714-112604-2.jpg,1,8,0.009615426,0.09617631,0.00039213037,0.24667408,0.0063131293,0.0023976245,0.053587623,0.010731209,0.5741125
20170714-112620-2.jpg,1,8,0.0018468205,0.22143231,6.144352e-06,0.001839982,2.8411545e-05,0.0015293562,0.012776361,0.005978308,0.7545624
20170714-113205-2.jpg,1,1,0.007816482,0.5587715,0.040026132,0.005444633,0.0019609223,0.0029604807,0.18100569,0.012877371,0.18913688
20170714-113316-2.jpg,1,8,0.043755673,0.39370278,0.00051916105,0.010527287,0.0009684131,0.008352883,0.08943635,0.008600213,0.44413722
20170714-113340-2.jpg,1,1,0.00888373,0.6569846,0.04104171,0.0034063486,0.0020457914,0.0005245701,0.046258185,0.003939855,0.23691522
20170714-113609-3.jpg,1,1,0.014632695,0.6720325,4.4065775e-05,0.0019050436,0.0007258144,0.0022463186,0.02780672,0.07722229,0.20338453
20170714-113807-2.jpg,1,8,0.03250487,0.43330294,0.00013119848,0.0042199777,0.0022283266,0.0012529102,0.0073086843,0.06254243,0.45650864
20170714-113852-2.jpg,1,8,0.025030088,0.19795391,0.00093449623,0.032461673,0.004872846,0.005274536,0.16476151,0.14134163,0.4273693
20170714-113918-2.jpg,1,8,0.0038144288,0.037947122,0.031480644,0.006928447,0.016615383,0.00011662181,0.06752747,0.01758136,0.81798846
20170714-114326-2.jpg,1,1,0.0023879441,0.7718095,4.0858027e-05,0.0008496226,0.00010800461,0.0001471646,0.16861278,0.006811572,0.0492325
20170714-114421-2.jpg,1,8,0.0014806502,0.031363737,9.9228506e-05,0.007863145,0.00051459315,0.0029820905,0.23736995,0.025431395,0.6928952
20170714-114527-2.jpg,1,6,0.01912539,0.20880371,0.0010856985,0.00272356,0.0027808752,0.0021590507,0.4169098,0.17727178,0.16914012
20170714-114719-3.jpg,1,1,0.0007142783,0.9973242,1.683645e-06,5.420318e-06,1.96242e-06,5.633898e-05,0.0012221948,0.00011673875,0.0005571924
20170714-114743-3.jpg,1,1,0.0011512702,0.9895028,1.2323899e-06,0.00074186455,1.4242555e-05,6.2621e-05,0.0007038168,0.004012159,0.0038099284
20170714-115130-2.jpg,1,8,0.0030420583,0.03493688,0.0003825067,0.04029454,0.0028093338,0.0003141362,0.022645092,0.050862826,0.84471256
20170714-115243-2.jpg,1,1,0.0004937544,0.9718716,4.506557e-06,0.001922333,2.5798638e-05,0.00026528005,0.01036182,0.0013701123,0.013684761
20170714-115519-2.jpg,1,1,3.146219e-05,0.9964348,5.64772e-07,0.00015796655,1.7122221e-06,3.3261051e-06,0.002136275,0.00026075798,0.00097308645
20170714-115729-3.jpg,1,1,0.0004285358,0.9986098,5.5384584e-07,2.7480917e-05,2.8375289e-06,2.8652206e-05,0.00014843652,0.00041951978,0.00033416954
20170714-115904-1.jpg,1,1,0.010886543,0.91302997,2.2321945e-05,0.0027971466,0.00032430698,0.0015302576,0.0078022596,0.03813976,0.025467541
20170714-115907-3.jpg,1,1,0.00036884818,0.989911,6.7636197e-06,8.5352745e-05,1.1951297e-05,1.7421286e-05,0.007422757,0.000276067,0.0018997147
20170714-115933-1.jpg,1,1,0.00017475797,0.9963594,8.9311277e-07,0.000113653754,8.821409e-06,1.0079132e-05,0.0002127552,0.00039803356,0.002721554
20170714-120132-2.jpg,1,1,0.0007160115,0.9118723,3.57919e-05,0.00034221666,1.994686e-05,4.5919904e-05,0.071497045,0.0028324218,0.012638306
20170714-120146-3.jpg,1,1,2.500512e-05,0.99990165,8.679704e-10,6.184342e-07,4.5907007e-09,5.1011387e-08,4.8619946e-05,1.0872741e-05,1.331625e-05
20170714-120228-3.jpg,1,1,8.035597e-05,0.9997373,3.1696224e-08,6.242759e-06,2.3560688e-07,7.316068e-07,6.0775496e-05,3.586154e-05,7.843122e-05
20170714-120502-3.jpg,1,1,0.00058879016,0.9976968,6.1358633e-06,0.00013267697,1.4611423e-05,9.518287e-06,0.00017149991,0.00076191145,0.0006180209
20170714-120930-3.jpg,1,1,0.00012642404,0.65259624,2.839585e-05,0.0006089392,1.6312897e-05,0.00035188612,0.3176507,0.00018626085,0.028434783
20170714-121008-3.jpg,1,1,0.016577521,0.804827,0.000386562,0.0005010672,0.00025362067,0.0004589517,0.1379826,0.016204579,0.022808045
20170714-121303-2.jpg,1,6,0.0024408938,0.110415325,0.0022900081,0.00017391417,8.791304e-05,0.00021558863,0.6279938,0.0019200598,0.25446245
20170714-121542-3.jpg,1,1,0.002025628,0.9262065,0.00018107351,0.000502166,0.00018292198,0.00010266573,0.04202973,0.0016706955,0.027098542
20170714-121934-2.jpg,1,1,0.0009107725,0.9906441,1.5693761e-06,3.7855592e-05,2.9245548e-06,1.0027052e-05,0.0022954934,0.00038215992,0.0057149674
20170714-122115-2.jpg,1,1,0.0039361734,0.63887143,3.9515162e-05,0.00079497416,0.0002121018,0.0017902773,0.20159592,0.0046199807,0.14813964
20170714-122340-2.jpg,1,1,0.010347824,0.92969835,4.8599646e-05,0.0009020699,0.00015058232,0.00010410866,0.011954127,0.005330129,0.041464247
20170714-122534-2.jpg,1,8,0.0343739,0.33219913,0.0015267952,0.0014780817,0.0015503588,0.0004191324,0.08723219,0.009915436,0.53130496
20170714-122658-3.jpg,1,1,0.013291636,0.86666405,5.3808897e-05,0.00031993535,0.00014956485,0.00014594142,0.011661939,0.038239364,0.06947367
20170714-122801-3.jpg,1,1,0.0030356655,0.92870194,8.901709e-06,5.9081893e-05,1.1663565e-05,0.00036249144,0.048515707,0.0034344082,0.015870173
20170714-130008-1.jpg,1,1,0.017116362,0.7565049,5.6600828e-05,0.0017046214,0.00010961815,0.021534367,0.017085316,0.13680033,0.049087897
20170714-130716-1.jpg,1,1,0.0011672986,0.9827017,5.128681e-07,0.0005488845,1.4843962e-05,2.1340353e-05,0.0015641835,0.0020466011,0.01193468
20170714-131200-1.jpg,1,1,0.13575856,0.77847105,8.413157e-06,0.00014813484,4.6778136e-05,0.0003510688,0.025816027,0.046701204,0.012698723
20170714-132633-1.jpg,1,1,0.0011296395,0.901683,7.176139e-06,0.0020822992,6.092608e-05,0.01244758,0.006438269,0.006390692,0.06976042
20170714-133626-1.jpg,1,1,0.0006177565,0.9744582,9.0347675e-07,7.326244e-06,8.5639846e-07,0.00017404857,0.018774392,4.5423818e-05,0.0059211096
20170714-133951-1.jpg,1,1,0.008119847,0.9630228,2.7048478e-05,0.0067227483,0.00022780849,5.9763403e-05,0.0061008893,0.010371693,0.005347214
20170714-134014-1.jpg,1,1,0.0006701361,0.97745425,4.603905e-05,0.0007371115,5.729696e-05,0.00018179856,0.0062866504,0.0018046974,0.012762012
20170714-134219-1.jpg,1,1,0.00033053558,0.99917346,2.3233125e-07,8.00062e-06,4.597988e-07,4.5705783e-06,8.1017526e-05,0.00015200845,0.0002497151
20170714-135108-2.jpg,1,1,0.0037109714,0.8397112,0.00038174386,0.0022943644,0.0031567945,0.00017038993,0.011457892,0.011655944,0.12746075
20170714-135146-3.jpg,1,1,0.012126759,0.91870046,9.758408e-06,0.0013527963,0.00015891257,0.00035863966,0.0136336945,0.030495632,0.02316331
20170714-135211-3.jpg,1,1,0.0009680692,0.9987601,2.645789e-07,1.9144952e-06,4.927655e-07,1.500125e-05,5.549566e-05,0.00014827788,5.0391838e-05
20170714-135605-3.jpg,1,1,0.0055258623,0.5901732,3.8374998e-05,0.0014158833,0.00032222742,8.412268e-05,0.3148175,0.06446792,0.023154937
20170714-140006-2.jpg,1,1,0.0008243784,0.794264,1.8898194e-05,0.0054633203,5.1542767e-05,0.0017931331,0.091212064,0.0028238245,0.103548855
20170714-140012-1.jpg,1,1,0.022179605,0.4785726,4.385604e-06,0.012532711,0.0002871479,0.0004589188,0.00023043867,0.0613203,0.42441395
20170714-140131-1.jpg,1,1,0.011898472,0.89382446,7.067975e-05,0.011409528,0.0005010337,0.0016765003,0.0066121914,0.058524217,0.01548293
20170714-140157-3.jpg,1,1,0.0002614308,0.99761486,4.1073386e-07,4.633156e-06,6.879987e-07,1.1656342e-05,0.00041845202,0.0002781141,0.0014096665
20170714-140321-2.jpg,1,1,0.0024303948,0.91449463,1.19754395e-05,0.0023956948,0.000171403,0.00050292746,0.0015427219,0.013814627,0.064635724
20170714-140523-2.jpg,1,8,0.0029632722,0.16698292,0.0014551793,0.061264582,0.009460638,0.0036770075,0.021556012,0.011560946,0.7210795
20170714-140539-2.jpg,1,1,0.007475264,0.49595308,0.00020317538,0.017822329,0.002734673,0.0011845607,0.017063605,0.035615146,0.42194808
20170714-140623-1.jpg,1,1,0.0258395,0.46500167,4.175672e-05,0.019959327,0.00015952832,0.0011792372,0.0022030387,0.20160976,0.28400615
20170714-141257-3.jpg,1,1,0.0069765877,0.8874716,7.3808274e-05,0.0018079848,0.0011164711,0.00033550672,0.0050070323,0.0883305,0.008880566
20170714-141300-2.jpg,1,6,0.006471158,0.10973145,0.00023040149,0.00089903525,0.00017680478,0.00064980047,0.8184955,0.0052279993,0.05811784
20170714-141640-3.jpg,1,1,0.00010418084,0.9971819,1.8479865e-07,8.6865775e-06,8.610758e-07,7.3603937e-06,0.0023371896,0.00022209271,0.00013763811
20170714-141938-3.jpg,1,1,0.0019992313,0.86287636,0.00019235176,0.004487623,0.000229418,0.019200442,0.0381957,0.008639485,0.06417934
20170714-142225-3.jpg,1,1,7.332087e-05,0.9997024,1.3863556e-07,7.711891e-06,4.711939e-07,1.7012629e-06,3.0275625e-05,0.00014695835,3.7000773e-05
20170714-142422-2.jpg,1,1,0.0026785454,0.9615623,6.296202e-06,0.0005099113,1.620876e-05,0.00031061136,0.00034289595,0.01722527,0.017347865
20170714-142424-3.jpg,1,1,0.00037954954,0.9675441,2.220147e-05,0.0005018786,3.9405302e-05,0.000101539204,0.0058427574,0.001903578,0.023665143
20170714-142445-3.jpg,1,1,0.0020419366,0.98424155,4.589848e-06,6.709921e-05,9.634952e-06,0.0037722148,0.003789036,0.0008987773,0.005175224
20170714-142641-3.jpg,1,1,0.00047288043,0.9989784,6.925202e-08,3.041544e-05,7.786901e-07,2.088172e-06,1.7825389e-05,0.00017253308,0.00032508856
20170714-143122-2.jpg,1,1,0.004203241,0.69491124,0.0006710472,0.0026465806,0.0006280644,0.001983503,0.18221791,0.071004204,0.041734166
20170714-143138-1.jpg,1,1,0.026554966,0.67622685,4.8950795e-05,0.029351333,0.0010492972,0.0010957277,0.0009505097,0.08480249,0.17991981
20170714-143314-1.jpg,1,1,0.0018058232,0.937377,4.5652047e-05,0.00046741136,8.598982e-05,0.00026540033,0.035479985,0.0060487296,0.018424086
20170714-143353-1.jpg,1,1,0.0018695983,0.9912629,2.0721548e-06,0.0005021744,5.8186368e-05,3.2081723e-05,0.00018662303,0.0025003545,0.0035861074
20170714-143440-3.jpg,1,1,0.00255282,0.9147634,0.00017420834,0.0004131624,7.4956166e-05,0.000105318126,0.043482482,0.032514017,0.005919687
20170714-143549-1.jpg,1,8,0.00013042618,0.006224858,1.879727e-07,0.0014820939,3.569198e-05,6.9680806e-05,0.0023990225,0.00027010217,0.98938787
20170714-143702-2.jpg,1,8,0.0023348841,0.026469655,5.192537e-05,0.0013387286,4.8302703e-05,0.0024834457,0.18670173,0.0025480746,0.7780232
20170714-143747-1.jpg,1,1,0.0067835785,0.6092634,0.00010166593,0.007476325,0.0004945432,0.001116105,0.040592466,0.019580044,0.3145918
20170714-144010-2.jpg,1,8,0.0063025444,0.19954376,0.002088868,0.009674071,0.006133699,0.0009110723,0.11884422,0.01510282,0.64139897
20170714-144408-2.jpg,1,8,0.019562509,0.086756624,3.683703e-05,0.120874755,0.0010295601,0.0036842232,0.0005042452,0.017509826,0.75004137
20170714-150201-1.jpg,1,1,0.027366621,0.37254757,0.0006079137,0.16632274,0.12802842,0.0016256269,0.0017807429,0.17440672,0.12731366
20170714-150233-1.jpg,1,1,0.009484037,0.970346,2.0693249e-06,1.265704e-05,1.7472672e-06,0.00028653964,0.016788946,0.00070274866,0.00237523
20170714-150335-1.jpg,1,1,0.0006750158,0.998703,1.7934835e-06,3.6990758e-05,1.2828626e-06,5.907902e-06,5.548048e-05,0.0001263617,0.00039405384
20170714-150357-1.jpg,1,6,0.0026258212,0.23441833,0.001222021,0.0005327112,0.00019582394,0.00018820481,0.5922845,0.0037481005,0.16478446
20170714-165934-1.jpg,1,1,8.7595785e-05,0.9994217,1.05383364e-07,6.7538554e-06,1.9758195e-07,1.589063e-06,7.259639e-05,0.0003595165,4.9966955e-05
20170714-165953-1.jpg,1,8,0.011242094,0.38674548,0.0011400327,0.066394866,0.009993271,0.0046218,0.014515151,0.083882086,0.42146516
20170714-170023-1.jpg,1,1,0.00041412603,0.99609166,3.50431e-06,0.00015871567,9.740584e-06,2.6855247e-05,0.0011228785,0.001304969,0.0008676233
20170714-170049-1.jpg,1,1,0.00079412916,0.9862614,2.7323571e-05,0.00024242702,3.1619813e-05,9.855204e-05,0.003397744,0.0014368121,0.0077099153
20170714-170312-1.jpg,1,1,0.018473051,0.67466015,0.00040770604,0.008831939,0.0010982823,0.014277938,0.0027443643,0.018818215,0.26068845
20170714-170519-1.jpg,1,1,0.00072295906,0.97838247,4.371473e-06,0.00068234873,6.0788836e-05,0.00011028063,0.0025031674,0.010661344,0.006872301
20170714-170622-1.jpg,1,1,0.0022218283,0.9654313,6.3883857e-07,0.00030071786,1.0809898e-05,7.305988e-05,0.00029074977,0.026666524,0.0050044083
20170714-175912-1.jpg,1,1,0.0006590848,0.9986339,4.1829145e-07,2.4976825e-05,4.883956e-07,9.497734e-06,0.00013286505,0.00014506097,0.00039362078
20170714-190038-1.jpg,1,1,0.0001440917,0.99872535,8.945435e-08,1.9894535e-06,1.409618e-07,1.5111519e-05,0.0003123156,2.249884e-05,0.0007782966
20170714-190053-1.jpg,1,1,0.00020611637,0.99758005,1.3788012e-07,2.9956098e-05,2.0927037e-06,1.0627283e-05,8.2754275e-05,0.001128468,0.00095979526
20170714-190315-1.jpg,1,1,0.02980284,0.7341819,4.43106e-05,0.007181728,0.00019129798,0.0021149074,0.0021568576,0.07560529,0.14872089
20170715-100942-1.jpg,1,1,0.00051063055,0.780564,3.2413914e-06,0.00036540692,8.829335e-06,0.0043988517,0.03259532,0.00012253299,0.18143114
20170715-102940-1.jpg,1,1,0.008557409,0.8887858,3.679435e-05,7.39828e-05,2.4221725e-05,0.000391122,0.054919094,0.0042992705,0.042912316
20170715-110117-1.jpg,1,1,0.0015704548,0.8090808,1.9162411e-05,0.0001617872,2.9580788e-05,0.0011735216,0.135856,0.0005796072,0.051529072
20170715-111253-1.jpg,1,1,0.0003770031,0.8852683,0.00013086722,7.598547e-05,1.4379622e-05,0.00020036312,0.099969596,0.0001546331,0.013808908
20170715-113722-1.jpg,1,1,0.0019015981,0.9790998,8.812309e-06,4.6014724e-05,5.533847e-06,2.3449009e-05,0.00806383,0.0052183503,0.0056325807
20170715-114729-1.jpg,1,1,0.0014136952,0.97499543,4.8164725e-06,4.2864053e-06,1.26132e-06,0.00017368511,0.021752993,0.00017123684,0.0014826827
20170715-120055-1.jpg,1,1,0.00026870123,0.93182695,2.3879643e-06,2.944902e-05,1.9894483e-06,3.5707202e-05,0.066827595,0.00037238948,0.0006349427
20170715-120750-1.jpg,1,1,0.0018997326,0.9647763,3.4703282e-06,2.7949342e-05,4.7204967e-06,0.0006047511,0.028378027,0.0003253812,0.003979751
20170715-122816-1.jpg,1,1,0.0014367064,0.9971397,9.800685e-07,5.2639425e-06,1.0650724e-06,6.360906e-05,0.0005375995,0.000111490976,0.0007036647
20170715-124714-1.jpg,1,1,0.0006425135,0.93527484,4.785561e-05,0.0013805107,0.000101812046,0.001404467,0.0066385358,0.00014134785,0.05436811
20170715-124738-1.jpg,1,1,0.0007488556,0.9311459,1.4582631e-06,2.4144245e-05,1.5081002e-06,0.0001341405,0.065342486,0.0021489495,0.00045261675
20170715-131418-1.jpg,1,1,0.0030017663,0.9900163,1.9141257e-06,6.352485e-06,2.015365e-06,8.889898e-05,0.0031246815,0.0004634105,0.0032947536
20170715-133445-1.jpg,1,1,0.00016646001,0.99846447,1.6547699e-07,1.7885105e-06,2.0145396e-07,1.1575381e-05,0.0004045883,1.4567602e-05,0.0009363412
20170715-143826-1.jpg,1,1,0.00030589668,0.9938431,2.3554287e-06,1.8087907e-05,2.4145834e-06,3.939065e-05,0.0017379076,0.00025496396,0.003795959
20170715-143923-1.jpg,1,1,0.0012349259,0.96801543,6.8283625e-06,0.00012782423,5.794023e-06,0.00022702102,0.019519806,0.00045408992,0.010408297
20170715-144023-1.jpg,1,1,0.00038151725,0.99852824,1.6689069e-07,3.3872857e-05,6.3241674e-07,2.3705816e-05,0.00010419176,0.00010600608,0.0008216446
20170715-144604-1.jpg,1,1,0.0013476945,0.99358326,2.4129947e-06,0.00062863075,1.7411081e-05,0.00018729873,0.000742524,0.00024707333,0.0032437032
20170715-152140-1.jpg,1,1,0.00012030036,0.98965454,5.3552964e-07,8.935873e-05,1.2839414e-06,4.468305e-05,0.008464894,5.9442864e-05,0.0015649375
20170715-161538-1.jpg,1,1,0.00019240651,0.991439,2.9478806e-06,3.7907983e-05,5.6857334e-06,2.0330232e-05,0.0073899995,0.00026606547,0.00064562476
20170715-161925-1.jpg,1,1,0.0005231599,0.8963393,3.5863345e-06,0.00032061018,8.314306e-06,0.0008336522,0.07600979,0.00029897067,0.025662651
20170715-162301-1.jpg,1,1,0.0025627727,0.9130422,1.4860144e-06,0.00018567017,3.1928134e-06,0.005606968,0.058504757,0.00047929352,0.019613754
20170715-162547-1.jpg,1,1,0.0010797835,0.99104565,2.2856923e-06,8.013647e-05,3.5709825e-06,7.626328e-05,0.005331499,0.0005104704,0.0018702797
20170715-162718-1.jpg,1,1,0.0014700047,0.97856724,1.1624246e-05,5.6805184e-05,8.619833e-06,0.00037916325,0.009065631,0.0012604482,0.0091805225
20170715-170425-1.jpg,1,1,0.0010558862,0.9936473,2.9736671e-05,0.00015694884,9.776942e-06,0.00015629493,0.0022432497,0.0003446392,0.002356205
20170715-170432-1.jpg,1,1,0.00015455767,0.9989048,1.4276759e-07,9.875067e-06,3.4730812e-07,6.1594956e-06,0.00028792594,3.742522e-05,0.00059869845
20170715-174155-1.jpg,1,1,0.00031877198,0.9978759,1.0790627e-06,9.860644e-06,1.2708211e-06,1.4178664e-05,0.0011925738,8.6587555e-05,0.000499787
20170715-174216-1.jpg,1,1,0.00021142504,0.9965834,1.7085688e-06,1.5840267e-05,1.509788e-06,3.354795e-05,0.0016697231,8.770351e-05,0.0013951925
20170718-094237-2.jpg,0,3,0.017302394,0.0015132176,0.0011390966,0.74715286,0.018635957,0.016416496,0.00043141047,0.011667886,0.18574062
20170718-094823-2.jpg,0,8,0.020932386,0.0081837345,0.0031282625,0.13921212,0.0028490042,0.08488149,0.0098627545,0.016413502,0.7145367
20170718-095143-2.jpg,0,0,0.41257474,0.010204099,0.008243703,0.15611027,0.03568464,0.005331115,0.0018490006,0.13840535,0.23159714
20170718-100028-2.jpg,0,0,0.5734903,0.08150873,1.4955109e-05,0.00028966085,9.9835306e-05,0.00071394455,0.002990115,0.3193277,0.021564696
20170718-100046-2.jpg,0,1,0.07542506,0.37534013,0.00023305364,0.031364817,0.002310968,0.054994386,0.12453758,0.07087715,0.26491687
20170718-100509-2.jpg,0,8,0.009601394,0.0017753444,0.0722639,0.04566385,0.22401594,0.014866002,0.0036273662,0.03460953,0.59357667
20170718-100551-2.jpg,0,8,0.03716508,0.00040314856,0.018017037,0.03128986,0.0350842,0.00072297937,0.000101587655,0.032062303,0.8451538
20170718-101135-2.jpg,0,8,0.015607706,0.008730638,0.00059406896,0.019192735,0.016763574,0.0010028525,0.0061914977,0.037780404,0.8941366
20170718-101313-2.jpg,0,7,0.16202414,0.24179004,0.000586601,0.0069421167,0.022556225,0.06525923,0.0067895353,0.33123952,0.16281255
20170718-101417-2.jpg,0,7,0.16861448,0.097674705,1.9961471e-05,0.0029336372,0.00034405326,0.008692495,7.843882e-05,0.68718976,0.034452472
20170718-101439-2.jpg,0,7,0.07042136,0.08214134,0.043863673,0.09781178,0.09084188,0.0016825283,0.0013427583,0.34441882,0.26747584
20170718-101446-2.jpg,0,0,0.44049802,0.050289553,0.00016045442,0.041845348,0.010610546,0.036447536,0.0032299473,0.25383008,0.16308856
20170718-101616-2.jpg,0,7,0.117874414,0.00924857,0.00023177952,0.0037297462,0.0016262889,0.0359529,0.016129402,0.76109535,0.054111574
20170718-101628-2.jpg,7,8,0.030232508,0.008897867,0.00020077407,0.011133234,0.009758454,0.00035896024,0.00058950996,0.11071765,0.8281111
20170718-101744-2.jpg,0,8,0.024802694,0.01061086,0.00018522775,0.009514978,0.0053906506,0.005909827,0.00070298323,0.0075764437,0.93530643
20170718-101808-2.jpg,0,6,0.08279837,0.045900106,0.00057904917,0.028433785,0.002763741,0.14196731,0.539848,0.07167218,0.086037435
20170718-101848-2.jpg,0,1,0.07148461,0.42696345,0.00014310276,0.028957993,0.0051577785,0.0010153584,0.0101023875,0.08049934,0.37567595
20170718-102043-2.jpg,7,8,0.042311247,0.008642049,0.00029845603,0.0045959004,0.0077344356,0.00018553485,0.0009976383,0.08876124,0.8464736
20170718-102127-2.jpg,7,7,0.05069637,0.106712595,0.00020383716,0.038029965,0.0089163855,0.0012801926,0.00251044,0.4289215,0.36272866
20170718-102144-2.jpg,7,7,0.09057232,0.036296196,0.0006501365,0.006824008,0.03102295,0.002933732,0.00070597016,0.715008,0.1159866
20170718-102251-2.jpg,7,7,0.034523766,0.01685825,0.003957571,0.058977827,0.2299933,0.00040206852,0.00072599703,0.45744368,0.19711761
20170718-102347-2.jpg,7,7,0.033224575,0.06002023,0.00035014848,0.00084827415,0.0008682696,0.001162685,0.008395465,0.8350239,0.060106467
20170718-102545-2.jpg,7,8,0.0034036092,0.068747744,0.0019438757,0.08910053,0.05777639,0.018278316,0.07848245,0.045418993,0.63684803
20170718-102555-2.jpg,7,7,0.20615281,0.027915984,3.945509e-05,0.102731965,0.008055051,0.005701668,7.7370234e-05,0.56823355,0.08109213
20170718-131812-2.jpg,7,7,0.063680105,0.036302857,0.00029779316,0.00057381054,0.0017073846,0.00073770137,0.0022013003,0.8754503,0.019048804
20170718-131826-2.jpg,7,7,0.044334486,0.014261496,0.003343198,0.008058448,0.05787853,0.0017310325,0.0014265782,0.6762124,0.19275382
20170718-131839-2.jpg,0,4,0.0117695695,0.0031236438,0.0034923484,0.28486434,0.41430643,0.006098346,0.0006559535,0.024770977,0.25091845
20170718-131902-2.jpg,7,8,0.018366877,0.00857102,0.015093334,0.0125484485,0.085174315,0.020879427,0.024306798,0.19652689,0.61853284
20170718-132125-2.jpg,7,7,0.010853706,0.080203086,0.0004401432,0.0061765034,0.0047769165,0.0009039695,0.06522368,0.5004552,0.33096677
20170718-132237-2.jpg,7,7,0.01203555,0.02127628,6.196141e-05,0.019740153,0.0069350717,0.0005031332,0.0012052624,0.63658345,0.30165917
20170718-132309-2.jpg,7,8,0.054000158,0.01172952,0.0002298836,0.0446168,0.08651066,0.00018949075,0.002906848,0.38709173,0.41272485
20170718-132313-2.jpg,7,8,0.009186177,0.06176887,0.0006587177,0.16628055,0.027424902,0.0116762705,0.04698415,0.0761265,0.59989375
20170718-132334-2.jpg,7,7,0.014221761,0.037877347,7.744403e-05,0.0017815168,0.0003845778,0.00037900597,0.0005115364,0.9310335,0.013733314
20170718-132405-2.jpg,7,8,0.013771839,0.14089942,0.015064735,0.014037224,0.007631117,0.0008076975,0.06313571,0.2549654,0.48968685
20170718-132704-2.jpg,7,7,0.08589326,0.013024889,0.0018340109,0.066167,0.014063038,0.00072819705,0.0040973453,0.69546944,0.11872274
20170718-132718-2.jpg,7,7,0.038904004,0.054198887,0.0012507159,0.020566987,0.036597423,4.1925472e-05,0.0060483497,0.6854496,0.15694216
20170718-132748-2.jpg,7,7,0.06931338,0.02954925,0.000102058744,0.0035226662,0.00027259227,0.0008383279,0.000487546,0.8457492,0.050164983
20170718-132839-2.jpg,7,7,0.027952965,0.19848342,0.00022909531,0.028401926,0.010598434,0.00047738914,0.010439008,0.61228454,0.11113321
20170718-133027-2.jpg,7,8,0.0095546935,0.0020010897,0.00040836594,0.05751453,0.032625917,0.00012280216,0.00089491747,0.045959063,0.85091865
20170718-133254-2.jpg,7,8,0.03732029,0.025360871,0.00085433427,0.014539384,0.006847517,0.0038375466,0.0045483806,0.18796852,0.7187232
20170718-133305-2.jpg,7,7,0.030718606,0.01139826,0.011951137,0.046209726,0.06911637,0.022664286,0.010354699,0.42700112,0.3705858
20170718-133407-2.jpg,7,8,0.2347346,0.0071549,7.278729e-05,0.010446872,0.0007919869,0.0019603097,0.000351101,0.21335739,0.53113
20170718-133419-2.jpg,7,7,0.28148928,0.029795999,0.00038593577,0.003966345,0.0031592618,0.031507853,0.0005799165,0.5221086,0.1270068
20170718-133537-2.jpg,0,8,0.035102826,0.013888058,0.06089428,0.030551793,0.031414956,0.0038656446,0.030911561,0.07471517,0.7186557
20170718-133734-2.jpg,7,7,0.03630071,0.010094856,0.033877667,0.002698458,0.04072372,0.00086612755,0.03384739,0.7374881,0.10410298
20170718-133742-2.jpg,7,7,0.06016057,0.029546011,0.0011069382,0.0066595348,0.0056278203,0.0015165806,0.0019073563,0.82885337,0.064621866
20170718-133830-2.jpg,7,7,0.044108838,0.073399656,0.0029098233,0.016311457,0.05057576,0.001569318,0.0405562,0.5215176,0.24905129
20170721-114822-1.jpg,0,0,0.65376306,0.04306989,0.00058418466,0.0003954967,0.000609165,0.12387436,0.004526269,0.12232066,0.05085686
20170727-111533-3.jpg,4,2,0.0014649193,5.1937037e-05,0.37720448,0.03084702,0.29379958,0.0068463264,0.0004693944,0.00085433363,0.28846207
20170727-111920-1.jpg,4,2,0.00018740386,3.6023117e-05,0.91099703,0.0006400114,0.07798575,0.0021061695,0.0009849516,8.344372e-05,0.0069792853
20170727-111953-1.jpg,4,2,0.0013232128,9.382119e-05,0.5129523,0.0027134537,0.4394977,0.0047564344,0.0053559053,0.00078366406,0.032523498
20170727-112019-3.jpg,4,4,0.0064731236,0.00095179694,0.13212545,0.026215682,0.6168109,0.12906389,0.0026701645,0.0008477834,0.08484124
20170727-112226-3.jpg,4,4,0.001121415,0.0005206112,0.011635499,0.0071861856,0.66825724,0.0004540531,0.0005125218,0.0032615669,0.30705097
20170727-112933-3.jpg,4,4,0.0019320687,0.00018105908,0.028636107,0.023549529,0.86393416,0.027585153,0.0008682725,0.00087793457,0.05243567
20170727-113127-1.jpg,4,4,0.013083412,0.0025043115,0.09794861,0.015748972,0.47206545,0.0734526,0.02049924,0.011253175,0.2934442
20170727-113228-3.jpg,4,2,0.000737207,0.00014376183,0.4750094,0.00931216,0.39803034,0.018809654,0.0035979208,0.00076730794,0.093592174
20170727-113243-1.jpg,4,2,4.2646476e-05,5.928626e-06,0.91542345,0.00025888125,0.0062087136,0.00013122504,0.0012543495,2.327426e-05,0.07665166
20170727-113251-3.jpg,4,8,0.0006988837,9.1157e-06,0.004116053,0.0051960656,0.462673,0.0004225475,0.00049769017,0.00047277065,0.52591383
20170727-113341-1.jpg,4,4,0.0026223403,0.000303315,0.18317106,0.0248206,0.5818491,0.0056403135,0.0033309523,0.002284861,0.19597745
20170727-113709-1.jpg,4,4,0.0074105337,0.006145731,0.10056379,0.048003193,0.532114,0.19161624,0.010478414,0.0024993003,0.10116878
20170727-113915-3.jpg,4,4,0.0034108507,0.0003137852,0.021964762,0.01773615,0.5904887,0.027867902,0.01308304,0.0019296758,0.32320514
20170727-113933-1.jpg,4,2,0.00015364047,4.5849658e-05,0.8873884,0.0027207208,0.085795715,0.017193576,0.0005987213,0.00011167024,0.0059916032
20170727-114747-3.jpg,4,4,0.0033180357,0.00026646358,0.09735484,0.034149442,0.77032214,0.047033105,0.0016475207,0.0015837526,0.044324715
20170727-114819-3.jpg,4,4,0.0047086054,0.00039118627,0.014654326,0.05004326,0.7783268,0.025974218,0.0011037037,0.0009434142,0.12385452
20170727-115911-3.jpg,4,4,0.0005893349,4.7328766e-05,0.14256495,0.009875043,0.6654749,0.0012890648,0.00084087695,0.00072797376,0.17859052
20170727-120008-3.jpg,4,8,0.0026985072,0.0002108307,0.010873282,0.0017739974,0.40807542,0.016588578,0.0045598643,0.0020738274,0.55314565
20170727-120834-3.jpg,4,4,0.00025434187,2.703323e-05,0.0013068035,0.0032723162,0.7561259,3.55714e-05,0.00012539954,0.0007414,0.23811126
20170727-121854-3.jpg,4,4,0.01051527,0.0016794457,0.014930999,0.0388657,0.5028999,0.117336534,0.006078218,0.004427874,0.30326605
20170727-124737-3.jpg,4,4,0.0023115785,0.00014610727,0.014390493,0.026074385,0.9298824,0.00045002444,9.503528e-05,0.004470385,0.022179527
20170727-124937-3.jpg,4,4,0.00075681164,0.00012257438,0.014335631,0.010230062,0.89203256,8.652226e-05,0.0001255398,0.0022451747,0.080065034
20170727-125357-1.jpg,4,8,0.00049283006,4.1548068e-05,0.0016191662,0.0020391988,0.27924478,8.802423e-05,0.000614604,0.0019135558,0.7139462
20170727-125452-1.jpg,4,8,0.00076040457,4.1534793e-05,0.19942087,0.004533325,0.24209408,0.0002737866,0.00022674708,0.001572252,0.55107695
20170727-125931-1.jpg,4,4,0.0059728064,0.0005646885,0.3602632,0.05361259,0.48894873,0.0012389517,0.0039531095,0.016941601,0.06850424
20170727-130315-1.jpg,4,4,0.000487526,3.2799297e-05,0.28922638,0.0023640394,0.62334037,0.00018066113,0.0017722961,0.00086236454,0.08173359
20170727-130445-1.jpg,4,4,0.00096839474,2.1745216e-05,0.049853254,0.0041348096,0.82359844,0.0012145557,0.0007308175,0.00058444636,0.1188935
20170727-134601-1.jpg,4,8,0.0064579514,0.0002574189,0.039611164,0.023913683,0.44186854,0.0071121827,0.0013879276,0.005017418,0.4743737
20170727-134721-1.jpg,4,4,0.006862339,0.0008916602,0.30159518,0.03312359,0.55568177,0.010260347,0.0032123958,0.003009161,0.08536353
20170727-135548-1.jpg,4,4,0.0010069344,8.933814e-05,0.00012021726,0.013775731,0.7112605,6.561968e-05,1.0673714e-05,0.0010677687,0.27260312
20170727-140315-1.jpg,4,4,0.0011234782,4.2808075e-05,0.20839953,0.003578284,0.6743821,0.00021789195,0.0005866947,0.0010476953,0.1106215
20170727-140408-1.jpg,4,4,0.00087154476,4.1602794e-05,0.016402612,0.0070205824,0.8803971,0.00034737223,0.0001299943,0.0007879618,0.094001256
20170727-140437-1.jpg,4,4,0.0006611002,7.350169e-05,0.009352186,0.004178147,0.5831155,0.00010685828,9.2084214e-05,0.0013982424,0.40102234
20170727-140450-1.jpg,4,4,0.00019165974,9.549541e-06,0.0028039159,0.012037242,0.51529557,2.831367e-06,1.5293706e-05,0.0009234322,0.46872053
20170727-140518-1.jpg,4,4,0.0063052843,0.0004915372,0.010814099,0.041791443,0.72511154,0.0043620374,0.00068147,0.01239103,0.19805156
20170727-142920-1.jpg,4,4,0.019665584,0.008282073,0.23087633,0.05794302,0.47013298,0.15545738,0.0041919556,0.005920037,0.047530673
20170727-143021-1.jpg,4,4,0.0010604806,4.6828947e-05,0.19622777,0.03854602,0.7257646,0.0009930384,0.00016809157,0.0010666796,0.036126565
20170727-143034-1.jpg,4,4,0.004057421,0.0004121508,0.018809427,0.027765848,0.72525615,0.15952738,0.00266447,0.0016501101,0.059857022
20170727-143410-1.jpg,4,4,0.0041274074,0.00036671554,0.0058227316,0.011689627,0.80131245,0.003687501,0.00028095936,0.00326973,0.16944288
20170727-143556-3.jpg,4,4,0.00036682095,2.8909397e-05,0.00087078527,0.040457353,0.85559964,0.00024558956,3.4318586e-05,0.00025792926,0.10213858
20170727-143656-1.jpg,4,4,0.0004664363,0.0001569306,0.0032834643,0.0079508955,0.74289924,0.00085263245,0.00031688838,0.00091040885,0.24316311
20170727-143957-1.jpg,4,5,0.015603114,0.002305741,0.033152614,0.0629488,0.085972525,0.7524414,0.0017648014,0.0033054072,0.04250564
20170727-144038-1.jpg,4,4,0.0005556086,0.00022615524,0.38843766,0.020325072,0.46715912,0.014824352,0.0019639537,0.00083990087,0.10566823
20170727-144243-1.jpg,4,2,0.0014836042,4.7064426e-05,0.8223406,0.003066881,0.13881518,0.0010266888,0.00074155594,0.0016837294,0.030794602
20170727-144321-1.jpg,4,4,0.0012223221,8.647569e-05,0.03053152,0.00819365,0.91529506,0.00031307936,0.00027407063,0.0021048554,0.04197897
20170727-144335-1.jpg,4,4,0.00752079,0.0017676951,0.008633593,0.068377934,0.7738077,0.011232999,0.0011935198,0.012647228,0.11481852
20170727-144542-1.jpg,4,4,0.0047085094,0.0007760806,0.014783421,0.07937515,0.4864195,0.13672562,0.0019592284,0.0017131423,0.27353933
20170727-144650-1.jpg,4,5,0.028541079,0.03128077,0.12613077,0.09270936,0.22849123,0.3212587,0.029925453,0.029812027,0.111850545
20170727-144751-1.jpg,4,4,0.0289377,0.020399075,0.0047415025,0.20781617,0.29264516,0.20224757,0.005807901,0.02153429,0.21587065
20170727-145342-3.jpg,4,4,0.0008860185,0.0002386905,0.00028457926,0.020132806,0.7444347,0.0006911199,0.00026123828,0.0018208992,0.23124993
20170727-145620-3.jpg,4,4,0.0004125694,2.266005e-05,0.00029793303,0.0023178335,0.9594014,0.0001763334,3.9994637e-05,0.00017296485,0.037158336
20170727-145939-3.jpg,4,8,0.0004976421,2.7790573e-05,0.008536404,0.013190927,0.35775498,9.4850206e-05,0.00026020114,0.00069448905,0.61894274
20170727-150126-3.jpg,4,4,0.001880965,0.00022577425,0.08792554,0.019217687,0.7314846,0.0013590787,0.0036440308,0.0034405312,0.1508218
20170727-151236-3.jpg,4,4,0.00022453953,8.181583e-06,0.00089124934,0.0045672567,0.93828493,0.000101485486,1.9811057e-05,0.00036958331,0.05553291
20170727-151447-1.jpg,4,8,0.0062760157,0.00030544927,0.14492658,0.0075764013,0.16391942,0.0093522,0.0024153085,0.0028839002,0.6623448
20170727-151835-1.jpg,4,4,0.0018049254,0.00027176607,0.0656179,0.024839919,0.7993917,0.005220237,0.0010768918,0.0019764323,0.09980023
20170727-151903-1.jpg,4,4,0.0008269961,9.101734e-05,0.012635103,0.008266038,0.7179584,0.00015462369,0.00038027274,0.0024610613,0.25722656
20170727-152421-3.jpg,4,4,0.0014147897,4.9521786e-05,0.19681646,0.006509274,0.6153713,0.0009398906,0.00037104468,0.0018084999,0.17671922
20170727-152712-1.jpg,8,4,0.0027520051,0.000105254454,0.027410017,0.014159085,0.90783745,0.0017924315,0.00027583123,0.0024113087,0.043256614
20170727-152802-1.jpg,4,4,0.00051011576,6.6552486e-05,0.001754735,0.02240598,0.9193936,0.0002657194,0.0001894028,0.00040828844,0.055005584
20170727-152854-3.jpg,4,4,0.0018160025,0.00020671345,0.007715615,0.042264067,0.5366515,0.0055462257,0.0005685379,0.0028820385,0.4023493
20170727-153037-3.jpg,4,4,0.0023376443,0.00019215379,0.06891385,0.005765782,0.7210429,0.014579086,0.001563783,0.0028367485,0.18276809
20170727-154345-1.jpg,4,4,0.0005193598,2.886009e-06,0.0014777938,0.00062298635,0.96237344,3.4841727e-05,1.3236451e-05,0.00022210254,0.03473329
20170727-154701-1.jpg,4,2,0.00217858,0.00056156964,0.3561628,0.006765314,0.3176023,0.0037630163,0.01226317,0.0019563544,0.2987469
20170727-154716-1.jpg,4,4,0.001998176,0.00021822317,0.15508471,0.016728591,0.57478803,0.007572881,0.0028573172,0.001473371,0.23927866
20170727-154759-1.jpg,4,4,0.009117616,0.00030220277,0.3086502,0.022448901,0.5768733,0.013002142,0.0007636697,0.0076307137,0.06121121
20170727-154853-1.jpg,4,4,0.0011574748,0.00025208396,0.10664419,0.022761611,0.827238,0.0008609456,0.0009202215,0.0028566204,0.037308842
20170727-155302-1.jpg,4,4,0.003439082,0.00016347897,0.08856402,0.02615176,0.43998343,0.0016157569,0.001098538,0.004357367,0.43462652
20170727-155407-1.jpg,4,4,0.0017986011,0.00013169159,0.0019576245,0.0041266633,0.86443824,8.790816e-05,7.678119e-05,0.007724886,0.11965759
20170727-155439-1.jpg,4,4,0.0013285843,0.00013004833,0.03352454,0.05137802,0.531145,0.0035514093,0.0018157067,0.0019587139,0.37516806
20170727-155712-1.jpg,4,4,0.0002706767,4.9646333e-06,0.014652872,0.0012669484,0.91777575,8.1803926e-05,7.8754056e-05,0.00057335716,0.06529489
20170727-162148-1.jpg,4,4,0.00041451099,2.1236323e-05,0.0022041244,0.011435108,0.9045718,0.00014110123,7.49932e-05,0.00043868582,0.08069837
20170727-162309-1.jpg,4,4,0.0008188891,1.6411468e-05,0.013535899,0.011155755,0.8955622,0.00010978633,0.000106322426,0.00048101525,0.07821375
20170727-162326-1.jpg,4,4,0.00093096605,6.53393e-06,0.0071298922,0.0040463554,0.9303001,0.00019005648,9.6422555e-05,0.0004424286,0.056857347
20170727-162512-1.jpg,4,4,0.0004422305,5.6511482e-05,0.0001029473,0.07621503,0.8340697,0.00011199725,2.3383149e-05,0.00024108656,0.08873703
20170727-162807-1.jpg,4,4,0.00031190566,4.820801e-06,0.0023693969,0.004147458,0.9130245,6.109918e-05,5.4617532e-05,0.00018244411,0.079843715
20170727-162936-2.jpg,4,4,1.1115494e-05,5.457759e-06,1.5114346e-05,0.013994194,0.9619775,1.1794432e-06,1.1810888e-06,3.419832e-05,0.023960091
20170727-163038-1.jpg,4,4,0.0004757963,8.899555e-06,0.003022193,0.0014027568,0.95905066,9.465309e-06,3.463481e-05,0.0005498975,0.035445776
20170727-163124-1.jpg,4,4,0.0021720626,0.000101455065,0.0017862503,0.007225492,0.9316462,0.00040172163,9.8953285e-05,0.0017853716,0.05478237
20170727-163217-1.jpg,4,4,0.00011683704,7.1779914e-06,0.00035061108,0.0023169408,0.9688775,2.398318e-05,1.7230424e-05,0.0001487562,0.028140927
20170727-163932-3.jpg,4,8,0.0077108354,0.008179264,0.13789152,0.10513706,0.2949391,0.04588201,0.00788963,0.0020477779,0.3903228
20170727-164100-3.jpg,4,4,0.0031586792,0.00020090924,0.021683296,0.0034609172,0.8964719,0.00037618467,0.00037422913,0.0027685422,0.07150531
20170727-164126-1.jpg,4,4,0.0011015815,1.6630225e-05,0.0012505883,0.017899493,0.91080123,5.514698e-05,2.9183948e-05,0.00047387512,0.06837227
20170727-164539-1.jpg,4,4,0.00873248,0.00025287952,0.0067239483,0.046605647,0.7899608,0.00047830795,0.00031863258,0.003035825,0.14389151
20170727-164606-3.jpg,4,8,0.0013026329,0.00016073292,0.016097117,0.004591188,0.21076474,0.0001780932,0.0004473737,0.0007772792,0.7656809
20170727-165128-1.jpg,4,4,0.00043274433,3.0739917e-05,0.014156243,0.009336289,0.840226,2.3620392e-05,6.2970175e-05,0.00079024455,0.13494115
20170727-165148-1.jpg,4,4,0.0006148596,3.378246e-05,0.0025136522,0.0017986634,0.9754411,2.6792846e-05,2.7398704e-05,0.0025971576,0.016946616
20170727-165320-1.jpg,4,4,0.006248198,9.247783e-05,0.011250157,0.0073302155,0.66059107,0.0032892893,0.0018341718,0.0018820262,0.30748245
20170727-165353-1.jpg,4,4,0.00024590237,1.3798062e-05,0.018989345,0.012803832,0.9499777,3.4499877e-05,1.49458065e-05,9.650959e-05,0.017823474
20170727-165420-1.jpg,4,4,0.0007655897,1.1065972e-05,0.009082708,0.0012825594,0.97203124,0.00037767133,0.00012424786,0.00028361502,0.016041277
20170727-165715-1.jpg,4,4,0.00011224034,1.434308e-05,0.000125341,0.002927219,0.9665542,4.614933e-06,1.3378275e-05,0.00029532725,0.029953247
20170727-165826-1.jpg,4,4,0.0008506207,6.4779626e-05,0.08750689,0.008764601,0.64251006,0.00041671173,0.00047478,0.001246551,0.258165
20170727-165942-3.jpg,4,4,0.0028826836,0.00017747552,0.005393833,0.010511658,0.90354776,7.4175245e-05,0.00020907738,0.00755229,0.06965107
20170727-170035-1.jpg,4,4,0.00016616641,7.1181157e-06,0.004564072,0.0029040624,0.9351169,3.467735e-05,0.00011271531,0.00047238998,0.05662193
20170727-170217-1.jpg,4,4,0.0005988368,1.4099809e-05,0.001699244,0.004034808,0.88811165,0.00012054151,4.5038563e-05,0.00047344837,0.104902275
20170727-170606-1.jpg,4,8,0.0018111096,4.24508e-05,0.005876342,0.009177255,0.12911142,1.4525608e-05,1.4679265e-05,0.0025364126,0.8514157
20170727-170702-1.jpg,4,8,0.0007868131,8.0519254e-05,0.0030891984,0.008612807,0.46022636,5.121245e-05,0.0005038915,0.0012297707,0.5254195
20170727-170909-1.jpg,4,4,0.000640475,1.0529643e-05,0.0012255264,0.0027450202,0.91375935,4.7735288e-05,2.627514e-05,0.00042244347,0.08112267
20170727-170947-1.jpg,4,4,0.010186537,0.0027255283,0.012878668,0.07959241,0.5737323,0.026452273,0.008560105,0.010510399,0.27536175
20170727-171042-1.jpg,4,8,0.0028965783,0.00014971469,0.07626112,0.01015132,0.44406468,0.0014221356,0.002968783,0.0014675631,0.4606182
20170727-171052-3.jpg,4,4,0.012324571,0.0008806283,0.007312975,0.017144313,0.66390735,0.013805283,0.0023158535,0.007892659,0.27441645
20170727-171203-1.jpg,4,4,0.0022799277,1.691379e-05,0.0024048719,0.006970627,0.72587824,3.8365222e-05,5.8620943e-05,0.0030002818,0.25935212
20170727-171322-1.jpg,4,8,0.006166914,0.00013585808,0.013937306,0.009308983,0.40372795,0.00038763578,0.0005589626,0.0105563365,0.55522
20170727-171430-1.jpg,4,4,0.014666519,7.91821e-05,0.00943424,0.022791607,0.85931444,0.0003788744,0.000120483506,0.0069075907,0.08630711
20170727-171559-1.jpg,4,4,0.00037720124,5.6405865e-05,0.00048868055,0.010319694,0.9136632,1.8062457e-05,4.2914347e-05,0.0009498742,0.07408394
20170727-171653-3.jpg,4,4,0.0004520808,0.00011753676,0.024762938,0.013466387,0.94138974,0.00015348788,0.000102958475,0.00058130507,0.018973622
20170727-171857-1.jpg,4,4,0.0021647806,3.710487e-05,0.000824259,0.0045370664,0.7066164,0.00013218868,0.00018513462,0.0013081494,0.28419492
20170727-171924-1.jpg,4,4,0.00069692434,0.0002750957,0.0021160832,0.01938674,0.85956347,0.00014445007,0.00012648122,0.0019549697,0.115735784
20170727-172031-1.jpg,4,4,0.0010807194,0.00033637157,0.003228688,0.038509183,0.9304517,0.00031465245,9.913346e-05,0.0013168644,0.02466285
20170728-115256-1.jpg,4,4,0.002606074,0.0002118424,0.2565059,0.06543341,0.59909844,0.0012601682,0.00064156693,0.0030498034,0.07119273
20170728-120134-2.jpg,4,4,0.0004536942,4.3649223e-05,0.00022878365,0.021672117,0.9140571,0.00024380641,0.0001019677,0.00040294006,0.06279608
20170728-120147-2.jpg,4,4,0.00023397346,4.7142794e-06,0.0015713675,0.005094339,0.9859087,6.375236e-05,1.6646984e-05,0.00011978516,0.0069867303
20170728-120324-2.jpg,4,4,0.00020904787,1.6940445e-05,0.00029728244,0.037690308,0.94560325,2.6990325e-05,1.6641203e-05,0.00023648205,0.015903046
20170728-120435-2.jpg,4,4,0.00016904097,6.517824e-05,0.00016029314,0.003479888,0.96113956,4.133833e-05,2.3955245e-05,0.0001713261,0.03474941
20170728-120548-2.jpg,4,4,0.0002107646,3.6257895e-06,0.00703697,0.001683683,0.80019045,3.873836e-05,8.515497e-05,8.572502e-05,0.19066495
20170728-120919-2.jpg,4,8,0.005587691,0.00026382893,0.039855175,0.009060623,0.38906488,0.0043456145,0.0027610883,0.0069791907,0.54208195
20170728-121259-3.jpg,4,4,0.0036625771,0.0002671989,0.014331393,0.0032818124,0.89500517,0.006158647,0.001238037,0.0027713093,0.07328379
20170728-121334-2.jpg,4,4,0.0010407601,5.323594e-05,0.003314695,0.006755348,0.94323695,0.00042410195,8.702659e-05,0.0005805599,0.044507284
20170728-121353-2.jpg,4,4,0.0005847421,1.6800524e-05,0.014130626,0.004121453,0.8449483,0.0001715128,0.00032672432,0.00036512365,0.13533476
20170728-121648-2.jpg,4,4,0.0001310719,8.780089e-06,0.0013830223,0.0053427024,0.97238433,1.90495e-05,1.3712468e-05,0.00021393667,0.02050352
20170728-121857-2.jpg,4,4,0.00014786352,1.5834352e-05,0.0036122724,0.010123934,0.93154144,4.0768515e-05,5.3443593e-05,0.00015380446,0.054310557
20170728-121913-2.jpg,4,4,0.003374275,0.0001008397,0.047964092,0.011558244,0.8475537,0.0030639996,0.00064093154,0.003393444,0.0823505
20170728-121913-3.jpg,4,4,0.0022532875,0.00011745848,0.011475333,0.0069920486,0.8142928,0.007692438,0.0010193551,0.00063549465,0.1555218
20170728-122027-2.jpg,4,4,0.00046350734,1.7874325e-05,0.0005886546,0.021346267,0.9543039,2.8095652e-05,8.501488e-06,0.00048576287,0.02275747
20170728-122338-2.jpg,4,4,0.0025561845,0.00022760936,0.0015018766,0.026874164,0.8825168,0.0004934498,7.9141864e-05,0.005301793,0.08044903
20170728-122512-2.jpg,4,4,0.0009632994,0.0007121203,0.004648852,0.01754224,0.64670247,0.0016825589,0.00071180327,0.0027739014,0.32426274
20170728-122617-2.jpg,4,4,0.00048806972,3.4449957e-05,0.00030397475,0.01812544,0.96423644,2.7050583e-05,9.409055e-06,0.0003341172,0.016441192
20170728-122757-2.jpg,4,4,0.00022287827,3.212273e-06,0.0001297137,0.0019094902,0.9944073,8.380219e-05,2.232929e-06,4.9198614e-05,0.0031921635
20170728-123215-3.jpg,4,4,0.0070870784,0.0002328948,0.02488766,0.012722625,0.8631799,0.001801029,0.0004506056,0.0036870243,0.085951135
20170728-123405-3.jpg,4,4,0.0017980422,0.0001247508,0.03262355,0.008234948,0.65695876,0.000724487,0.0024646034,0.010165729,0.2869051
20170728-124020-2.jpg,4,4,9.094399e-05,3.990537e-06,6.4089865e-05,0.008431913,0.9870974,1.4987316e-05,5.0095337e-06,9.268509e-05,0.0041990015
20170728-124431-3.jpg,4,4,0.00056569115,3.637763e-05,0.000364968,0.065507,0.9152962,0.00097245665,4.1873827e-05,0.00016872643,0.017046692
20170728-124451-2.jpg,4,4,0.00042860067,0.00015189461,0.010845134,0.009979622,0.8059466,0.00016914248,0.00028877484,0.0010370467,0.17115323
20170728-124749-2.jpg,4,4,0.00025739789,1.2181763e-05,0.00030969037,0.027504776,0.8954094,0.00010884931,1.6190012e-05,0.00045508533,0.0759264
20170728-124932-2.jpg,4,4,0.00064530625,3.499061e-05,0.0003059228,0.05674879,0.8602886,7.2153554e-05,5.2610656e-05,0.00019692312,0.08165469
20170728-125031-2.jpg,4,4,0.00012235886,5.5232326e-06,0.00051706814,0.00975182,0.98316896,2.5939376e-05,8.85616e-06,7.694141e-05,0.0063224705
20170728-125143-2.jpg,4,4,0.005059195,0.00022334607,0.00046613556,0.21414174,0.74053323,0.00191422,0.00013168121,0.0020519786,0.03547842
20170728-125356-2.jpg,4,4,0.0015722276,0.00010066455,0.17587432,0.0073404233,0.794867,0.0009591158,0.00013933024,0.0022363192,0.016910695
20170728-125619-3.jpg,4,4,0.001495786,2.7584618e-05,0.002019965,0.0031497534,0.9489619,0.00037572134,5.7802336e-05,0.0010148898,0.042896546
20170728-125632-2.jpg,4,4,0.0013772389,9.0245114e-05,0.0018159453,0.030092372,0.9050282,0.0024798703,0.00032833713,0.00074966927,0.05803811
20170728-125810-3.jpg,4,4,0.016121795,0.004869862,0.003868712,0.028700655,0.7466215,0.017343782,0.0013433412,0.009045025,0.17208536
20170728-145733-1.jpg,4,4,0.00058815914,2.2622755e-05,0.0055522886,0.0016190883,0.93757993,0.00022323492,0.00017398126,0.00018600925,0.054054808
20170728-150105-1.jpg,4,4,0.0027453902,0.00011737453,0.0071904357,0.0044855685,0.9190632,0.0025052547,0.00048230562,0.002306699,0.0611037
20170728-150132-1.jpg,4,4,0.00033430388,1.3279853e-05,0.0059894677,0.0021237056,0.98021394,7.2927694e-05,3.0283589e-05,0.0002703738,0.010951732
20170728-150148-1.jpg,4,4,0.00080865045,1.9934236e-05,0.011777302,0.0028181693,0.92627215,0.00011729775,1.6659744e-05,0.00055801024,0.05761167
20170728-150426-3.jpg,8,4,0.012681613,0.0015236887,0.016256988,0.0969893,0.5478256,0.0020870096,0.00048059464,0.012862268,0.3092929
20170728-151413-1.jpg,8,4,0.006897348,0.0002808466,0.019235563,0.08846111,0.53016764,0.0042877607,0.002754261,0.0022461964,0.3456693
20170728-151512-1.jpg,4,4,0.0025345252,7.63292e-05,0.2712265,0.004336152,0.662846,0.0011727576,0.00053996383,0.0049534417,0.05231433
20170728-152054-1.jpg,8,4,0.0009224579,2.4754881e-05,0.009240264,0.001424056,0.97481495,0.0003704773,0.00014623812,0.0009845956,0.012072324
20170728-152111-3.jpg,8,4,0.004671666,0.0010932351,0.00096275733,0.18280396,0.59454125,0.0018363167,0.00035475532,0.0087626325,0.20497338
20170728-152608-1.jpg,8,2,0.001019813,3.6895857e-05,0.7549105,0.004732309,0.1831213,0.00021085361,0.0002168585,0.0009778051,0.05477363
20170728-152828-1.jpg,8,2,0.0010697773,3.18017e-05,0.7718921,0.008024027,0.15298824,0.00030857767,0.0006917391,0.0019159485,0.063077755
20170728-152836-2.jpg,4,4,0.001411699,0.00016087592,0.0068812924,0.013136496,0.796061,0.00077072886,0.00016424504,0.0009772979,0.18043645
20170728-152926-3.jpg,8,4,0.0191878,0.0024269605,0.06246932,0.0239286,0.44401383,0.1357279,0.008221643,0.008992095,0.29503182
20170728-152937-1.jpg,4,4,0.00070157804,0.00016074275,0.10478992,0.021796055,0.6128288,0.034281194,0.010641296,0.0002541614,0.21454623
20170728-153202-3.jpg,8,4,0.0018175709,0.00012356947,0.0052281236,0.010460207,0.73186177,0.0039327843,0.00104378,0.0011211755,0.24441098
20170728-153206-1.jpg,8,8,0.012371905,0.0056130798,0.004652957,0.08788203,0.10829706,0.20003039,0.012826836,0.008071501,0.5602542
20170728-153227-1.jpg,4,4,0.0005816028,4.5528115e-05,0.010376491,0.006939455,0.9572367,3.945492e-05,0.000132823,0.0007344741,0.0239135
20170728-153235-3.jpg,8,8,0.0017935534,0.00036155753,0.0009986751,0.032078322,0.2682246,0.0037377332,0.0013006367,0.0016339299,0.68987095
20170728-153353-1.jpg,4,4,5.896827e-05,3.3217693e-06,0.00042296472,0.01924882,0.9750183,3.00247e-05,5.2179084e-06,1.8337772e-05,0.0051939986
20170728-153508-1.jpg,4,4,0.0006547695,7.2598916e-05,0.006459056,0.027269201,0.86824596,0.0015376478,0.0004658312,0.0003314908,0.09496343
20170728-153614-1.jpg,8,4,0.001196629,0.0003500878,0.00016995482,0.028601538,0.9090175,0.00028006488,0.0002802888,0.0026421996,0.057461686
20170728-153615-3.jpg,8,4,0.0058197277,0.0009244613,0.21297331,0.015868109,0.5615659,0.001618672,0.0024725657,0.014210767,0.18454657
20170728-154205-1.jpg,4,4,0.0029174055,8.912008e-05,0.057094555,0.03488334,0.85807365,0.00064301107,0.00010885886,0.0024891193,0.043700904
20170728-155152-1.jpg,4,4,0.0042821052,0.00021188051,0.0026435845,0.010308378,0.8835494,0.006657821,0.00049849675,0.0024061115,0.08944208
20170729-085836-3.jpg,4,4,0.0043749493,0.00013658867,0.2662946,0.110875174,0.4955428,0.0013093932,0.00039562822,0.0040494655,0.11702141
20170729-090140-1.jpg,4,4,0.0018589705,0.0002001974,0.06648665,0.010722676,0.8840992,0.0006666469,0.00040421708,0.0048209447,0.030740468
20170729-090158-1.jpg,4,4,0.002951393,0.0007511567,0.053300254,0.04503647,0.68543756,0.001950986,0.004500871,0.007693947,0.19837737
20170729-090346-1.jpg,4,4,0.0032701294,9.445229e-05,0.0098574255,0.016865294,0.68149763,0.0010381103,0.00025671502,0.006552505,0.2805678
20170729-090435-2.jpg,4,4,0.00044645194,2.1469008e-05,0.0029011357,0.003366654,0.8735768,5.709769e-05,7.46311e-05,0.0012290808,0.1183267
20170729-090707-1.jpg,4,4,0.009410638,0.00072902284,0.012322471,0.014408854,0.7497529,0.03298945,0.0017659769,0.0063327947,0.17228785
20170729-091105-2.jpg,4,4,0.00041531347,2.823792e-05,0.010661704,0.005570591,0.9553677,0.00010711422,7.316847e-05,0.0006102032,0.02716595
20170729-091143-1.jpg,4,4,0.002890531,0.0012682014,0.048217762,0.041222464,0.71563715,0.00076997763,0.0046551498,0.007707667,0.17763104
20170729-091739-1.jpg,4,4,0.0001226414,1.3328674e-05,0.0001812156,0.018846743,0.9548354,9.909187e-06,8.605943e-06,0.00015697074,0.025825206
20170729-091822-2.jpg,8,4,0.0025729612,2.3711153e-05,0.012741388,0.0035890937,0.8738945,0.0002438622,6.198536e-05,0.0013160337,0.10555651
20170729-091924-2.jpg,4,4,0.0023169194,7.936346e-05,0.012795674,0.0027468142,0.9138906,0.0012146756,0.00033837903,0.0019391757,0.0646783
20170729-092115-1.jpg,4,4,7.2180774e-05,4.3399714e-06,0.0016451292,0.0044493107,0.9860093,2.584532e-05,7.057285e-06,9.4516785e-05,0.007692417
20170729-092200-2.jpg,4,4,0.00086098124,3.722478e-05,0.0023150016,0.005570718,0.8378134,0.00015196802,2.6813486e-05,0.0013432463,0.15188077
20170729-092240-1.jpg,4,4,0.0004631064,7.6516e-06,0.000415178,0.0034925987,0.89817923,4.179328e-05,1.1678874e-05,0.0003092849,0.09707941
20170729-092331-2.jpg,4,4,0.0006518216,1.4727383e-05,0.0012495153,0.0037216526,0.9571313,5.3332766e-05,3.258003e-05,0.0013817895,0.03576322
20170729-092410-1.jpg,4,4,5.1786916e-05,5.497953e-06,7.953988e-05,0.007516213,0.95568097,1.8161337e-06,9.216106e-06,5.9106478e-05,0.03659586
20170729-092628-1.jpg,4,4,0.008979513,0.0007777487,0.0037931732,0.09998205,0.7953892,0.0115416525,0.00012540979,0.0069905985,0.072420575
20170729-092646-2.jpg,4,4,0.00015059185,5.890648e-06,0.0017005831,0.00490835,0.97785497,1.6722426e-05,1.661655e-05,0.00017639836,0.015169946
20170729-092929-2.jpg,4,4,0.00056157535,7.642655e-05,0.01923604,0.030138612,0.9009416,0.00010535063,0.0001498037,0.0010319834,0.047758576
20170729-093106-1.jpg,4,4,0.020686237,0.0048973616,0.012535488,0.15051503,0.44205913,0.011366262,0.003817324,0.077416,0.27670708
20170729-093144-3.jpg,4,4,0.002645783,0.00015036986,0.0028457954,0.014756946,0.5061626,0.0021351546,0.00038756937,0.0018301563,0.46908563
20170729-093155-1.jpg,4,8,0.0013761154,7.855648e-05,0.0023830035,0.004528676,0.1362907,0.00048688988,0.00089153607,0.0006033983,0.8533612
20170729-093227-2.jpg,4,4,0.00065995386,1.54588e-05,0.0015501665,0.008252957,0.9330829,0.00012906527,6.00704e-05,0.00055859797,0.055690918
20170729-093609-2.jpg,4,4,0.0001962148,2.2177517e-05,0.0020920169,0.0073136,0.9732755,0.00012182103,3.7533704e-05,0.00028559272,0.016655624
20170729-153336-3.jpg,4,5,0.017942486,0.005316097,0.026638495,0.15742745,0.24209128,0.40002334,0.004747152,0.014936487,0.13087718
20170729-153504-3.jpg,4,4,0.0011148177,1.5598836e-05,0.12452466,0.022133082,0.8287464,0.00032607335,8.637426e-05,0.0007009175,0.022352125
20170729-154012-3.jpg,4,8,0.0022359537,9.085819e-05,0.0013212322,0.046618845,0.4118582,0.000298926,0.0002654535,0.0020286832,0.53528184
20170729-154032-3.jpg,4,3,0.00043604057,4.1720497e-05,5.6608482e-05,0.4950536,0.4166616,0.00028290585,5.0586048e-05,7.093763e-05,0.08734604
20170729-154231-3.jpg,4,4,0.010816227,0.0016473305,0.01685507,0.00976535,0.49072734,0.00023668354,0.0054894374,0.020319626,0.44414288
20170729-154255-3.jpg,4,4,0.01119097,0.0011562558,0.06745108,0.07917581,0.69104356,0.0076341014,0.0021230585,0.00567417,0.134551
20170729-154609-3.jpg,4,4,0.00059284637,0.00032796958,0.0020386123,0.009771677,0.8592182,5.4075856e-05,0.00024665173,0.00054136536,0.12720867
20170729-154654-3.jpg,4,4,0.0023311565,0.00028694543,5.9788108e-05,0.01948371,0.7044271,0.00013632345,3.3964152e-05,0.0037673474,0.26947364
20170803-131649-1.jpg,0,7,0.25435522,0.17222272,5.5354853e-05,0.0010577816,0.00017089673,0.004762104,0.002416353,0.3353359,0.22962366
20170803-132744-1.jpg,0,8,0.004540554,0.011566329,0.06499736,0.008521371,0.11099065,0.00027913728,0.06071625,0.025020836,0.7133675
20170804-132513-1.jpg,1,8,0.001996823,0.0867284,2.6374128e-06,0.0010188916,2.110843e-05,0.0027933314,0.029051019,0.00083027687,0.8775575
20170804-132738-1.jpg,0,8,0.040279552,0.24807253,0.001059767,0.193908,0.0039677527,0.016091691,0.01675616,0.10621093,0.37365362
20170811-103752-2.jpg,0,8,0.040532432,0.01881978,3.197669e-05,0.0015506281,0.00080120825,0.005954052,0.0027152738,0.11820028,0.81139445
20170811-103813-2.jpg,0,8,0.15600064,0.0044925343,3.0453208e-05,0.0001931675,6.3144886e-05,0.009733191,0.0010442616,0.07851409,0.7499285
20170811-103904-2.jpg,0,0,0.74772686,0.005924801,2.3454786e-05,1.1672824e-05,8.604264e-05,0.0014251412,7.824124e-05,0.22453636,0.02018745
20170811-103929-2.jpg,0,8,0.27096304,0.018504351,0.000111617956,0.0004600021,0.0007927231,0.009668454,0.00027055314,0.054381903,0.64484733
20170811-103948-2.jpg,0,7,0.25539508,0.13203241,6.446071e-05,7.067927e-05,5.7833262e-05,0.0098038465,0.0049460037,0.41599527,0.18163443
20170811-104301-2.jpg,0,8,0.4428816,0.00095760723,0.00011798389,0.00034970374,0.0027736533,0.0011347779,2.9383442e-05,0.089907795,0.46184742
20170811-104527-1.jpg,0,7,0.28765312,0.10957533,0.0020122186,0.009501994,0.013538974,0.0062541026,0.0005878383,0.3351736,0.2357028
20170811-104712-2.jpg,0,7,0.30967236,0.07102475,0.00018265714,0.00070275797,0.000897308,0.05376002,0.0021122524,0.45519242,0.10645546
20170811-104804-2.jpg,0,0,0.6757649,0.002726083,2.989581e-06,5.2231485e-06,3.552681e-06,0.003599882,0.00019118871,0.3128566,0.004849576
20170811-105123-2.jpg,0,0,0.36180538,0.033681765,0.001313334,0.009775128,0.0035215605,0.114106946,0.012318463,0.18845804,0.27501932
20170811-110054-2.jpg,0,0,0.93539244,0.008476791,5.503001e-05,4.9890066e-05,8.801187e-05,0.01178265,0.001189421,0.030608922,0.012356869
20170811-110215-2.jpg,0,0,0.96690637,0.0009121056,9.344309e-06,9.011694e-06,1.2159819e-05,0.0034077193,9.313676e-06,0.013294772,0.015439322
20170811-110257-1.jpg,0,8,0.1959406,0.016275622,0.027670968,0.011410239,0.11043485,0.052250076,0.011285625,0.18198541,0.39274666
20170811-110324-1.jpg,0,7,0.33000943,0.09931224,0.025018536,0.002165038,0.0055432105,0.016494665,0.007966766,0.4579224,0.055567693
20170811-110434-1.jpg,0,0,0.8941199,0.006790717,0.0001364789,0.0002493275,7.2430885e-05,0.004308024,0.0038091855,0.035134513,0.055379376
20170811-110609-1.jpg,0,7,0.34079158,0.028001364,0.00024819464,0.00024749123,0.0010160018,0.029469108,0.0005892138,0.49511257,0.10452447
20170811-111212-1.jpg,0,1,0.3529179,0.54275334,6.4789354e-05,6.400394e-05,5.1480438e-05,0.0018736009,0.002949711,0.037157066,0.06216813
20170811-112623-1.jpg,0,0,0.6734439,0.01865013,9.732292e-06,9.332221e-05,4.1475272e-05,0.0007558804,0.000103441016,0.06347021,0.24343182
20170811-112723-2.jpg,0,8,0.1484483,0.25279072,0.00048174453,0.002037769,0.015893387,0.0011248988,0.0028882145,0.05421818,0.5221168
20170811-112814-2.jpg,0,0,0.5819221,0.014492655,1.016495e-06,1.8731267e-05,1.4740063e-05,0.0048793606,3.9147242e-05,0.13727517,0.26135713
20170811-113926-1.jpg,0,8,0.01394986,0.0042093764,0.00080670946,0.0066789165,0.03191602,0.0016025968,0.0018972604,0.017000357,0.92193896
20170811-114001-1.jpg,0,8,0.17710912,0.029179813,0.00025524508,0.018110448,0.005609552,0.01349173,0.0077394075,0.13324924,0.6152554
20170811-114019-1.jpg,0,8,0.0053853886,0.002813358,1.3483559e-05,0.001318023,0.0002916717,0.03467948,0.0023178076,0.0045041232,0.94867665
20170811-114813-2.jpg,0,0,0.41388333,0.00806869,0.00040360575,0.0005346632,0.0013626202,0.005074814,0.0077039315,0.30229285,0.26067552
20170811-114958-2.jpg,0,8,0.060067892,0.0077250213,9.764899e-06,2.617328e-05,2.6241509e-05,0.018986605,0.026735231,0.036998734,0.8494243
20170811-115127-1.jpg,0,0,0.4124962,0.011932283,0.001458282,0.001949283,0.0037041144,0.008499584,0.0075933505,0.20163248,0.3507344
20170811-122931-2.jpg,0,8,0.046794854,0.09959355,3.377881e-05,0.010073337,0.0032070016,0.0040377416,0.00019336211,0.011952655,0.8241137
20170811-123049-2.jpg,0,8,0.013074415,0.01600102,0.0006842553,0.027436363,0.047246512,0.0018173805,0.0008520045,0.023980683,0.86890745
20170811-123116-2.jpg,0,0,0.40382653,0.017729728,0.0010830491,0.008338347,0.008192974,0.28152332,0.006645787,0.069724664,0.20293555
20170811-123145-2.jpg,0,0,0.6154928,0.0038682646,1.1307409e-05,8.300721e-05,3.7846214e-05,0.32590732,0.0013286867,0.027684104,0.025586566
20170811-123613-2.jpg,0,8,0.014971536,0.00026412925,2.0017558e-06,8.822796e-05,4.5547455e-05,0.0017268009,0.0007272291,0.0008204811,0.9813541
20170811-124710-1.jpg,0,1,0.03330193,0.36645508,0.00010308799,0.00365185,0.00043229182,0.0060010734,0.24118923,0.082839765,0.2660257
20170811-124734-2.jpg,0,8,0.24883331,0.00028500866,8.3425846e-05,0.00013140545,0.00076353014,0.009103948,6.3096966e-05,0.020982664,0.71975356
20170811-125742-1.jpg,0,0,0.99012893,3.2905344e-05,3.7088193e-06,1.0401036e-05,3.0294143e-05,0.0024052113,7.1665618e-06,0.00082907494,0.0065522394
20170811-125945-1.jpg,0,0,0.8672759,0.0010935868,6.295921e-05,0.00027945804,0.0001784381,0.05638665,6.450642e-05,0.0667394,0.007919031
20170811-130240-2.jpg,0,0,0.9509308,0.000353411,8.555291e-06,0.00024300332,0.00049662957,0.0011001142,8.079881e-06,0.012471731,0.034387704
20170811-130332-2.jpg,0,8,0.22573629,0.0052642957,7.899494e-05,0.0008832121,0.0006666046,0.0026117016,0.00029479302,0.16608608,0.59837806
20170811-130432-2.jpg,0,0,0.9042689,0.0017534717,4.8384027e-05,3.1265063e-05,0.00021300811,0.0024980213,4.392293e-05,0.082399756,0.008743336
20170811-130552-1.jpg,0,0,0.868481,0.0046337447,6.809975e-05,0.00011555601,5.9882128e-05,0.06795929,0.0010058498,0.03618261,0.02149412
20170811-130954-2.jpg,0,0,0.9677811,0.00079667836,5.971621e-06,2.3567867e-05,2.5456924e-05,0.002484587,8.886377e-06,0.026489653,0.0023839264
20170811-131008-2.jpg,0,0,0.93264955,0.002678883,5.7813036e-06,2.2702427e-05,2.8633163e-05,0.00148777,5.165681e-05,0.052073535,0.011001418
20170811-131045-1.jpg,0,0,0.69505215,0.008548105,5.8285612e-05,0.00022647533,0.00014551455,0.15193743,0.00075922225,0.09500447,0.048268277
20170811-131322-1.jpg,0,8,0.13369365,0.010764481,0.05612663,0.017225338,0.23642553,0.03441627,0.0033189233,0.110349335,0.3976799
20170811-131509-2.jpg,0,0,0.84181166,0.00031602138,2.4005636e-05,9.026765e-05,0.00025561193,0.009627444,3.8361188e-05,0.02503844,0.12279826
20170811-132150-2.jpg,0,7,0.4465255,0.03721243,0.00015473149,7.796862e-05,0.0006560516,0.0040553845,0.00022679815,0.4863061,0.024785068
20170811-132546-1.jpg,0,0,0.85309035,0.021001328,0.00017762708,0.00015670498,3.87713e-05,0.0108562885,0.00036749523,0.0890237,0.025287822
20170811-132901-2.jpg,0,8,0.1858622,0.011064487,0.00012792891,0.0005740648,0.0006455898,0.0060022413,0.0089992415,0.03700913,0.74971515
20170811-132940-1.jpg,0,7,0.17941381,0.019215636,0.00022658665,0.003073009,0.00086426234,0.0019783292,0.008344164,0.5411083,0.24577588
20170811-132947-2.jpg,0,0,0.7817592,0.007956749,0.00014553405,7.282184e-05,0.0006722114,0.003823135,4.373627e-05,0.1711088,0.034417883
20170811-133000-1.jpg,0,0,0.5867119,0.0060261167,0.00030122683,0.0029069397,0.0048426567,0.0023548692,0.0001402495,0.24349415,0.15322182
20170811-133114-1.jpg,0,8,0.108417705,0.0010100052,0.0002586976,0.0011175213,0.011205699,0.008314937,0.0001673356,0.011916796,0.8575913
20170811-133229-1.jpg,0,8,0.09281852,0.023038898,0.00013749991,0.0032446438,0.0015447941,0.0072474475,0.0010847031,0.059420917,0.8114624
20170811-133242-1.jpg,0,8,0.064929195,0.034429047,0.00020206427,0.018029332,0.025505764,0.0012691548,0.0008464534,0.1039135,0.75087553
20170811-133254-2.jpg,0,8,0.08746047,0.1266809,0.0032478226,0.004617883,0.0061635925,0.069175825,0.052381147,0.03329384,0.6169786
20170811-133525-1.jpg,0,0,0.615026,0.0070615034,3.279206e-05,0.0003451826,0.00035752644,0.021767208,0.003185939,0.029096952,0.3231269
20170811-133548-1.jpg,0,8,0.42350194,0.0033162127,0.00014125639,0.0002940942,0.00029710223,0.012296284,0.009164107,0.08735001,0.463639
20170811-133725-1.jpg,0,8,0.15122175,0.02891265,0.00021511703,0.0028242148,0.00058781274,0.0015664905,0.010662649,0.2884418,0.51556754
20170811-133741-2.jpg,0,1,0.21428418,0.5650752,6.56074e-05,6.746765e-05,2.8431545e-05,0.00043393983,0.002072386,0.2088642,0.009108573
20170811-133752-1.jpg,0,0,0.51886827,0.014819007,0.00022508611,0.004285103,0.0012451995,0.004898289,0.003681389,0.099291064,0.35268664
20170811-134026-1.jpg,0,8,0.16649078,0.0041060722,0.00071314746,0.0030203115,0.0052422043,0.000999857,0.00057966483,0.031101607,0.7877463
20170811-134228-1.jpg,0,8,0.0066791503,0.004548868,0.00024514028,0.0022305946,0.0026723137,0.0001504392,0.0012175939,0.016138323,0.9661175
20170811-134343-1.jpg,0,8,0.22217445,0.00438924,0.00012609271,0.0006013494,0.0008253912,0.011426843,0.0025536164,0.12407814,0.6338249
20170811-134520-2.jpg,0,8,0.081731975,0.07220025,0.00012915269,0.0016309769,0.00048540533,0.0012066003,0.0027081764,0.013535989,0.8263715
20170811-134559-2.jpg,0,8,0.012903332,0.024813948,0.0012358401,0.0033421488,0.008728545,0.002507855,0.004658048,0.0027840922,0.9390262
20170811-154839-2.jpg,0,0,0.44287747,0.0033300288,2.133563e-05,8.265246e-05,0.00013618318,0.058433827,0.00013937679,0.24719153,0.24778765
20170811-162503-1.jpg,0,7,0.31684345,0.013521829,0.0013045662,0.0016364658,0.0044496567,0.020599447,0.0015253219,0.36188567,0.2782336
20170811-162821-1.jpg,0,0,0.9511261,0.0005846976,9.880652e-05,0.00029341647,0.001750621,0.0056127813,0.00024303561,0.01874792,0.021542568
20170811-162841-1.jpg,0,0,0.66643745,0.011711281,0.0027203576,0.0008109505,0.0029220989,0.0062340456,0.0006515562,0.2913406,0.017171657
20170811-162954-1.jpg,0,8,0.065046996,0.0022800658,0.0021193034,0.013160127,0.07508841,0.0011030993,0.00031898895,0.037984837,0.80289817
20170811-163711-1.jpg,0,8,0.12394096,0.031931996,0.00021046352,0.0033903867,0.00015815797,0.028841527,0.024218747,0.3640034,0.4233044
20170906-091701-1.jpg,3,3,0.0018628844,0.00017060692,0.0007388358,0.46762797,0.40609688,4.4087006e-05,5.642477e-05,0.0027699405,0.12063234
20170906-092622-1.jpg,3,4,0.00019620905,0.000120655495,0.0007116445,0.036655236,0.7651403,2.5958929e-05,0.00011971564,0.00040390238,0.19662632
20170906-092719-4.jpg,3,8,0.028922485,0.0015352393,0.09286487,0.08690595,0.22200952,0.0011761341,0.00080335943,0.024469132,0.54131335
20170906-094526-2.jpg,3,4,0.009130644,4.686432e-05,0.0076435423,0.27023873,0.56874925,0.00014200808,3.256823e-05,0.0056444746,0.13837197
20170906-094834-1.jpg,3,3,0.02770631,0.021354701,0.0012239716,0.36087355,0.27731925,0.0056115584,0.0011687,0.086796135,0.21794584
20170906-095611-1.jpg,3,8,0.0017023905,0.004004819,0.0005480149,0.35076413,0.22429398,0.00016412318,0.000910777,0.009525814,0.40808603
20170906-095816-1.jpg,3,8,0.0023102583,0.0007414859,0.0010619038,0.057741825,0.11206016,0.0027774598,0.0015611787,0.00442801,0.8173177
20170906-095922-1.jpg,3,3,0.025920859,0.024733044,0.06099947,0.34144092,0.14836934,0.006640124,0.0016639469,0.06605926,0.32417303
20170906-103822-1.jpg,3,4,0.0065774396,0.0005832723,0.004127694,0.29050732,0.566701,0.0001657836,2.0099982e-05,0.012094972,0.11922245
20170906-103921-1.jpg,3,8,0.022659536,0.0004894399,0.03358361,0.20829676,0.19599259,0.00095502933,6.8465495e-05,0.020834357,0.51712024
20170906-104054-1.jpg,3,4,0.0012166139,0.0002990964,0.0029413924,0.0973965,0.8002842,4.93458e-05,5.2079307e-05,0.0015166773,0.09624406
20170906-105248-1.jpg,3,8,0.0020145883,0.0055411356,0.0005246512,0.121734485,0.3435641,0.00017588913,0.00023618233,0.00949814,0.5167109
20170906-105952-1.jpg,3,3,0.03486106,0.011327164,0.002103699,0.657995,0.06069491,0.0017137411,0.00014321622,0.025186688,0.20597447
20170906-110707-1.jpg,3,4,0.004071971,0.0012929081,0.0013742069,0.04680892,0.4733878,0.000101243575,0.00017487565,0.013973353,0.45881465
20170906-111240-1.jpg,3,8,0.0013369458,0.027112134,0.0007959839,0.14746872,0.18177809,4.191379e-05,0.0010736733,0.011439716,0.6289528
20170906-111745-1.jpg,3,8,0.0011986775,0.005231196,3.062416e-05,0.05460246,0.0060237115,0.00024691728,0.00023406679,0.0009346426,0.9314976
20170906-112228-1.jpg,3,4,0.001739757,0.001120094,0.058484733,0.012925158,0.5061551,0.00011407684,0.010008684,0.0032946013,0.40615788
20170906-112409-1.jpg,3,8,0.030393576,0.005151004,0.008304691,0.14374454,0.08080032,0.0055252984,0.0010760789,0.025741527,0.69926304
20170906-112604-2.jpg,3,8,0.0055239815,0.0005307588,2.6727235e-05,0.15466346,0.13211682,0.00014819711,6.089713e-06,0.002921087,0.7040629
20170906-112804-2.jpg,3,4,0.0039429003,0.00048303435,0.0001588926,0.016309844,0.9344985,0.000314383,3.7193463e-06,0.004411819,0.039876837
20170906-112857-4.jpg,3,4,0.022344219,0.0011381876,0.19439131,0.17671199,0.45386052,0.0015510885,0.0006097298,0.06344612,0.08594685
20170906-113112-4.jpg,3,3,0.005451123,0.00029811062,0.0016700028,0.9337564,0.043331735,3.789072e-05,7.869156e-06,0.002568141,0.012878762
20170906-113426-1.jpg,3,8,0.003504464,0.0028663753,0.00011808259,0.03191977,0.00079588365,0.0039031175,0.026688565,0.014111884,0.9160919
20170906-113917-2.jpg,3,8,0.015750293,0.0098117,0.0009534677,0.1221642,0.13984227,0.00017028915,0.0017385154,0.011969131,0.6976002
20170906-114137-1.jpg,3,8,0.013545336,0.02162425,0.0009292165,0.2933791,0.010243459,0.014114033,0.002467537,0.09224917,0.551448
20170906-114508-1.jpg,3,8,0.00074336544,0.00048695682,0.0010172739,0.016029514,0.0036681774,0.00015417462,0.0005098115,0.0016012432,0.9757894
20170906-130537-1.jpg,3,8,0.0012721576,0.00088547653,0.0014405348,0.0072415816,0.19311193,0.0003016497,0.0028156007,0.0010855542,0.7918455
20170906-130826-1.jpg,3,4,0.0004900807,6.755941e-05,0.004649798,0.028847225,0.51014423,0.00045852945,0.0013034644,0.00042995563,0.45360917
20170906-131829-2.jpg,3,3,0.0064379573,0.0005870676,0.03404263,0.7810687,0.12913968,0.0002938566,0.00012193238,0.012540896,0.035767313
20170906-132157-1.jpg,3,2,0.0013797253,0.0003500585,0.7873271,0.005004371,0.15705995,0.00038555413,0.0037012475,0.0013905911,0.04340141
20170906-132328-1.jpg,3,4,0.15928553,0.04968313,0.14790535,0.08233493,0.22352655,0.008241227,0.002456145,0.1734185,0.15314868
20170906-133106-1.jpg,3,4,0.0020789907,4.9178572e-05,0.011693758,0.40924278,0.531975,4.900932e-05,5.956666e-05,0.0019674252,0.042884298
20170906-133126-1.jpg,3,3,0.0007633142,4.319745e-05,0.0008740226,0.97263646,0.019262005,4.7800154e-06,2.611585e-06,0.00042726938,0.0059863618
20170906-135229-2.jpg,3,8,0.0038828817,0.0004197077,0.04775342,0.19488198,0.313267,0.00021877371,0.0009665257,0.009591373,0.4290184
20170906-135411-1.jpg,3,4,0.0033028314,0.0001617936,0.047849026,0.10398271,0.6733533,0.00036504015,0.00014344635,0.0046708253,0.16617098
20170906-135543-1.jpg,3,4,0.1507823,0.0054948316,0.0039909743,0.30240852,0.30819455,0.010937029,0.00054024375,0.11603254,0.10161902
20170906-140310-1.jpg,3,4,0.002584077,0.0001160403,0.018541109,0.14384964,0.8154526,0.00013634344,7.511641e-05,0.0019681589,0.017276973
20170906-140330-1.jpg,3,3,0.012870725,7.4679025e-05,0.0027472435,0.72326136,0.11472294,0.0005824399,3.7935723e-05,0.0033818143,0.14232095
20170913-095437-1.jpg,3,4,0.0008727504,0.000911565,0.008617518,0.18675333,0.42582986,0.0003379438,0.002669549,0.0007830178,0.3732245
20170913-095615-2.jpg,3,3,0.0033528316,0.0004082151,0.02196021,0.5791975,0.14866608,0.19153832,0.0012593657,0.0004649249,0.053152494
20170913-095814-1.jpg,3,3,0.00091788004,0.00038699532,0.00043267183,0.5257159,0.37972793,0.00094025105,0.0003566526,0.00081749505,0.09070424
20170913-100116-2.jpg,3,8,0.001534316,0.005721819,0.013415602,0.35339627,0.19093008,0.011009089,0.043749943,0.0006779992,0.3795649
20170913-100221-1.jpg,3,3,0.0012979025,0.0006122263,0.00051156984,0.64880717,0.04143398,0.15735832,0.002864696,0.0010572614,0.14605685
20170913-100247-1.jpg,3,3,0.00014422323,0.00025030918,0.00010986028,0.96874386,0.007417663,0.008147309,0.00012264603,9.903105e-05,0.014965078
20170913-100332-1.jpg,3,3,0.00075117586,0.0005111328,0.005245638,0.8874347,0.07841978,0.006566381,0.0010061185,0.00094817346,0.019116892
20170913-100429-3.jpg,5,5,0.00046535386,0.0017314744,0.0012486321,0.0024343962,0.00049470615,0.88573027,0.0327356,0.00088473613,0.07427476
20170913-100510-2.jpg,3,3,0.00037278087,0.00022266027,0.0011450015,0.9130085,0.033291522,0.0065420996,8.33889e-05,9.4355484e-05,0.04523963
20170913-100707-2.jpg,3,3,0.0006611741,0.00081948057,0.0064199967,0.8247088,0.08979097,0.007887534,0.0009585761,0.00024284239,0.068510704
20170913-100746-1.jpg,3,3,0.0013755988,0.0037677207,0.0043862686,0.49023584,0.015622109,0.11690101,0.00853969,0.00068258157,0.35848907
20170913-100817-1.jpg,3,3,0.0029537894,0.0011266863,0.00082643604,0.7675282,0.037381202,0.07684849,0.000763479,0.001449561,0.1111222
20170913-100850-1.jpg,3,3,0.0032290723,0.0014955199,0.0020901815,0.69698036,0.12697871,0.0960611,0.0015311372,0.0013030529,0.070330866
20170913-100856-3.jpg,5,8,0.0064706276,0.02230498,0.012034935,0.045543227,0.004517323,0.4142662,0.027916525,0.008225472,0.4587207
20170913-100913-3.jpg,5,5,0.039399527,0.05973475,0.006267365,0.018499477,0.006203961,0.5724145,0.0038917295,0.08680651,0.20678213
20170913-101104-1.jpg,3,8,0.010743928,0.0012815789,0.0059654033,0.3217428,0.026752131,0.19405101,0.004902484,0.0018616269,0.43269902
20170913-101128-1.jpg,3,3,0.0011883896,0.00034733608,0.0020843323,0.91360325,0.04678477,0.009802751,0.0001602627,0.0015215991,0.024507353
20170913-101235-1.jpg,3,4,0.011721016,0.0062943515,0.053706147,0.29430327,0.47483587,0.019309543,0.0031242361,0.0072508263,0.1294548
20170913-101500-2.jpg,3,5,0.008980938,0.0037360918,0.010892932,0.39334294,0.040822733,0.4178297,0.002273638,0.008288822,0.11383222
20170913-101521-2.jpg,3,3,0.003961816,0.00078524416,0.022029398,0.7129763,0.037962317,0.053122412,0.0005200036,0.0017985924,0.16684389
20170913-101606-1.jpg,3,3,0.00019648173,5.2868574e-05,0.00015460743,0.91607124,0.054436713,0.0011474749,3.5319103e-05,5.6525412e-05,0.02784868
20170913-101914-2.jpg,3,2,0.0026394168,0.0011803166,0.56431955,0.057156663,0.28908795,0.00078892085,0.003075716,0.0026941684,0.07905726
20170913-102030-3.jpg,5,5,0.0014828385,0.0034006615,0.00084240455,0.0021035655,0.0005617718,0.9667446,0.0039723082,0.0011922132,0.019699687
20170913-102032-2.jpg,3,4,0.00093415304,0.000897482,0.0016508574,0.4549131,0.52959347,0.001086807,0.00016411023,0.0002447907,0.010515214
20170913-102058-1.jpg,3,3,0.00075218105,0.00013074052,0.0057303333,0.9261701,0.03876516,0.023042409,0.00014572103,0.0001651289,0.0050982344
20170913-102152-1.jpg,3,3,0.00076669257,0.00019555331,0.00025793622,0.8032652,0.15280205,0.011945787,0.00012721172,0.00019901527,0.030440511
20170913-102318-2.jpg,3,3,0.00025009402,0.00031616472,0.002891311,0.85880184,0.06283976,0.009043503,0.00074364187,4.982299e-05,0.06506392
20170913-102456-3.jpg,5,5,0.0058697117,0.008664215,0.04342758,0.023263402,0.06865085,0.70373094,0.019721832,0.006532469,0.12013894
20170913-102458-2.jpg,3,3,0.00052472134,0.0001475207,0.0004962162,0.60295475,0.35323867,0.00018832537,3.158032e-05,0.000110764195,0.04230749
20170913-102554-2.jpg,3,3,0.00018865308,9.471266e-05,0.00042364124,0.90388733,0.07145131,0.008572814,0.0003198431,0.00010057046,0.014961153
20170913-102624-2.jpg,3,4,0.007755627,0.0034370928,0.07284098,0.05111236,0.71091664,0.011356937,0.011253919,0.0130541455,0.118272305
20170913-102631-1.jpg,3,3,0.0008260943,0.0006263022,0.0050835046,0.47408488,0.15124364,0.024395555,0.00067553134,0.00022789421,0.34283668
20170913-102702-1.jpg,3,3,0.0020043284,0.0011385108,0.00037510248,0.5992181,0.20858532,0.0010825418,0.0006354038,0.0003329965,0.18662773
20170913-102731-3.jpg,5,5,0.011674112,0.005662856,0.0002014815,0.005623703,0.0015363724,0.8182838,0.02206608,0.006440602,0.1285109
20170913-102737-2.jpg,3,3,0.0038412511,0.0013943583,0.02273815,0.7863522,0.081762314,0.044742037,0.0031447788,0.0010817144,0.054943297
20170913-102751-2.jpg,3,3,0.0029249056,0.0004509914,0.011697453,0.5320111,0.21137579,0.044090442,0.0063122525,0.0003918838,0.19074528
20170913-102856-1.jpg,3,3,0.0037177256,0.0020419052,0.035874117,0.58653826,0.18305063,0.0051727714,0.0009847414,0.004344,0.17827587
20170913-102920-1.jpg,3,3,0.008233538,0.0024177812,0.009459971,0.41070816,0.03676871,0.38488698,0.002166697,0.0037421836,0.14161602
20170913-103023-1.jpg,3,4,0.022094188,0.010425243,0.21085703,0.041813135,0.5960124,0.010740585,0.005774112,0.027168276,0.07511505
20170913-103119-3.jpg,5,5,0.003262493,0.006056474,0.0003856801,0.0011563331,0.0013923885,0.68261284,0.003774181,0.0051340195,0.29622555
20170913-103128-2.jpg,3,8,0.00093532604,0.00048206092,0.0004555171,0.3521049,0.05999323,0.020130504,0.0032055255,0.00032263037,0.5623703
20170913-103658-1.jpg,3,4,0.001855253,0.00034531817,0.0025193137,0.12085429,0.6784196,0.004898784,0.0015225004,0.0009840714,0.18860088
20170913-103944-2.jpg,3,3,0.0002808321,4.415428e-05,0.0005501389,0.9163222,0.057960168,0.0035843588,0.00021103877,4.6799993e-05,0.021000374
20170913-104133-1.jpg,3,3,0.0157113,0.00641407,0.016596207,0.36861297,0.18437164,0.20235913,0.012124697,0.0052736024,0.18853633
20170913-104702-2.jpg,3,3,0.00064504147,0.0003975134,0.0013668765,0.8940816,0.059629723,0.01209791,0.00042689915,0.00029022605,0.03106412
20170913-104812-3.jpg,5,5,0.04058881,0.029691283,0.028019655,0.060867716,0.020487785,0.69456196,0.04159727,0.039591577,0.044594012
20170913-104848-2.jpg,3,3,0.009133177,0.0028473863,0.040344704,0.39927605,0.33529305,0.0469381,0.00458991,0.0041960054,0.15738161
20170913-105009-3.jpg,5,7,0.25592646,0.18452288,0.0007599788,0.00079002,0.00097008614,0.07210427,0.068359114,0.31386715,0.102699965
20170913-105137-1.jpg,3,4,0.0001567265,0.00012742747,0.0002233476,0.3570278,0.60554755,9.094631e-06,1.7643726e-05,0.00021002036,0.03668048
20170913-105154-2.jpg,3,8,0.0026719563,0.0004897951,0.002871621,0.38171113,0.19029357,0.006659978,0.00041371695,0.0021507067,0.4127375
20170913-105239-1.jpg,3,3,0.0017496541,0.0003803132,0.0005768509,0.4941647,0.44589448,0.009531871,0.00021420953,0.0004438351,0.047044016
20170913-105317-2.jpg,3,8,0.00022930953,0.00013644049,0.39734405,0.035782393,0.011234722,0.014192474,0.0026371502,3.9543465e-05,0.53840387
20170913-105416-3.jpg,5,5,0.0021309333,0.0013281924,0.00032351978,0.0028833284,0.0016044291,0.9860701,0.0003420832,0.0018316167,0.0034857346
20170913-105524-2.jpg,3,3,5.7211088e-05,6.112321e-05,4.641343e-05,0.96743125,0.012510885,0.00034982094,2.5389372e-05,1.5513671e-05,0.019502362
20170913-105608-2.jpg,3,3,0.0014100801,0.004614242,0.004056357,0.80998844,0.076781936,0.022792898,0.007316966,0.0008829678,0.07215609
20170913-105822-2.jpg,3,4,0.0017967076,0.0005785931,0.0022815545,0.075169474,0.9011408,0.00031314325,0.00033893975,0.0015505449,0.016830277
20170913-105918-1.jpg,3,3,0.0008433644,0.00034772514,0.00019886864,0.5744101,0.3976194,0.0017964924,0.00019325332,0.00022125836,0.024369584
20170913-110116-2.jpg,3,3,0.0007822301,0.00027377802,0.013489408,0.5998651,0.32594514,0.0045623574,0.0020115126,0.00094267813,0.052127805
20170913-110258-1.jpg,3,4,0.0023628317,0.0006160019,0.019885851,0.02704346,0.65729934,0.00174504,0.0014557637,0.0023561644,0.2872355
20170913-110339-1.jpg,3,4,0.00016602883,1.7717732e-05,9.130754e-05,0.4527287,0.5407617,4.7966427e-05,9.481837e-06,9.1182585e-05,0.006085937
20170913-110433-3.jpg,5,5,0.0057239495,0.00080867147,0.14037517,0.12804376,0.038520586,0.6263063,0.00062761083,0.0012065353,0.058387447
20170913-115951-2.jpg,5,5,0.0047789146,0.0026329542,0.0007401266,0.022676833,0.0017607248,0.65373904,0.008053353,0.0018883769,0.30372977
20170913-121144-2.jpg,5,5,0.0045234533,0.000472375,0.00030054597,0.0070820036,0.001817668,0.8858831,0.002216304,0.0004216591,0.09728281
20170913-121340-1.jpg,5,8,0.004813167,0.0055748126,0.012759902,0.002843599,0.005112802,0.0038257365,0.029414823,0.0033742855,0.9322807
20170913-121430-1.jpg,5,5,0.0035881202,0.0094795,0.027426718,0.0048271785,0.0021597538,0.85508275,0.010778516,0.009330817,0.077326626
20170913-121432-3.jpg,3,3,0.00875266,0.0033275522,0.024264608,0.5540814,0.15744199,0.1142103,0.0055848327,0.0042838245,0.12805288
20170913-121721-3.jpg,3,3,0.004825463,0.006492835,0.020218931,0.48272678,0.3438832,0.0020113776,0.0008256497,0.0050262418,0.13398953
20170913-122058-3.jpg,3,2,0.0014952454,0.0022851687,0.5302567,0.0113506345,0.09228877,0.0070479442,0.0051084138,0.001904884,0.34826225
20170913-122111-1.jpg,5,5,0.009242686,0.005538426,0.024682,0.16281283,0.16800009,0.5472091,0.0047086994,0.0049657593,0.07284046
20170913-122136-3.jpg,3,3,0.000253842,9.498843e-05,0.0005610353,0.9114778,0.06326388,0.0037384753,7.3428535e-05,9.232048e-05,0.02044419
20170913-122153-3.jpg,3,4,0.0016929867,0.00021539106,0.29501715,0.22078034,0.44918013,0.00092174957,0.00044124963,0.0020664106,0.029684532
20170913-122238-2.jpg,5,5,0.01616171,0.003021607,8.5109226e-05,8.8804794e-05,3.2956163e-05,0.9392655,0.013565415,0.0044193435,0.02335966
20170913-122527-2.jpg,5,5,0.0009462587,0.0005602685,0.00019948062,0.00046448267,0.00016887113,0.9774827,0.0005650614,0.00053599925,0.019076832
20170913-122734-3.jpg,3,8,0.023223663,0.017458716,0.029439727,0.2642187,0.17522413,0.011337228,0.0025154206,0.008723896,0.46785864
20170913-122745-2.jpg,5,5,0.0006046007,9.349483e-05,0.001163744,0.0032779316,0.00081230537,0.98853695,0.0003692084,8.3343155e-05,0.0050585098
20170913-122821-3.jpg,3,8,0.037880324,0.09125227,0.00038841125,0.14428017,0.029787738,0.005358266,0.00024815163,0.053551994,0.6372527
20170913-122841-1.jpg,5,5,0.01083773,0.13777398,0.0063474295,0.011522948,0.006223769,0.633858,0.028709171,0.051855925,0.11287109
20170913-122944-3.jpg,3,8,0.008867922,0.0033068443,0.036489427,0.029524557,0.061176535,0.028585741,0.0043849824,0.0131545635,0.8145095
20170913-123125-1.jpg,5,8,0.0020224804,0.000994079,0.00052168843,0.3489699,0.040498845,0.17947249,0.0009095839,0.0011738639,0.42543697
20170913-123800-1.jpg,5,8,0.00039944903,5.526369e-05,0.006332051,0.0019917197,0.023108866,0.0070110606,0.038033832,6.325689e-05,0.92300445
20170913-124146-2.jpg,5,5,0.00232108,0.0004885979,0.00033695254,0.0027624194,0.00072035904,0.9870139,0.0006129603,0.00087437534,0.0048694033
20170913-124352-3.jpg,5,5,0.039322782,0.03687099,0.056371365,0.07674281,0.22514047,0.28767654,0.030841496,0.11654719,0.13048632
20170913-124719-3.jpg,5,5,0.0028836138,0.00378109,0.0005693067,0.021683874,0.0022764038,0.8355433,0.059036266,0.004511959,0.06971425
20170920-094037-2.jpg,2,2,2.4058392e-05,3.4975557e-05,0.9953999,5.6840545e-05,0.0006033943,8.58581e-05,0.00025799236,3.3900942e-06,0.0035336663
20170920-094121-1.jpg,4,8,0.0024119983,0.01297663,0.00956573,0.013035653,0.1054328,0.008095618,0.09991708,0.007132013,0.7414324
20170920-094203-1.jpg,4,8,0.0042035957,0.031939555,0.0007628164,0.052332837,0.22554667,0.007127923,0.041812785,0.00490633,0.63136744
20170920-094446-1.jpg,2,8,9.418056e-05,0.000104451006,0.18260083,5.261295e-05,0.0070142215,8.224154e-05,0.020009512,9.162885e-05,0.7899504
20170920-094537-2.jpg,2,2,4.0748687e-06,9.366028e-06,0.99804604,4.3998803e-05,0.0007527955,8.1467064e-05,0.00030187334,1.1264121e-06,0.00075922045
20170920-094607-2.jpg,2,2,8.866767e-05,0.00047281128,0.9459694,0.0002859368,0.0034810826,0.001339941,0.018496495,8.113365e-05,0.029784523
20170920-094813-3.jpg,2,2,3.4525598e-05,7.697787e-05,0.99574214,0.0003183049,0.0013651082,0.000214939,0.0004206532,1.9610408e-05,0.0018076452
20170920-095040-3.jpg,2,2,0.00021051808,0.00016320783,0.80703187,0.00050665205,0.015617869,0.00014087615,0.0025313022,8.238803e-05,0.17371543
20170920-095211-3.jpg,2,2,6.2157065e-05,0.0002199758,0.9273609,0.00010261933,0.0013523764,0.00011233229,0.0023373612,4.0806386e-05,0.06841149
20170920-095354-1.jpg,2,2,0.0001547105,0.00020519282,0.9819193,0.0005469367,0.0043480163,0.00092276867,0.0023315132,3.8365073e-05,0.009533252
20170920-095400-3.jpg,2,2,5.7736852e-05,0.00017760979,0.9833235,0.00016569476,0.00053219794,0.00033454792,0.0044191107,2.9032299e-05,0.010960548
20170920-095425-1.jpg,2,2,1.3059337e-05,2.5957703e-05,0.9921894,0.0005007987,0.0022311765,0.0007682221,0.0009965416,6.537604e-06,0.003268408
20170920-095716-2.jpg,4,8,0.0022723498,0.0015006107,0.002288015,0.001526664,0.23277524,0.0010647649,0.011274187,0.0059429742,0.7413552
20170920-095857-1.jpg,2,2,1.0228844e-05,1.804222e-05,0.995284,8.7477216e-05,0.0029779961,4.235955e-05,0.00051261514,4.4514286e-06,0.0010627682
20170920-095943-2.jpg,2,2,2.7096006e-05,2.8987659e-05,0.99356866,6.7258996e-05,0.00073848217,3.475492e-05,0.00037606436,9.542228e-06,0.0051490953
20170920-100021-1.jpg,2,2,0.00017609281,0.00059589755,0.9758755,0.00041458153,0.0011864154,0.004234329,0.002182076,8.2557366e-05,0.01525262
20170920-100234-1.jpg,2,2,6.908237e-05,0.00010776049,0.9829313,0.00036409078,0.0027566846,0.000112217436,0.0013821286,1.6865677e-05,0.01225982
20170920-100316-2.jpg,5,5,0.030647997,0.015881767,0.061077256,0.0060115643,0.027064186,0.5028515,0.110276714,0.038818665,0.20737036
20170920-100933-2.jpg,2,2,8.572394e-07,1.4919585e-06,0.99979657,1.3572193e-05,4.289786e-05,6.852709e-06,1.1251262e-05,1.1438894e-06,0.00012547482
20170920-101745-1.jpg,2,2,0.0006293441,0.00075633114,0.93523496,0.008559074,0.010835287,0.022046896,0.005996393,0.000198441,0.015743177
20170920-101929-1.jpg,2,2,0.00044686557,0.0007482948,0.86198056,0.013157285,0.03675573,0.048832778,0.0065781907,7.930114e-05,0.031420875
20170920-102030-1.jpg,2,2,7.544891e-05,0.00018166123,0.994522,0.00019677568,0.0009354241,0.00020411324,0.00061277347,2.8529093e-05,0.0032432848
20170920-110749-2.jpg,4,3,0.00087025645,0.0008770569,0.0043815053,0.46918556,0.4053356,0.00019631349,0.00026876037,0.0018435142,0.11704145
20170920-110919-2.jpg,2,2,0.000109801345,2.8377479e-05,0.95223916,0.0012585564,0.03336743,0.000100371624,0.00018770604,0.00010099653,0.012607535
20170920-110952-2.jpg,2,2,1.890922e-05,2.1815845e-06,0.94097894,0.00040836734,0.049995437,5.204653e-05,0.00014040266,1.07143205e-05,0.008392974
20170920-111011-3.jpg,2,2,0.000177422,1.4314996e-05,0.62802273,0.0013581846,0.06342708,0.00030619398,0.0020737224,3.6268426e-05,0.3045841
20170920-111042-3.jpg,4,4,0.008433193,0.0006161189,0.15894417,0.044531614,0.6777622,0.0015268545,0.0006753854,0.0120029645,0.09550754
20170920-111129-2.jpg,2,4,0.0043908632,0.00027414065,0.3577597,0.0045568445,0.5526354,0.000651846,0.00095362193,0.009684245,0.06909337
20170920-111146-2.jpg,2,2,1.1734929e-06,6.688747e-07,0.999782,1.0011697e-05,0.00014358699,3.4562527e-06,2.5099948e-06,5.8336616e-07,5.5950728e-05
20170920-111615-2.jpg,2,2,1.0864679e-05,1.2850305e-05,0.9960169,0.00019720607,0.0006182905,6.420638e-05,8.90628e-05,5.2212285e-06,0.002985349
20170920-112118-3.jpg,4,8,0.0010508675,0.0011258057,0.0019465818,0.20756367,0.13247566,7.275062e-05,0.00037100867,0.0018012573,0.65359247
20170920-112120-2.jpg,2,2,1.7862778e-05,1.5369649e-06,0.98891467,5.5901604e-05,0.00416568,1.8966237e-05,7.903956e-05,1.03068e-05,0.006736095
20170920-112429-3.jpg,2,2,0.002864771,0.00014135014,0.46814188,0.020783251,0.31447428,0.0021748352,0.00068701216,0.0034280315,0.18730459
20170920-112545-3.jpg,2,2,2.84555e-06,6.455408e-07,0.9996474,5.1362044e-06,2.5378831e-05,1.3116626e-06,4.824203e-06,8.618064e-07,0.00031165616
20170920-112716-3.jpg,2,2,4.9563332e-05,1.4608006e-05,0.9441759,0.0003983973,0.0021308216,5.0635103e-05,0.0005139427,2.6698328e-05,0.052639555
20170920-113335-3.jpg,2,2,0.00022297869,1.4656003e-05,0.8653887,0.0017530806,0.06383386,0.0006517949,0.002486012,0.00020299536,0.06544602
20170920-113405-3.jpg,2,2,5.7493853e-06,9.529366e-06,0.99881446,6.7423505e-05,0.0002063594,0.00016688925,0.0001810407,1.3359877e-06,0.00054735725
20170920-113437-3.jpg,2,2,0.00010935919,5.939567e-05,0.99659806,0.0006971127,0.0005412292,0.0012314484,0.00019067415,3.9151626e-05,0.00053355616
20170920-113530-3.jpg,2,2,7.0585725e-06,1.6149214e-06,0.9980919,5.622609e-05,0.0013290236,1.2025451e-05,2.1031183e-05,3.341163e-06,0.00047778344
20170920-113543-3.jpg,2,2,3.2781347e-05,9.456905e-06,0.9818901,0.00031508098,0.0052290834,7.003158e-05,0.0007044975,1.16574465e-05,0.011737226
20170920-113634-3.jpg,2,2,0.00030541306,2.3096976e-05,0.9206223,0.0027514154,0.04376005,7.959195e-05,0.00020888708,0.00053177687,0.031717487
20170920-113646-3.jpg,2,2,0.0003156533,1.7202039e-05,0.96402043,0.0012987109,0.020291008,0.00018515819,0.00017093365,0.0004842192,0.013216751
20170920-113728-2.jpg,2,2,0.00040741355,1.5241705e-05,0.8559944,0.0038751597,0.08550532,7.271265e-05,0.0005697713,0.00042389642,0.053136036
20170920-114055-3.jpg,2,2,7.868623e-05,6.413427e-06,0.9901273,0.0002475709,0.006862065,5.65413e-05,7.6578115e-05,6.111759e-05,0.002483625
20170920-114110-2.jpg,2,2,0.00010321034,1.0064621e-05,0.93681574,0.00028190273,0.042640116,9.147296e-05,0.0005117794,0.00013895385,0.019406728
20170920-114220-3.jpg,2,2,0.0010642351,3.80978e-05,0.89624554,0.0016675697,0.088250116,0.00041213847,0.0002539724,0.0030261632,0.009042207
20170920-114244-3.jpg,2,2,5.7321017e-06,1.5500802e-06,0.9981736,6.6764514e-05,0.0011190133,7.6842525e-06,3.439389e-05,1.8886788e-06,0.0005893446
20170920-114250-2.jpg,2,2,2.9944565e-06,2.1463243e-06,0.9962574,8.119995e-05,0.00080802926,5.3120216e-06,3.3437336e-05,1.9815757e-06,0.0028074507
20170920-114342-3.jpg,2,2,7.608739e-05,8.896632e-06,0.97974145,0.0010529461,0.01635002,0.00010153305,4.023324e-05,7.102494e-05,0.0025579063
20170920-114832-2.jpg,2,2,0.0005951406,4.7805115e-05,0.49840093,0.002548945,0.14908579,0.00016596119,0.0018842793,0.0018594775,0.3454117
20170920-115200-3.jpg,2,2,0.0004883989,4.6359743e-05,0.68220425,0.0019842987,0.18214196,0.0002233749,0.0041898116,0.0006441175,0.12807742
20170920-115307-2.jpg,2,2,1.4694268e-05,1.2129277e-05,0.99737096,0.00016171954,0.0010909685,4.9092756e-05,2.9118524e-05,4.8804804e-06,0.0012664619
20170920-115351-2.jpg,2,2,0.0009479381,9.912184e-05,0.49166307,0.010760986,0.41221547,0.0003450751,0.00034303943,0.007528218,0.07609708
20170920-115420-2.jpg,2,2,7.472971e-05,2.0075093e-05,0.94526875,0.0012378208,0.04085705,9.03571e-05,0.00040959535,0.000113263064,0.011928275
20170920-115453-3.jpg,2,2,8.000025e-06,1.7482037e-06,0.98564535,0.0008127632,0.012928576,0.000108841276,1.3034766e-05,4.1215885e-06,0.0004774772
20170920-115538-2.jpg,2,2,0.001109162,0.0001448277,0.8148549,0.005906863,0.050988793,0.00035602108,0.002131258,0.0012046732,0.123303555
20170920-115716-2.jpg,2,2,0.0010700299,4.373404e-05,0.94362795,0.00076756615,0.027032562,9.530299e-05,0.00016770007,0.00078589213,0.026409207
20170920-120001-2.jpg,2,2,0.005313463,0.0009459579,0.3724908,0.0046121,0.2929191,0.021984478,0.017470233,0.008326426,0.27593747
20170920-130354-2.jpg,2,2,0.00023391677,0.00048866204,0.99246675,0.00030970678,0.0018180583,0.00048018032,0.0012798191,0.00012371394,0.0027992353
20170920-130803-2.jpg,2,2,0.0006460599,0.0001008983,0.59728587,0.0092085535,0.3629865,0.000525479,0.00060258846,0.0010986256,0.027545396
20170920-130911-2.jpg,2,2,2.2575414e-06,5.707939e-06,0.99924856,9.164024e-05,9.6269694e-05,7.559885e-05,0.0001134239,4.4339643e-07,0.00036606472
20170920-131001-2.jpg,2,2,0.00025976764,0.00010679953,0.9680572,0.006652779,0.011903225,0.00373442,0.0002660273,0.00013210866,0.008887642
20170920-131101-2.jpg,2,2,0.0037672147,0.0006121322,0.6135612,0.074711725,0.15359184,0.08705603,0.0028669534,0.0012674279,0.062565394
20170920-131212-2.jpg,2,2,1.5302558e-05,1.2665412e-05,0.99143994,0.00069606723,0.004329816,0.0010834392,0.00031483744,4.194713e-06,0.002103745
20170920-132106-2.jpg,2,2,0.00010528452,1.6602791e-05,0.9629091,0.0012586368,0.010948782,1.9778941e-05,6.3855485e-05,0.000104133556,0.024573857
20170920-132152-2.jpg,2,2,0.00010968079,2.2594724e-05,0.97729516,0.002990875,0.015135495,0.00021193185,0.00032094982,4.083657e-05,0.0038724511
20170920-132623-2.jpg,2,2,0.00028989353,5.9239905e-05,0.88359016,0.009998247,0.084794134,0.00035266145,0.0005136572,0.000305247,0.020096637
20170920-132825-2.jpg,2,2,6.4517967e-06,7.4238474e-06,0.9995165,9.854139e-05,0.00018655909,6.12022e-05,2.1098896e-05,1.1751096e-06,0.000101108235
20170920-133159-2.jpg,2,4,0.011975741,0.0018491881,0.30104768,0.17823978,0.30339122,0.008108487,0.003232764,0.009646569,0.18250856
20170920-133309-2.jpg,2,2,0.00039651137,8.776371e-05,0.90640265,0.0065127527,0.07016902,0.0006590887,0.0009270397,0.00037134232,0.0144738
20170920-133648-2.jpg,2,2,0.00075488904,0.000106964384,0.5083496,0.0027191108,0.13139561,6.6513116e-05,0.001623686,0.001174523,0.3538091
20170920-133722-2.jpg,2,2,3.0483616e-05,6.738123e-06,0.96791506,0.0021572628,0.015691876,2.5308054e-05,6.688011e-05,3.4775985e-05,0.014071608
20170920-133910-2.jpg,2,2,2.3487405e-06,2.0836746e-06,0.9980806,4.5968456e-05,0.0002577693,6.771049e-06,1.4829511e-05,9.131994e-07,0.0015887745
20170920-134648-2.jpg,2,2,0.0014585129,0.00039820874,0.79519564,0.008340718,0.09018701,0.0003798912,0.0020741285,0.004448192,0.097517684
20170920-135038-2.jpg,2,4,0.0007900468,5.1962794e-05,0.1313354,0.005934196,0.81894326,9.7209995e-05,0.00031529908,0.0015833882,0.040949192
20170920-140039-2.jpg,2,2,0.0004416326,4.9938648e-05,0.69199914,0.0033206358,0.16691959,0.00040355595,0.0006612273,0.00068430754,0.13552
20170920-140120-2.jpg,2,2,2.2783317e-05,6.075925e-06,0.9979838,4.495469e-05,0.0005796989,1.0448764e-05,4.7517762e-05,4.890372e-06,0.0012998492
20170920-160103-3.jpg,2,2,1.0160034e-05,3.1159652e-06,0.9969573,0.00062912935,0.0020139185,2.675215e-05,1.7708062e-05,4.3444e-06,0.00033758403
20170920-160143-3.jpg,2,2,2.7345066e-05,3.098946e-06,0.8851045,0.0018126927,0.07321299,9.853226e-05,0.00021364802,2.4794537e-05,0.03950245
20170920-160514-3.jpg,2,2,3.046061e-06,6.2720875e-07,0.9994592,7.982249e-05,0.00031938739,1.1627928e-05,4.7868734e-06,1.7010178e-06,0.00011985927
20170920-160536-3.jpg,2,2,3.270866e-05,2.2281725e-05,0.98949134,8.5215324e-05,0.0012447241,5.945069e-05,0.0008653957,1.5834863e-05,0.008182907
20170920-160548-3.jpg,2,2,0.00013013888,4.0344203e-06,0.95151556,0.0020847803,0.040409476,8.59253e-05,4.2765147e-05,8.2198196e-05,0.0056451126
20170920-160634-3.jpg,2,2,3.742316e-05,0.00012038895,0.9904985,0.00018153345,0.0008034806,0.0002594236,0.0006159797,4.885098e-06,0.0074783717
20170920-162006-3.jpg,2,2,0.00024314874,2.5400985e-05,0.95318633,0.0034006846,0.029934475,9.033748e-05,0.000114616894,0.00017446514,0.012830481
20170920-162211-3.jpg,2,2,3.8142603e-05,5.1765583e-06,0.9797855,0.00027732205,0.007667404,1.3071357e-05,9.5447904e-05,1.7888335e-05,0.012100074
20170920-162458-3.jpg,2,2,3.2794727e-05,1.0946582e-05,0.9862351,0.0001715853,0.0020086095,9.635776e-06,0.00024776428,3.0965264e-05,0.011252674
20170920-162530-3.jpg,2,2,0.000204864,1.7045002e-05,0.9382892,0.00057333685,0.020767739,9.4658215e-05,0.0003250987,0.00034553284,0.03938246
20170920-162737-3.jpg,2,2,0.0018688185,0.0003868373,0.87192225,0.008654149,0.06111721,0.0005986907,0.0020066625,0.0023502542,0.051095072
20170920-162748-3.jpg,2,2,0.0051267613,0.00031295774,0.5762741,0.023457935,0.24936536,0.0018072869,0.0066104433,0.016688516,0.12035661
20170920-162858-3.jpg,2,2,0.00057958765,2.0080868e-05,0.8337709,0.0012622179,0.15325096,0.00011503721,3.3074994e-05,0.0011788126,0.009789248
20170920-163134-3.jpg,2,2,0.00502748,0.000114631715,0.58617103,0.0064563053,0.37565327,0.0030169731,0.00034226952,0.0046818205,0.018536218
20170920-163318-3.jpg,2,2,1.3728986e-05,5.5649584e-06,0.9990181,0.00027066094,0.00016462039,0.00034157842,2.031249e-05,4.904141e-06,0.00016048476
20170920-163354-3.jpg,2,2,0.00010662968,5.7400275e-06,0.8667693,0.00066486787,0.009620896,8.918608e-06,0.00010865628,0.000121813726,0.122593194
20170920-163419-3.jpg,2,2,0.0004736332,0.000629728,0.97665673,0.00938489,0.0037281946,0.0037932706,0.0006181284,0.00027451263,0.004440991
20170920-163436-3.jpg,2,2,0.0068625137,0.0041194074,0.8034309,0.017353645,0.011481112,0.075124584,0.00669635,0.0071346946,0.067796856
20170920-163812-3.jpg,2,2,3.1788164e-05,1.8845902e-05,0.98000205,0.00017352894,0.0009810609,8.056039e-06,6.413111e-05,1.0033898e-05,0.018710477
20170920-163845-3.jpg,2,2,0.00041370286,9.212722e-06,0.906413,0.0011872386,0.06522524,0.00018201441,0.00010624768,0.00034985816,0.026113445
20170920-163907-3.jpg,2,2,1.1728234e-06,4.2613993e-07,0.9997472,8.44689e-06,0.00020077593,8.3118533e-07,3.3313115e-06,7.478475e-07,3.7038055e-05
20170920-163917-3.jpg,2,2,0.00025233356,1.6430615e-05,0.94032097,0.001605125,0.050768036,0.00027758733,9.802513e-05,0.00016620102,0.006495395
20170920-163942-3.jpg,2,2,2.8092747e-06,9.903855e-07,0.9996233,2.9434783e-05,7.026396e-05,4.602702e-06,7.5675052e-06,6.663887e-07,0.0002602112
20170920-164043-3.jpg,2,2,0.0034688637,8.62425e-05,0.49197924,0.022642815,0.38892585,0.0005543731,0.00025846963,0.007593108,0.08449106
20170920-164158-3.jpg,2,2,7.257837e-05,8.03329e-06,0.9844759,0.0002883574,0.008833613,3.3619912e-05,5.8445523e-05,6.3214095e-05,0.006166138
20170920-164246-3.jpg,2,2,0.0034819026,0.00019439522,0.81026417,0.0098896,0.083163105,0.00067047105,0.0003972483,0.0049381927,0.08700093
20170920-164316-3.jpg,2,2,0.00017812212,6.0212293e-05,0.9773691,0.0016831213,0.01775941,0.00029490047,0.00031581888,0.00019576811,0.0021434159
20170920-164757-3.jpg,2,2,4.961692e-05,2.7023554e-05,0.9959019,0.00057679944,0.0020750368,0.00020282863,0.000113517635,2.0748963e-05,0.0010326313
20170920-164910-3.jpg,2,2,0.0060535744,0.00044419794,0.6665655,0.032669965,0.1890463,0.030359026,0.0009711649,0.0065702936,0.06731995
20170920-164924-3.jpg,2,2,0.00013429868,3.105573e-05,0.9734807,0.004677536,0.013073275,0.00049108773,0.00047918633,9.489985e-05,0.0075379442
20170920-171010-3.jpg,2,2,9.346708e-05,1.2856426e-05,0.9762664,0.00027296375,0.005684666,7.86194e-05,6.983957e-05,3.9913182e-05,0.017481387
20170920-171122-3.jpg,2,2,2.2576798e-05,1.654628e-05,0.98703337,0.0001565645,0.006706426,8.82591e-06,7.019167e-05,1.4201267e-05,0.005971293
20170920-171358-1.jpg,4,4,0.013348625,0.0060507474,0.03501468,0.022869062,0.78103215,0.0015889041,0.0016990752,0.05712319,0.08127353
20170920-171447-3.jpg,2,2,0.00074896694,0.0003357727,0.8755121,0.0046545123,0.07833461,0.007978066,0.002200588,0.000448326,0.029787032
20170920-171913-1.jpg,2,2,0.00015230711,0.00027819668,0.99050784,0.0031557805,0.002216679,0.0014877963,0.00076421,6.574775e-05,0.0013715291
20170920-171948-1.jpg,2,2,0.0001131983,0.000117377815,0.9806106,0.00029324298,0.0030045179,0.000113849404,0.0017411427,6.2302635e-05,0.013943615
20170920-172057-1.jpg,2,2,1.4214463e-05,1.28848405e-05,0.99848807,0.00011458862,0.00062538777,8.9560155e-05,0.00013487875,3.3770582e-06,0.0005169751
20170920-172208-1.jpg,2,2,6.6126327e-06,1.30305925e-05,0.999514,7.753179e-05,0.00017041928,4.800717e-05,6.1213424e-05,1.7568717e-06,0.0001074198
20170920-172300-1.jpg,2,2,0.000115843024,0.00029824654,0.9805253,0.0017069633,0.0017825274,0.002130331,0.0024666474,4.8168396e-05,0.010925847
20170920-173813-1.jpg,4,8,0.044684235,0.012549374,0.049568962,0.010194806,0.12027068,0.012315376,0.10245697,0.066648915,0.5813107
20170920-174352-1.jpg,4,4,0.0013165121,0.00090708607,0.0008581945,0.03596287,0.54381174,0.00014858657,0.0002803878,0.0049017677,0.4118129
20170920-174644-1.jpg,2,4,0.009041911,0.0022638422,0.15356775,0.007594244,0.70694226,0.017416777,0.010535559,0.0050261333,0.08761153
20170920-180512-1.jpg,2,2,3.2929796e-07,1.1897925e-07,0.9998361,2.964171e-06,9.440085e-05,1.6011454e-06,6.1405314e-07,1.04216305e-07,6.3766165e-05
20170920-180928-1.jpg,2,2,0.00036656964,8.54213e-06,0.92051387,0.00062629953,0.05034816,0.00016334922,8.253463e-05,0.00041722017,0.02747341
20170920-181043-1.jpg,2,2,0.00038562264,3.3930246e-05,0.9026434,0.0034355049,0.082747325,0.0018101559,0.00041964665,0.000468103,0.008056217
20170920-181106-1.jpg,2,2,0.0026303288,0.0012343513,0.5708378,0.005153864,0.3749649,0.0048899218,0.003865645,0.0015661852,0.034856994
20170920-181315-1.jpg,2,2,0.003661674,0.0010749175,0.40843514,0.016371654,0.3670569,0.08156807,0.0060350536,0.0025416822,0.11325491
20170920-182718-1.jpg,2,2,4.3830663e-05,6.655414e-06,0.98290944,0.00023922413,0.012679444,2.9519691e-05,4.3055024e-05,2.149546e-05,0.0040273573
20170920-182841-1.jpg,2,2,3.09962e-05,3.8398903e-06,0.9944454,0.00028062312,0.0031695159,5.277411e-05,3.963295e-05,3.0014027e-05,0.001947306
20170920-182932-1.jpg,2,2,0.0013246096,0.0009060057,0.5582312,0.04253456,0.13540444,0.0019305865,0.01813876,0.003299081,0.23823075
20170920-183005-1.jpg,2,4,0.012997291,0.0016907058,0.050739594,0.022947151,0.539946,0.0014011804,0.002822524,0.026217649,0.34123784
20170920-183310-1.jpg,2,2,5.7111542e-06,7.869934e-07,0.9990355,5.2477037e-05,0.0006293303,1.5089695e-05,7.122995e-06,4.069819e-06,0.00024997198
20170920-183330-1.jpg,2,2,3.4940425e-05,6.3653633e-06,0.9656042,0.00095021905,0.020484686,4.612466e-05,0.00033133675,3.8912785e-05,0.012503296
20170920-183647-1.jpg,2,4,0.0046453956,5.006777e-05,0.21888939,0.0062255054,0.7376653,0.0014460438,0.00012639712,0.0061147246,0.024837142
20170920-183728-1.jpg,2,2,5.1466846e-05,5.6002036e-06,0.99196726,0.00033194703,0.0049329125,2.1290802e-05,3.9658767e-05,4.9932263e-05,0.002599942
20170920-184010-1.jpg,2,2,0.0060251327,0.00084433885,0.43785313,0.037239257,0.4005879,0.0008610742,0.0014717284,0.013565045,0.10155236
20170920-184209-1.jpg,2,2,0.00073717505,0.00036010068,0.9418992,0.0017759049,0.04143314,0.00070376386,0.001235186,0.0009473588,0.010908136
20170920-184904-1.jpg,2,2,2.7909822e-05,1.8689669e-05,0.9932748,0.00059075427,0.00075081387,9.5572505e-05,0.00016026934,1.24458375e-05,0.005068685
20170920-185231-1.jpg,2,2,4.7026482e-05,6.035559e-06,0.99081016,9.785208e-05,0.0070119123,0.00016881223,7.7615456e-05,4.10799e-05,0.0017394715
20170920-185253-1.jpg,2,2,4.7461523e-05,3.0542033e-06,0.993049,0.00018149376,0.0050804866,4.4625962e-05,2.335326e-05,5.098282e-05,0.0015194966
20170920-185441-1.jpg,2,2,1.8936562e-05,4.4863464e-06,0.997912,7.607912e-05,0.0009858899,2.5733318e-05,2.954676e-05,1.2095566e-05,0.000935282
20170920-185744-1.jpg,2,2,0.0029892724,0.0008250899,0.55849254,0.0062301494,0.29723072,0.0015433228,0.008670696,0.0036337485,0.12038442
20170920-185902-1.jpg,2,4,0.00395667,0.00037540504,0.36436698,0.006853012,0.3885585,0.00023265644,0.003349406,0.0073436727,0.22496367
20170920-190113-1.jpg,2,2,0.00040828116,9.263519e-05,0.91502035,0.009069399,0.051109035,0.0006056598,0.00037005736,0.0007242494,0.022600258
20170920-190207-1.jpg,2,2,8.571413e-06,1.6092663e-06,0.9940194,6.2948304e-05,0.0046001575,9.028057e-06,4.1228643e-05,3.5073165e-06,0.0012535736
20170920-190229-1.jpg,2,2,0.000112277216,2.3975132e-05,0.9815996,0.0033473214,0.011921626,0.0003839443,7.745189e-05,0.00031483307,0.0022189375
20170920-190248-1.jpg,2,2,0.00021295174,3.9639708e-05,0.9597262,0.004093629,0.02836605,0.00015002959,0.0002786727,0.00035381364,0.0067790034
20170920-190640-1.jpg,2,8,0.0077352617,0.0044292966,0.3509081,0.041774735,0.14308102,0.00409684,0.012058462,0.013494841,0.4224214
20170920-190809-1.jpg,2,2,5.4159398e-05,4.1404364e-05,0.9849066,0.00028870843,0.0049853497,0.00019816315,0.0007013083,2.660824e-05,0.008797774
20170920-191441-1.jpg,2,8,0.0003043499,0.00010531882,0.15524076,0.002915755,0.13930775,0.00069463835,0.0009539217,0.00024914904,0.70022845
20170920-191707-1.jpg,2,2,5.7328525e-06,1.3407171e-06,0.99846053,4.450753e-05,0.00052960514,9.444939e-06,1.6816046e-05,3.519135e-06,0.0009285083
20170920-191748-1.jpg,2,2,0.00014441743,0.00011428248,0.9546056,0.007453984,0.015431837,0.00256344,0.0013401539,0.00016181357,0.01818445
20171025-073152-1.jpg,3,8,0.010905539,0.0050840275,8.096362e-05,0.15853825,0.023835178,0.00058742444,0.00011890592,0.039670195,0.7611794
20171025-073808-2.jpg,3,3,0.0005027809,0.00016992376,2.0152818e-05,0.988868,0.0061628353,1.1825642e-06,1.002793e-06,0.00059767516,0.0036763453
20171025-073900-2.jpg,3,3,0.0011427351,0.0001604737,0.00031834413,0.926683,0.05634717,6.6129182e-06,1.8646964e-05,0.001796312,0.013526574
20171025-073944-1.jpg,3,3,0.0036631408,0.017780181,0.0003997623,0.5638249,0.21505374,0.00033058642,0.0011123291,0.008567052,0.18926829
20171025-074035-2.jpg,3,3,0.0010369953,0.0019456998,0.00023306806,0.8496499,0.035454787,1.6880867e-05,0.000117828065,0.0017303745,0.10981446
20171025-074040-1.jpg,3,3,0.00095065305,0.009280593,0.0001969043,0.84166396,0.049742803,5.3967316e-05,0.0007003923,0.012551579,0.0848591
20171025-074208-1.jpg,3,3,0.0036887878,0.009172829,0.00019991817,0.8421805,0.09221537,4.4527405e-05,0.00023301739,0.018866148,0.03339886
20171025-074337-3.jpg,3,3,0.0046429015,0.015365679,0.0012561027,0.7578184,0.029937869,8.655316e-05,0.004413445,0.017170116,0.16930899
20171025-074720-3.jpg,7,1,0.012102223,0.800242,2.5968484e-05,0.0010582391,5.1609684e-05,0.0013084725,0.112822674,0.05339396,0.018994901
20171025-074804-2.jpg,3,3,0.005757994,0.0046571726,0.00039068924,0.91511273,0.006986309,0.00013518827,0.00020936254,0.006967715,0.059782922
20171025-074814-3.jpg,3,3,0.0050694277,0.0548583,0.0001413117,0.7934781,0.0038326955,0.001966434,0.00969991,0.013438779,0.11751512
20171025-074945-3.jpg,3,3,0.0069017294,0.0049683372,0.00059493445,0.6336839,0.015286027,0.0005019188,0.00089887955,0.011815459,0.32534885
20171025-075009-3.jpg,3,3,0.005649179,0.018974688,0.00012950759,0.67168826,0.0070755566,0.000527096,0.00031707768,0.0053279554,0.29031065
20171025-075029-3.jpg,3,8,0.00292457,0.007612477,1.3371866e-05,0.18880653,0.0007460637,0.00013806346,0.000109913184,0.0037102923,0.7959387
20171025-075137-1.jpg,3,8,0.019215584,0.006606504,3.7753147e-05,0.008415126,0.007836243,0.00033329448,0.00014051457,0.005181107,0.95223385
20171025-075207-1.jpg,3,8,0.01927085,0.0018763976,0.0001371516,0.1543688,0.017254371,0.0001420404,0.00020544899,0.0045034466,0.80224144
20171025-075230-2.jpg,3,8,0.059615295,0.021987617,0.0011882378,0.23790032,0.008526455,0.05530939,0.0030800933,0.0075468803,0.6048457
20171025-075321-2.jpg,3,3,0.0016179632,6.804724e-05,5.028432e-06,0.95958155,0.0029903047,8.712197e-06,2.667238e-06,0.00031243722,0.035413347
20171025-075321-3.jpg,3,3,0.019607145,0.020051282,0.004420256,0.63688546,0.13803484,0.0017686951,0.00038255457,0.040189736,0.1386601
20171025-075340-2.jpg,3,3,0.029074807,0.028896399,0.0005986279,0.4660419,0.011810814,0.05372718,0.0017065182,0.014935604,0.39320818
20171025-075622-1.jpg,3,8,0.0075980923,0.0012484428,0.015105375,0.016854253,0.008653272,0.004793458,0.002947431,0.0019117149,0.940888
20171025-075942-2.jpg,3,8,0.019185698,0.24934888,0.001780733,0.08560742,0.020514071,0.004618559,0.0012153462,0.04311648,0.5746128
20171025-075943-3.jpg,3,8,0.0058475654,0.060935088,1.2995741e-05,0.23820825,0.00030619756,0.0151301855,0.0007314052,0.020599285,0.65822893
20171025-080026-1.jpg,3,8,0.0066870362,0.014931628,0.002038556,0.39723238,0.08554226,0.0002936723,0.0007399598,0.009893785,0.48264074
20171025-080109-1.jpg,3,8,0.0018741792,0.0010255097,0.00018100673,0.02194911,0.008298488,0.00017330771,0.00036815944,0.0035694079,0.96256083
20171025-080341-1.jpg,3,3,0.015064934,0.000107120315,0.00043057938,0.6341472,0.18033816,5.0529405e-05,2.9038247e-05,0.0030339963,0.16679846
20171025-080400-1.jpg,3,8,0.0047663013,0.0001929224,0.0012406871,0.35089925,0.018306019,0.00012354324,0.00019012588,0.0015921199,0.622689
20171025-080431-1.jpg,3,8,0.015573307,0.0012653524,0.00038283007,0.11433567,0.0033651832,0.00049421086,0.00016617418,0.0012252771,0.86319214
20171025-080548-2.jpg,3,8,0.2706341,0.018183209,0.00038360132,0.12230379,0.0058903233,0.0020774791,0.00044407425,0.08729964,0.49278384
20171025-080953-1.jpg,3,8,0.014449647,0.0006862629,0.0051765246,0.32386523,0.03925428,0.00038647687,0.0001642956,0.007889216,0.6081281
20171025-081051-3.jpg,3,3,0.0018262401,8.078401e-05,0.00053510815,0.5421803,0.43240803,6.9024456e-05,9.545631e-06,0.0010927861,0.02179809
20171025-081322-2.jpg,3,3,0.020131731,0.00032099758,0.00026680346,0.6820519,0.018456304,0.00017878391,5.509346e-05,0.013769199,0.26476917
20171025-081548-1.jpg,3,8,0.006718291,0.00039287395,0.00089966756,0.23912133,0.025182903,0.00146764,0.0013259782,0.0055143964,0.7193769
20171025-081556-2.jpg,3,8,0.04016726,0.010444601,0.0022885439,0.118062116,0.029504715,0.017576661,0.00279861,0.027153503,0.752004
20171025-081726-2.jpg,3,8,0.010842924,0.0012024941,0.0018820355,0.056612656,0.011950136,0.006914028,0.005841102,0.0102434885,0.894511
20171025-081740-1.jpg,0,7,0.42330962,0.008575912,0.00017982002,0.0017555527,0.001308178,0.008300743,6.244269e-05,0.4346865,0.12182121
20171025-081752-2.jpg,3,8,0.005517083,0.00061793096,0.0022098967,0.032349147,0.023187023,0.0003120107,0.0016569287,0.0049962103,0.92915374
20171025-081905-1.jpg,0,0,0.8195283,0.0017924176,5.005802e-05,0.00013019824,0.00060891133,0.00040897372,7.668631e-05,0.12805513,0.049349356
20171025-082130-2.jpg,3,8,0.06040158,0.00017473596,0.0030598976,0.11914916,0.07544972,0.00035377708,5.4345488e-05,0.020623667,0.72073305
20171025-082241-2.jpg,3,8,0.07443792,0.0034973538,0.023307353,0.21234964,0.11337178,0.000987434,0.0013380445,0.029589392,0.54112107
20171025-082253-1.jpg,0,8,0.44279867,0.00034142955,7.686656e-06,5.491031e-05,5.000995e-05,0.004984197,1.9109795e-05,0.01625119,0.53549284
20171025-082303-3.jpg,3,3,0.0037528735,0.0005014078,0.00046035642,0.96485007,0.017604603,2.496148e-05,1.4397288e-05,0.0054455567,0.0073458394
20171025-082312-1.jpg,0,0,0.6404239,0.001311429,1.0634367e-05,4.760905e-05,4.3253225e-05,0.006437903,1.3214859e-05,0.093753256,0.2579588
20171025-082605-1.jpg,3,8,0.018953964,5.075899e-05,0.0020819493,0.15078568,0.37161908,0.00012808335,5.4711098e-05,0.0040289653,0.45229676
20171025-082709-2.jpg,3,8,0.09221131,0.003890473,0.007602357,0.07773101,0.009780467,0.0019368149,0.0007720983,0.054637916,0.7514375
20171025-082818-1.jpg,0,8,0.23510064,0.0030597788,5.0543527e-05,0.0010606996,0.00095612387,0.012351222,7.840708e-05,0.065379836,0.6819627
20171025-082829-3.jpg,3,3,0.0061622984,0.00014966924,0.00086428085,0.81522286,0.12216186,7.2330884e-05,2.0063182e-05,0.006413533,0.048933163
20171025-083151-3.jpg,7,7,0.052654322,0.017484015,0.00029217266,0.018853007,0.001212455,0.00074978214,0.0010596537,0.88217115,0.025523394
20171025-090121-2.jpg,3,3,0.0049657454,0.00041987098,0.00058797706,0.88769746,0.02350243,9.409436e-05,6.834291e-05,0.0023343223,0.08032978
20171025-090316-1.jpg,3,8,0.02625683,0.0055921697,0.07527583,0.26874548,0.2618429,0.0017074747,0.0041439002,0.07417446,0.28226086
20171025-090608-1.jpg,3,2,0.0032951625,0.0021104552,0.4031162,0.13100722,0.045227457,0.006584131,0.012765997,0.0026528507,0.39324048
20171025-090643-1.jpg,3,3,0.0351845,0.006581979,0.0059921104,0.73255146,0.072316915,0.0012249755,0.00031978593,0.08275972,0.063068524
20171025-090747-2.jpg,3,3,0.001665745,3.9950213e-05,0.00055335695,0.9116752,0.07548031,7.683926e-06,3.984719e-06,0.0019795743,0.008594149
20171025-090836-1.jpg,3,3,0.015083756,0.0037364839,0.000336364,0.89975566,0.027008438,0.00024266007,0.000114416885,0.0136606805,0.040061615
20171025-090845-3.jpg,3,3,0.0008431376,0.0007034696,9.562574e-05,0.76324975,0.13609473,0.00010614575,0.0001037773,0.0014028267,0.09740055
20171025-091030-1.jpg,3,8,0.027485518,0.013104087,0.0017980507,0.42528644,0.0064371144,0.07916686,0.0018121575,0.012773825,0.43213594
20171025-091108-2.jpg,3,3,0.02211503,0.0030913998,0.03044451,0.58493346,0.13103215,0.0017247113,0.00011384359,0.05982609,0.16671881
20171025-091126-3.jpg,3,4,0.013276185,0.0011931577,0.045074333,0.36842832,0.45385763,0.00042320057,0.00056352373,0.025074344,0.092109285
20171025-091240-2.jpg,3,3,0.005114703,0.00016569615,0.0012243955,0.95208496,0.014269606,9.656219e-05,4.394935e-05,0.0012274691,0.025772624
20171025-091328-1.jpg,3,3,0.018287461,0.0018311983,0.10733287,0.61850566,0.14685597,0.00049174554,0.0002704829,0.014650126,0.09177449
20171025-091416-1.jpg,3,3,0.0055645457,0.00011427897,7.375577e-05,0.93362474,0.048076075,7.1200334e-06,3.4421105e-06,0.0034358026,0.0091002025
20171025-091430-1.jpg,3,6,0.004608897,0.24132635,0.006024716,0.047574572,0.0032000141,0.0023778104,0.38097978,0.039897714,0.27401015
20171025-091641-1.jpg,3,3,0.0018076914,0.0004117593,0.00035794268,0.63115484,0.0034445685,7.2478004e-05,3.5765992e-05,0.0008227458,0.36189222
20171025-091659-1.jpg,3,8,0.011296699,0.0014288741,0.0009639328,0.33768424,0.062638015,0.0004417821,0.00058157445,0.010383742,0.57458115
20171025-091745-1.jpg,3,3,0.00075199496,0.0006029351,0.00066743064,0.90425617,0.0073482348,0.00062071695,0.00048240396,0.00055505295,0.084714994
20171025-092049-3.jpg,3,3,0.0044303383,0.00090562797,0.016246464,0.45195633,0.19525963,0.00039215243,0.0002587023,0.00787693,0.3226738
20171025-092207-1.jpg,3,8,0.003926012,0.036048114,0.0019689607,0.047137134,0.013634515,0.0020044127,0.03458675,0.0077172266,0.85297686
20171025-092305-3.jpg,3,8,0.036281645,0.006192492,0.16503483,0.11551807,0.17147325,0.004402995,0.0017509697,0.030977486,0.46836823
20171025-092336-2.jpg,3,3,0.0073619997,0.00026140982,0.00078853616,0.8561614,0.015027833,0.00011523777,8.752259e-05,0.0025854732,0.117610596
20171025-092349-1.jpg,3,3,0.003928538,0.0015408052,7.112479e-05,0.513192,0.005249405,0.00013437636,2.6649905e-05,0.00263755,0.47321963
20171025-092405-2.jpg,3,4,0.0060725412,7.827665e-05,0.016110701,0.37246707,0.40793693,0.00011088155,8.774029e-05,0.008344295,0.18879147
20171025-092445-1.jpg,3,3,0.008439078,0.00039505292,0.0015430556,0.9211569,0.022397336,0.0005788423,5.5473527e-05,0.0035020083,0.041932315
20171025-092638-1.jpg,3,8,0.001923355,0.002136147,0.0011372322,0.21112065,0.08233186,7.1840404e-05,0.00039930295,0.008222449,0.6926572
20171025-092653-3.jpg,7,7,0.07885557,0.242439,0.00016712847,0.0021218457,0.0001906706,0.02087045,0.0083429385,0.6063057,0.04070669
20171025-092711-3.jpg,7,7,0.056229584,0.09042139,0.0025127092,0.03866514,0.007770716,0.0010014856,0.00037948723,0.6669021,0.1361174
20171025-092759-3.jpg,7,7,0.24898729,0.04942837,0.013462671,0.052260164,0.02073251,0.00869766,0.0043769083,0.4961925,0.1058619
20171025-092802-1.jpg,3,8,0.017928531,0.0006085837,0.019494735,0.17996874,0.097083166,0.00048046818,0.00046454268,0.008063989,0.67590725
20171025-092817-1.jpg,3,8,0.007321813,0.000681864,0.0081011,0.056241054,0.009914612,0.0048655556,0.00081132894,0.0070490995,0.90501356
20171025-092835-1.jpg,3,3,0.0079237595,0.00014119054,0.0008005587,0.7417924,0.020111721,9.1472626e-05,5.211282e-05,0.0014977308,0.22758912
20171025-092853-2.jpg,3,3,0.0009350837,3.40701e-05,0.00020409259,0.92610383,0.008530619,1.6823016e-05,9.423323e-06,0.00028256548,0.06388352
20171025-092934-1.jpg,3,8,0.008045198,0.0026266878,0.00036256673,0.22382472,0.010401535,0.0010877464,0.00079784845,0.0020161583,0.7508375
20171025-093019-2.jpg,3,3,0.025768673,0.0027680811,0.0053371172,0.7893979,0.023267593,0.006728224,0.00019919788,0.014633478,0.1318998
20171025-093048-2.jpg,3,3,0.045004524,0.00046358915,0.00013465769,0.48367748,0.01083112,0.00016107534,1.3925181e-05,0.010577028,0.4491365
20171025-093155-1.jpg,3,8,0.00557261,0.019138504,0.0029683635,0.12952162,0.038447585,0.00027608502,0.016258419,0.014065197,0.7737516
20171025-093218-2.jpg,3,3,0.0021704335,6.587234e-05,0.0029282696,0.9248377,0.025518375,3.3213728e-05,6.971154e-05,0.0009966082,0.043379795
20171025-093452-1.jpg,3,3,0.0032296178,0.000104041676,0.0042753667,0.5598985,0.037603837,0.0001201774,0.0001374312,0.0013946827,0.39323637
20171025-093514-1.jpg,3,8,0.046803143,0.0014980461,0.008731037,0.23429605,0.058687024,0.0020072376,0.00091220794,0.015633903,0.63143134
20171025-093549-1.jpg,3,3,0.00208597,1.5701658e-05,0.00012026835,0.86777204,0.084045924,7.864223e-06,3.304235e-06,0.0006555945,0.045293294
20171025-093624-1.jpg,3,8,0.0113008935,0.026822513,0.0076961913,0.076905526,0.006089988,0.12416824,0.0040519196,0.013037122,0.72992766
20171025-093745-2.jpg,3,3,0.0016773727,6.0035007e-05,0.0022460897,0.83675313,0.06458143,8.392064e-05,6.391181e-05,0.0005754411,0.09395866
20171025-093959-3.jpg,7,8,0.05124545,0.11450023,0.0121901175,0.06117091,0.03955835,0.10073187,0.02794624,0.19534872,0.3973081
20171025-094114-2.jpg,3,3,0.0008742066,1.5994972e-05,0.00028927557,0.98846614,0.00463639,1.0057739e-05,3.3331153e-06,0.0001770753,0.0055274805
20171025-094342-2.jpg,3,3,0.0015478706,0.00024087523,0.00011126073,0.76918054,0.0023978644,9.014693e-06,1.04953115e-05,0.0036557522,0.22284637
20171025-094654-1.jpg,3,8,0.05673106,0.01863787,0.010559818,0.07137227,0.03716247,0.14638601,0.0129130315,0.09954957,0.54668796
20171025-094805-2.jpg,3,3,0.017149085,0.04477246,0.029770441,0.33719638,0.10429002,0.00076549995,0.032597054,0.14329271,0.29016638
20171025-094836-1.jpg,3,8,0.014235511,0.0018289292,0.0005010644,0.051531386,0.010317783,0.0011681482,0.022309517,0.019406578,0.87870103
20171025-095017-3.jpg,3,8,0.021991843,0.013656335,0.046649072,0.3118976,0.015821379,0.0009547656,0.0066935355,0.0092317555,0.57310367
20171025-095149-1.jpg,3,3,0.0041751605,8.690288e-05,0.00061629864,0.6149187,0.060021903,2.7021673e-05,2.8635015e-05,0.0013116644,0.31881374
20171025-095238-2.jpg,3,3,0.0066542705,0.00030623988,0.010662342,0.70194715,0.065304816,0.0001245598,0.00028378502,0.002624626,0.21209227
20171025-095344-1.jpg,3,8,0.0016100883,0.013101372,0.30589446,0.023820834,0.010178139,0.022938902,0.030404942,0.0017362384,0.5903151
20171025-095541-2.jpg,3,3,0.005583319,7.0417525e-05,0.0059031523,0.5552034,0.12818602,7.193977e-05,5.515808e-05,0.0029182313,0.30200836
20171025-095611-1.jpg,3,8,0.0016654073,2.0775467e-05,1.4315829e-05,0.031248823,0.00039819797,2.8328643e-05,9.139406e-06,0.0002432483,0.9663716
20171025-095632-2.jpg,3,3,0.0021821284,0.00023129869,0.0015047492,0.4858071,0.10113752,6.573683e-05,3.1905707e-05,0.0025324842,0.4065072
20171025-095638-1.jpg,3,3,0.0005135328,3.9563474e-06,3.1569944e-05,0.9442868,0.022480642,2.0007028e-06,9.3974535e-07,8.1604696e-05,0.03259889
20171025-095706-3.jpg,3,8,0.0487546,0.0019883139,0.02262375,0.15960181,0.049410414,0.0005395175,0.00017018818,0.047590613,0.66932076
20171025-095741-3.jpg,3,3,0.009046467,4.0274215e-05,0.031270042,0.7417077,0.065775685,0.000107201224,7.069436e-05,0.0013257414,0.15065616
20171025-095903-3.jpg,3,3,0.0013470994,0.00010709466,0.00011180905,0.9780213,0.0136199305,7.062028e-06,6.1066075e-06,0.0009352547,0.005844358
20171025-095957-1.jpg,3,3,0.00882456,0.003712611,0.000917623,0.72484636,0.0050291684,0.0008968905,0.00017991175,0.0058550765,0.24973777
20171025-100012-2.jpg,3,3,0.010630457,0.00047147743,0.0031192473,0.7551254,0.017572848,7.344433e-05,5.486559e-05,0.006848742,0.20610355
20171025-100255-2.jpg,3,3,0.0012505214,8.884255e-05,0.0085261,0.8515378,0.06084437,7.4876814e-05,8.834828e-05,0.00077124656,0.07681777
20171025-100327-2.jpg,3,3,0.0024535623,0.00016716578,0.0019423815,0.4893748,0.046707455,3.5785873e-05,0.00025799047,0.0010802513,0.4579807
20171025-100346-2.jpg,3,3,9.315805e-05,9.960826e-06,2.1289174e-05,0.98888785,0.0013068627,1.733043e-06,1.6060127e-06,6.6245375e-05,0.009611365
20171025-100510-2.jpg,3,3,0.0011044533,0.00020231365,0.00073229946,0.9091977,0.0315431,6.098926e-05,6.0770373e-05,0.0016685865,0.05542985
20171025-100715-2.jpg,3,3,0.0066907792,0.00032513868,0.0009763398,0.783958,0.04809234,0.0036606563,0.000215502,0.0035194135,0.15256187
20171025-100822-2.jpg,3,8,0.025865179,0.0006441598,0.0030742886,0.26249817,0.31640956,0.0034287255,0.00010049713,0.016176764,0.37180257
20171025-100830-3.jpg,3,3,0.015532164,0.0007714341,0.036406673,0.5488875,0.3346101,0.0009901423,0.0009238406,0.023730686,0.0381475
20171025-100848-3.jpg,3,3,0.010202806,0.0016120733,0.18013582,0.51490724,0.18658997,0.00060263026,0.00062408525,0.01586746,0.08945786
20171025-101138-1.jpg,3,3,0.0020032877,2.3732013e-05,0.000256822,0.7667806,0.16362154,2.4386727e-05,1.1823416e-05,0.00092801295,0.066349894
20171025-101302-1.jpg,3,3,0.0022282326,2.5505817e-05,0.00010696189,0.9076752,0.041656747,1.3456626e-05,2.9939213e-06,0.000634673,0.047656164
20171025-172145-3.jpg,3,8,0.002680778,0.00048159232,0.24107265,0.25451133,0.08366534,0.003541735,0.0051873242,0.0036203212,0.4052389
20171102-092924-3.jpg,4,8,0.0020147404,0.005686409,0.113480896,0.024077255,0.09319735,0.0021838674,0.0037766173,0.0049180193,0.7506648
20171102-093205-2.jpg,4,8,0.0051698466,0.0022457142,0.0026035544,0.19196056,0.25069958,0.0001011351,5.8637037e-05,0.021871578,0.52528936
20171102-093305-1.jpg,4,3,0.005703609,0.0017448381,0.0085179135,0.41717333,0.41098338,0.00014191406,0.0002556665,0.008560632,0.14691876
20171102-093326-1.jpg,4,4,0.0007694863,0.00011957114,0.0023584394,0.34158966,0.48724395,7.944951e-05,9.2315066e-05,0.0017086783,0.16603848
20171102-093339-2.jpg,4,8,0.058884013,0.017078564,0.000916771,0.05019325,0.06369407,0.0017909161,0.000108343345,0.25608775,0.55124635
20171102-093342-3.jpg,4,4,0.02142941,0.008360588,0.1475577,0.075043924,0.34290925,0.0016119095,0.00231612,0.068057135,0.332714
20171102-093459-1.jpg,4,8,0.027652683,0.018117081,0.18875067,0.1102672,0.04410814,0.005814862,0.007907919,0.054995134,0.5423864
20171102-093629-3.jpg,4,4,0.004239508,0.00026522295,0.10396527,0.02168896,0.4757892,0.00024974614,0.0007411564,0.0049541835,0.38810682
20171102-093936-1.jpg,4,4,0.02151254,0.01107504,0.0061757257,0.2733786,0.41778326,0.00049315084,0.0003824774,0.055965394,0.2132338
20171102-094000-1.jpg,4,2,0.0059419787,0.003048252,0.5339299,0.11297777,0.11843521,0.0020876068,0.0027279716,0.008192797,0.21265854
20171102-094653-2.jpg,4,8,0.0008562765,6.2048166e-05,0.024400786,0.035111178,0.18780945,0.00013275753,0.0016160412,0.0022717703,0.7477397
20171102-094714-3.jpg,4,8,0.0018690745,0.002247401,0.0032879827,0.0038894091,0.047350463,0.00011616638,0.0030899334,0.00724936,0.9309002
20171102-095154-1.jpg,4,3,0.0045413,0.003580512,0.00014607873,0.5878275,0.15591401,2.6647147e-05,7.687186e-05,0.007238336,0.24064876
20171102-095239-1.jpg,4,8,0.0035134894,0.0062204306,0.0042983848,0.006639287,0.00957989,0.003688697,0.020005336,0.0024088356,0.94364566
20171102-095632-3.jpg,4,8,0.0072472505,0.000995785,0.015052755,0.008288741,0.02599746,0.00023171878,0.00046376095,0.012139754,0.92958266
20171102-095706-3.jpg,4,8,0.09028277,0.023668751,0.012168682,0.09330602,0.1324741,0.009318752,0.0049325177,0.13076948,0.5030789
20171102-095843-1.jpg,4,2,0.0003832147,0.00011694517,0.9439871,0.0051133977,0.015366029,6.5580665e-05,0.00025631953,0.00028090234,0.034430467
20171102-100049-1.jpg,4,8,0.0016582999,0.012930602,0.01193446,0.027652562,0.18719886,0.0002847535,0.0004504089,0.0031732186,0.7547168
20171102-100226-1.jpg,4,8,0.037251927,0.037400614,0.034634475,0.06335344,0.16222583,0.008461345,0.15155782,0.10956601,0.3955486
20171102-100310-2.jpg,4,8,0.006305996,0.002387734,0.07561794,0.042060643,0.054712754,0.00034057006,0.0008358917,0.010479247,0.8072591
20171102-100322-1.jpg,8,8,0.003668339,0.000368093,0.05456851,0.07326617,0.24478418,7.3486975e-05,0.00022525123,0.017604224,0.6054417
20171102-100343-2.jpg,8,8,0.0036818052,0.00038279218,0.010253522,0.06691527,0.025928078,0.000296628,4.6547877e-05,0.0049446113,0.8875508
20171102-100725-2.jpg,4,8,0.006643486,0.0021677474,0.14947687,0.03460788,0.3450148,0.0010771463,0.006168621,0.011653229,0.44319022
20171102-102254-1.jpg,2,2,2.7697004e-06,3.3858544e-07,0.99725777,5.9549257e-05,0.00025428302,1.7070383e-06,4.09507e-06,2.1172652e-06,0.0024174952
20171102-102316-1.jpg,2,2,1.590495e-05,1.26212935e-05,0.9968098,0.00051819475,0.001037751,0.00011084089,0.00013440725,1.0973019e-05,0.0013495204
20171102-102521-2.jpg,2,2,1.5238226e-06,2.1698922e-06,0.99960285,8.50151e-06,1.4920656e-05,1.0114716e-06,4.156587e-06,1.3571305e-06,0.00036356435
20171102-102657-3.jpg,2,2,3.0675437e-05,1.7549593e-05,0.993439,0.0005107254,0.0015859432,1.1072442e-05,4.678008e-05,1.2423666e-05,0.0043457802
20171102-102854-1.jpg,2,2,4.0354334e-05,2.0957586e-05,0.994565,0.0010983614,0.00041130657,5.899822e-05,0.00019855335,1.3565541e-05,0.0035927868
20171102-103146-2.jpg,2,2,0.013920502,0.0008737282,0.7818628,0.013708135,0.028238185,0.0005251909,0.00046581152,0.013504416,0.14690123
20171102-103606-1.jpg,2,2,6.670393e-06,5.5343553e-06,0.99931705,5.179431e-05,8.395557e-05,3.2776059e-06,1.1306915e-05,3.037471e-06,0.00051735865
20171102-103617-3.jpg,2,2,0.0013717513,0.00087984273,0.7765818,0.0012975163,0.038552646,0.006975369,0.035390303,0.00026710777,0.13868356
20171102-103940-2.jpg,2,8,0.046224542,0.10539769,0.08637625,0.17407553,0.17501046,0.03823725,0.0074112355,0.121887796,0.24537931
20171102-104458-1.jpg,2,2,0.00058695016,8.2292514e-05,0.5669794,0.0020080346,0.36993763,0.00072638993,0.0012018732,0.0005369438,0.05794044
20171102-105632-2.jpg,2,2,0.0012653036,0.0008432788,0.889618,0.008606502,0.021639798,0.00049002765,0.0009170687,0.0018690152,0.074751094
20171102-115100-1.jpg,2,2,3.4386812e-06,1.0613441e-05,0.99955267,7.136698e-05,8.406022e-05,2.1493583e-05,6.005308e-05,9.440038e-07,0.00019537804
20171102-115311-2.jpg,2,2,0.00049792737,0.000112175054,0.95573616,0.001641533,0.004448457,0.00037295668,0.0001620239,0.00024606023,0.036782686
20171102-115337-2.jpg,2,2,2.826331e-05,2.2021733e-05,0.9814549,0.0008395016,0.000630665,0.00025961077,0.0002419797,1.0031415e-05,0.01651312
20171102-115409-1.jpg,2,2,1.8341594e-05,1.9444828e-05,0.99904054,2.787017e-05,5.4450855e-05,2.522744e-05,4.0061306e-05,1.0032983e-05,0.00076404033
20171102-115445-3.jpg,2,2,0.00011904606,0.00030876786,0.99408406,0.00075801485,0.0011429011,0.00079343916,0.000362804,9.546473e-05,0.0023354816
20171102-115453-2.jpg,2,2,3.0501451e-05,2.6800964e-05,0.9984126,0.00039246987,0.00016578741,6.8211186e-05,9.471062e-05,1.0788224e-05,0.00079806533
20171102-115533-3.jpg,2,2,0.0011125226,0.00013694659,0.8785437,0.0018259616,0.049793486,0.00022375636,0.00501006,0.000995716,0.062357925
20171102-115622-3.jpg,2,2,7.343587e-06,1.904876e-05,0.9992705,8.83851e-05,0.00016118419,1.07500255e-05,3.1590956e-05,5.180279e-06,0.00040595382
20171102-115748-1.jpg,2,2,3.310546e-05,1.39064305e-05,0.9943737,0.0001761577,0.00118753,5.8515274e-05,0.000128953,1.8219407e-05,0.004009887
20171102-115830-3.jpg,2,2,1.8057728e-05,4.205809e-05,0.9976731,0.0001727186,0.00011973216,0.0003686001,9.772255e-05,1.6003847e-05,0.001491993
20171102-115918-3.jpg,2,2,0.006548971,0.00068336795,0.5737359,0.024106303,0.048082877,0.002049622,0.0076786093,0.007901269,0.32921305
20171102-115938-3.jpg,2,2,7.807441e-07,7.397917e-07,0.99980205,8.626013e-06,2.3387638e-05,5.3035083e-06,7.919715e-06,1.4495797e-07,0.00015115387
20171102-120152-1.jpg,2,2,9.184025e-06,1.1099093e-05,0.999253,5.8503818e-05,5.724267e-05,1.0605949e-05,3.367457e-05,5.033285e-06,0.00056151696
20171102-120302-3.jpg,2,2,2.5602292e-05,1.0907498e-05,0.9933461,0.00039592973,0.00021808485,3.4066026e-05,1.8698482e-05,1.6508939e-05,0.005934046
20171102-120320-2.jpg,2,2,0.00023234048,6.5591725e-05,0.9919417,0.0011019503,0.0022911588,0.00010939845,6.324876e-05,0.00010445275,0.004090123
20171102-120336-2.jpg,2,2,3.7281676e-05,5.4988427e-06,0.9965037,0.00053882494,0.00073332136,8.742415e-06,2.0045873e-05,3.460011e-05,0.0021180115
20171102-120404-1.jpg,2,2,7.275625e-05,2.8226419e-05,0.99655545,0.00041100694,0.00024595007,0.00013013718,7.6266006e-05,4.898824e-05,0.0024312746
20171102-120725-1.jpg,2,2,0.0025779577,5.2840664e-05,0.93947303,0.002860795,0.0061284965,0.005090989,0.00013181317,0.0003741608,0.043309875
20171102-120830-1.jpg,2,2,0.0025593338,0.0001783641,0.7012953,0.0033696091,0.01839699,0.0001537674,0.0008372863,0.0009960483,0.27221325
20171102-120950-3.jpg,2,2,8.8181696e-05,0.00011876661,0.9968472,0.0005384656,0.0004574095,0.0002847205,0.00061025465,5.5906003e-05,0.00099912
20171102-121052-3.jpg,2,2,0.00065621646,0.00033807373,0.93810207,0.0010095111,0.0030281348,0.0001043637,0.0008689066,0.00034838964,0.055544276
20171102-121121-1.jpg,2,2,1.0014797e-05,4.235003e-06,0.99950147,6.833522e-05,0.00010740975,4.5262314e-06,5.4034435e-06,6.552986e-06,0.00029208304
20171102-121129-3.jpg,2,8,0.012277821,0.010818768,0.18416514,0.017037509,0.10577479,0.018780204,0.013918771,0.010983812,0.62624323
20171102-121141-1.jpg,2,2,0.0006941257,0.00065129984,0.9258762,0.006904269,0.00694089,0.00019886257,0.0007426258,0.0012455182,0.0567462
20171102-121309-3.jpg,2,2,6.360362e-05,9.193155e-05,0.99705243,0.000388352,0.0004281902,0.00030212643,0.0002998942,3.0601663e-05,0.0013428808
20171102-121401-2.jpg,2,2,7.988592e-05,2.527231e-05,0.9978021,0.00029211302,0.00059976924,7.799838e-05,6.8341775e-05,6.3447565e-05,0.0009911277
20171102-121434-2.jpg,2,2,0.0013027525,0.0001442737,0.9724036,0.0018541,0.0060152784,0.0001103677,0.00010614231,0.0016179114,0.016445508
20171102-121548-2.jpg,2,2,0.0013202538,0.000296816,0.9328853,0.004962278,0.009468176,0.0003424878,0.00070031884,0.00173511,0.048289374
20171102-121702-2.jpg,2,2,0.00010378643,5.911999e-05,0.98337275,0.000674646,0.00073603744,6.431678e-05,5.9059865e-05,0.00012797043,0.014802266
20171102-121759-3.jpg,2,2,6.602037e-05,2.6937414e-05,0.9907204,0.000115665665,0.00023206415,3.1265085e-05,8.203489e-05,1.4648817e-05,0.008710921
20171102-122003-2.jpg,2,2,2.1003272e-05,1.27899875e-05,0.9986998,2.9122582e-05,0.00020287464,1.4318727e-05,9.0597736e-05,1.1084944e-05,0.00091845595
20171102-122133-2.jpg,2,2,2.9840316e-05,1.7510994e-05,0.9941453,0.00013022407,0.0008749258,7.157125e-05,0.00039536672,1.14522945e-05,0.004323865
20171102-122300-2.jpg,2,2,4.0062157e-05,7.1714276e-06,0.90940803,0.00022677155,0.0045906752,3.0155143e-05,0.00012249798,8.515469e-06,0.08556603
20171102-122443-1.jpg,2,2,0.00010110442,1.4089081e-05,0.99463886,0.00017468895,0.0015292753,2.0869968e-05,3.953507e-05,3.301902e-05,0.0034486074
20171102-122541-2.jpg,2,2,0.0002072067,3.9435745e-05,0.64018846,0.00076572533,0.005921933,0.0007004881,0.00054244173,0.00012963203,0.35150468
20171102-122633-3.jpg,2,2,0.00012134315,1.6057806e-05,0.89412284,0.000818027,0.00427411,0.00032169945,0.00014801971,4.3255717e-05,0.100134626
20171102-122709-2.jpg,2,2,3.1381123e-06,4.032753e-06,0.9995788,3.1911397e-05,7.387855e-05,6.8403388e-06,3.7761336e-05,2.684116e-06,0.00026097373
20171102-122750-1.jpg,2,2,4.823169e-05,2.8028504e-05,0.9981647,0.00012919169,0.00041759285,4.403103e-05,6.700497e-05,4.5795634e-05,0.0010554439
20171102-122804-2.jpg,2,2,0.00071130745,0.0001336005,0.9808693,0.0009906186,0.006531418,0.00062103313,0.0004283086,0.0004767561,0.009237664
20171102-122825-1.jpg,2,2,0.0017306568,0.0002676487,0.94379026,0.005721981,0.0066450373,0.00013859804,0.00027807924,0.004582806,0.036844824
20171102-122830-2.jpg,2,2,0.0026462486,0.00075403694,0.7672181,0.0017195247,0.009856609,0.0016897819,0.009450899,0.0024454151,0.20421934
20171102-122851-3.jpg,2,4,0.04797235,0.012675911,0.11457243,0.12280758,0.2615744,0.005251742,0.0063866596,0.18337941,0.24537957
20171102-122909-1.jpg,2,2,9.629505e-05,5.514408e-05,0.9753939,0.0008135743,0.0018571962,4.6433317e-05,0.0002094418,0.00015011917,0.02137785
20171102-123002-2.jpg,2,2,0.011218288,0.017335478,0.6008315,0.04031817,0.012136308,0.07275804,0.02296685,0.0042257486,0.21820961
20171102-123036-3.jpg,2,2,0.00015631318,0.00012769314,0.98956525,0.00085139927,0.0025537973,0.00047675482,0.00084567565,9.4099814e-05,0.0053289677
20171102-123107-2.jpg,2,2,1.7036815e-05,3.1360205e-06,0.9985753,0.00020165367,0.00037909902,4.9390055e-06,4.4790822e-06,1.6771659e-05,0.0007974432
20171102-123125-1.jpg,2,2,0.00017367271,9.421184e-05,0.99580365,0.0012556717,0.0005631511,0.000113265625,3.112325e-05,0.00023761165,0.001727719
20171102-123156-1.jpg,2,2,1.2535516e-05,3.0631868e-06,0.99961925,6.1997605e-05,9.3183364e-05,3.5452722e-06,5.470969e-06,3.5130497e-06,0.00019743295
20171102-123211-2.jpg,2,2,5.7255966e-06,1.6489215e-06,0.999806,3.2045802e-05,3.987146e-05,3.333144e-06,1.9297047e-06,3.4330442e-06,0.000106176456
20171102-123238-1.jpg,2,2,0.00019251836,7.020862e-05,0.89153105,0.000893288,0.00039993098,0.0003698489,9.526052e-05,0.00019869319,0.1062493
20171102-123253-1.jpg,2,2,2.7654849e-05,1.4221859e-05,0.9963797,0.00021532782,0.00023358347,3.1955176e-05,3.1955544e-05,3.0779887e-05,0.0030348124
20171102-123303-2.jpg,2,2,5.9132806e-05,9.720558e-06,0.9968215,0.0003422787,0.00053392246,1.0424241e-05,2.067136e-05,1.9353882e-05,0.0021829456
20171102-123338-2.jpg,2,2,4.0739957e-05,2.499661e-05,0.9906068,0.00028164024,0.00032235475,2.9289708e-05,0.00015736857,2.6433125e-05,0.008510312
20171102-123402-1.jpg,2,2,0.0016618571,6.6071676e-05,0.63152254,0.008506253,0.022415802,0.0011298574,0.0009828493,0.0010034719,0.33271128
20171102-123451-3.jpg,2,8,0.0064131836,0.001879651,0.40905568,0.0024105476,0.108667195,0.00037758873,0.008070762,0.00684407,0.45628133
20171102-123516-3.jpg,2,2,0.00013311257,3.106301e-05,0.98568106,0.0006432058,0.00092634803,9.270342e-05,0.0001977654,5.0157043e-05,0.01224461
20171102-123523-1.jpg,2,2,0.00035018552,0.0002129996,0.75420886,0.00094542565,0.0022960056,0.00029630584,0.0009575876,0.00032834185,0.24040425
20171108-124115-3.jpg,5,6,0.005734814,0.06766702,0.0003760237,0.0015449858,0.00017475263,0.07228903,0.60147125,0.08563418,0.1651079
20171108-124937-3.jpg,5,5,0.09555683,0.00034978645,2.0248979e-06,0.00022049923,3.9916096e-05,0.5229792,0.0012114245,0.0008538772,0.37878639
20171108-125451-3.jpg,5,5,0.008587256,0.01293894,0.0020551768,0.011033681,0.0052451356,0.3648818,0.24942438,0.032220457,0.31361312
20171108-125657-3.jpg,5,8,0.15177886,0.00090582436,6.898285e-05,0.0021598155,0.0002456522,0.3194084,0.0033612794,0.009421347,0.51264983
20171108-130147-3.jpg,5,8,0.002022336,0.0038900848,0.00301241,0.005585359,0.0022382583,0.017658079,0.096228704,0.0032072426,0.8661575
20171108-130308-3.jpg,5,5,0.07951649,0.012526603,0.0003688191,0.062443726,0.004106554,0.38370404,0.030359702,0.12674174,0.30023232
20171108-130728-3.jpg,5,5,0.0001135632,5.549387e-06,9.0428934e-08,1.607824e-06,2.0880965e-07,0.99947447,0.00013867237,4.508865e-05,0.00022074737
20171109-071008-3.jpg,5,5,0.00090849237,0.0001403306,2.352528e-06,0.0001749258,1.9300915e-05,0.8357496,0.029506803,0.000102094724,0.13339594
20171109-071031-1.jpg,5,5,0.00025810875,0.0011469633,5.126229e-07,5.1831197e-05,1.8112978e-06,0.9717091,0.0007294726,0.00020589017,0.025896294
20171109-071111-1.jpg,5,5,5.231234e-05,0.0037645206,5.936788e-05,0.0001856435,2.4152638e-05,0.781085,0.014821218,4.0132833e-05,0.19996758
20171109-071352-1.jpg,5,8,0.0059348093,0.009154714,0.00017034044,0.00026083918,8.271258e-05,0.15605651,0.1255771,0.009260993,0.69350195
20171109-071422-3.jpg,5,8,0.0011247608,0.0021995772,0.00038512493,0.00045847258,0.00025083224,0.0046251877,0.08384667,0.00043280696,0.9066766
20171109-071437-1.jpg,5,1,0.093327805,0.45125225,3.6632562e-05,0.0005463533,8.050625e-05,0.13686502,0.027398214,0.018863605,0.27162954
20171109-071525-3.jpg,5,5,0.0053923875,0.0019356258,0.00014504419,0.0009695972,0.00027641028,0.81577885,0.02874399,0.002889394,0.14386876
20171109-071722-1.jpg,5,8,0.0015846702,0.003936058,6.487142e-05,0.00015865188,5.5061693e-05,0.1719836,0.10251381,0.0028058884,0.71689737
20171109-071918-3.jpg,5,5,0.00065388397,0.0005071042,1.7734718e-06,0.00012974304,3.594613e-06,0.9138843,0.012576178,0.00067962287,0.071563736
20171109-071938-3.jpg,5,5,0.017531134,0.00040849636,4.2123193e-06,0.00031172682,0.000117065414,0.91941106,0.008127527,0.0007620586,0.053326808
20171109-072120-3.jpg,5,8,0.0034263069,0.0036633252,6.195235e-05,0.002030305,0.00011512958,0.40178904,0.074022464,0.00866332,0.5062281
20171109-072202-1.jpg,5,8,0.01000495,0.022678044,0.0015746999,0.0010240326,0.0006675659,0.13630067,0.10748674,0.04485954,0.6754038
20171109-072302-3.jpg,5,5,0.0007987883,0.00041052012,9.446971e-06,0.00019128184,3.0061603e-05,0.9872551,0.005348206,0.00058289943,0.005373715
20171109-072524-1.jpg,5,8,0.008623463,0.0013802738,5.2560616e-05,0.0007007945,5.353536e-05,0.36596578,0.07741685,0.021564664,0.52424204
20171109-072633-3.jpg,5,5,7.799908e-05,5.7293502e-05,6.787148e-07,1.8894816e-05,3.0516678e-06,0.9975132,0.0009199965,6.550434e-05,0.0013433422
20171109-072843-3.jpg,5,8,0.0025544371,0.00776774,0.00017882428,0.0018405379,0.0002662757,0.17499498,0.03239857,0.0012961737,0.77870244
20171109-073102-3.jpg,5,8,0.00045095175,0.00029774444,5.1219936e-06,0.00013996958,1.296791e-05,0.34603405,0.004758589,3.7314705e-05,0.6482633
20171109-073214-3.jpg,5,8,0.0011293336,0.0077602086,0.000107929096,0.007195734,0.000605249,0.19020964,0.00859359,0.0015958091,0.78280246
20171109-073346-3.jpg,5,5,0.000121834535,0.0010758121,1.095054e-05,0.0002510337,5.259348e-05,0.83946663,0.003659431,6.9701025e-05,0.15529203
20171109-073510-1.jpg,5,5,0.00025315388,0.0010764693,4.253367e-06,4.477816e-05,9.108868e-06,0.9724034,0.013075287,0.0007870036,0.012346568
20171109-073626-1.jpg,5,5,0.003940081,0.082968436,9.3753755e-05,0.043936472,0.0007994984,0.682746,0.028244006,0.024933668,0.13233805
20171109-073645-1.jpg,5,5,6.807003e-05,0.0004657991,1.6254572e-06,0.00015100023,1.0134268e-05,0.98839873,0.00016440265,6.553933e-05,0.0106747
20171109-073837-1.jpg,5,5,0.00013348236,0.00029624332,6.348741e-07,8.574242e-06,1.2308083e-06,0.99648917,0.0011501256,0.00015045804,0.0017700364
20171109-073850-1.jpg,5,8,0.013504102,0.027723089,1.5481452e-05,0.004943561,0.00022509249,0.34115526,0.0021566153,0.06938851,0.5408883
20171109-074018-1.jpg,5,5,0.00398492,0.00419913,7.0284273e-06,6.360695e-05,5.2354644e-05,0.89162445,0.010714473,0.033782847,0.055571284
20171109-074032-1.jpg,5,5,0.0034602766,0.0060820426,4.187981e-06,0.0007431389,5.9758942e-05,0.85597724,0.013318329,0.0066914717,0.113663584
20171109-074113-3.jpg,5,5,0.0009909633,0.0031391336,2.7655877e-05,0.0017681186,0.0001590586,0.86858875,0.0025619252,0.003441954,0.119322315
20171109-074128-1.jpg,5,8,0.0018631656,0.0017411108,4.3802434e-06,4.7984195e-05,1.8271601e-05,0.23193774,0.0015729301,0.0051800157,0.7576345
20171109-074141-3.jpg,5,5,0.005640744,0.001519401,3.5038203e-05,0.001984994,0.00027021582,0.85587394,0.018291261,0.0051519363,0.11123243
20171109-074145-1.jpg,5,8,0.00907559,0.019443495,3.2334145e-05,0.00012592177,0.00014802274,0.05390638,0.042384505,0.25372374,0.62116
20171109-074227-3.jpg,5,5,0.00051527534,0.00057623134,2.338211e-06,0.00014328287,1.8616698e-05,0.8248912,0.0061411764,0.00020763447,0.1675042
20171109-074242-1.jpg,5,5,0.00031111477,0.00019609864,1.919673e-06,1.9728328e-05,8.7016715e-06,0.99158525,0.0017365734,0.00034508132,0.005795524
20171109-074327-1.jpg,5,5,0.0009149404,0.00035823396,7.976561e-07,2.721599e-05,2.9837815e-06,0.75579154,0.020281209,0.0006952914,0.22192787
20171109-074344-3.jpg,5,5,0.0053205253,0.00818814,6.0952057e-06,0.008831927,0.00020173733,0.61054486,0.0029026568,0.0017010887,0.362303
20171109-074418-1.jpg,5,8,0.0017867666,0.0034074935,1.7850429e-05,0.0001267281,8.756292e-05,0.031547964,0.13007732,0.010983036,0.8219652
20171109-074508-3.jpg,5,5,0.0005182325,0.000646982,2.0755375e-05,0.001185078,0.0001079083,0.95467174,0.0005895275,0.00033612808,0.041923583
20171109-074748-1.jpg,5,5,0.00050000567,0.000389618,1.7713547e-06,4.918246e-05,4.8297766e-06,0.9203114,0.006175691,0.00049187365,0.07207563
20171109-074847-1.jpg,5,8,0.0071067996,0.006258306,0.00014446238,0.0033879483,0.00060398807,0.31068048,0.011796784,0.003251588,0.65676963
20171109-074907-1.jpg,5,5,0.00060689624,0.00028618664,1.1634785e-06,7.3864765e-05,1.27356025e-05,0.9873778,0.0023189443,0.00024948028,0.009072992
20171109-075129-3.jpg,5,5,4.496879e-06,1.0126588e-05,8.1286237e-07,1.0389566e-05,1.784584e-06,0.99935466,0.00046240544,3.406382e-06,0.00015186863
20171109-084909-3.jpg,5,5,0.00018754166,0.00079093874,7.795017e-06,0.000118252516,1.0638483e-05,0.8779773,0.071734995,5.0024682e-05,0.049122497
20171109-085426-2.jpg,5,5,0.00029751734,0.0008134754,1.3246816e-05,0.0030572258,0.00012424197,0.9226526,0.00060905586,0.0003068126,0.0721259
20171109-085448-2.jpg,5,8,0.00025069772,0.008432376,4.6927994e-07,0.0012161215,1.5550631e-05,0.03549375,0.0038091356,0.000115022245,0.9506669
20171109-085510-2.jpg,5,8,0.00037028448,0.0019369861,2.196353e-06,0.005421308,5.2605003e-05,0.07906291,0.00022792765,0.00026993817,0.9126559
20171109-090052-3.jpg,5,5,3.6347043e-05,9.097057e-05,2.8956495e-06,0.0001715156,1.4263274e-05,0.9790015,0.00015914845,2.6226073e-05,0.020497134
20171109-090125-3.jpg,5,5,0.00025189586,0.00020674182,1.0032749e-06,7.87089e-05,4.052652e-06,0.9470885,0.0013159633,4.2639793e-05,0.05101048
20171109-090219-3.jpg,5,5,0.00018665315,0.00055186806,1.525718e-05,0.00010986888,2.0002124e-05,0.9204365,0.006850564,2.6368076e-05,0.07180279
20171109-090236-1.jpg,5,5,0.00029497143,0.0033582947,5.9621902e-06,0.0011725419,7.8074874e-05,0.93659747,0.0067651058,0.00014923525,0.051578436
20171109-090246-3.jpg,5,5,1.0085098e-06,7.277777e-06,1.3969493e-08,1.2497346e-06,6.4883224e-08,0.9992274,0.0006907051,7.534597e-07,7.151331e-05
20171109-090301-3.jpg,5,5,2.5497413e-05,8.3677936e-05,8.836575e-07,0.000495708,7.747564e-06,0.96874094,0.0003001982,9.213746e-06,0.030336035
20171109-090324-3.jpg,5,5,4.361791e-05,9.3234354e-05,1.1565264e-06,1.8044233e-05,2.367791e-06,0.997186,0.0014380829,4.0670282e-05,0.0011768612
20171109-090325-2.jpg,5,5,0.0003331959,0.00010320353,2.589948e-06,0.00017710218,2.3811634e-05,0.9713122,0.0013679506,8.665929e-05,0.026593283
20171109-090406-2.jpg,5,5,0.00026210793,0.0004783669,2.0224638e-06,0.00010900598,1.0148277e-05,0.8675603,0.040697813,0.00016986392,0.09071048
20171109-090439-2.jpg,5,5,0.0002922045,0.000976166,5.6340386e-06,6.0852028e-05,1.5703601e-05,0.5468064,0.3512204,0.00024898225,0.10037368
20171109-090520-3.jpg,5,5,2.6839112e-05,1.1505134e-05,4.7257225e-07,1.4334165e-05,1.3682994e-06,0.9990637,0.00020457717,9.121252e-06,0.00066804996
20171109-090611-1.jpg,5,5,0.00022562037,0.001934226,3.3072326e-06,0.00031948334,1.4324839e-05,0.9170683,0.0003182581,0.00030942672,0.079807
20171109-090615-2.jpg,5,5,8.863847e-05,0.0003266372,2.1888704e-06,1.380887e-05,4.375906e-06,0.9882238,0.007700057,4.4960638e-05,0.0035954656
20171109-090659-1.jpg,5,5,5.1582807e-05,0.00032958464,1.6487052e-06,0.0002578095,8.239163e-06,0.9455231,0.0022608058,4.3819113e-05,0.05152346
20171109-090726-3.jpg,5,5,6.990588e-05,9.419756e-05,1.3647974e-06,0.00014499831,8.267488e-06,0.969992,0.0012914134,5.1976105e-05,0.028345857
20171109-090738-2.jpg,5,5,0.00014078766,0.0005292367,1.8548073e-05,0.00014305426,2.7499573e-05,0.9814786,0.0042434856,0.00020304322,0.013215881
20171109-090748-2.jpg,5,5,0.00011578406,0.00015819813,2.8527455e-07,2.3689485e-05,9.885257e-07,0.98404676,0.009409457,4.0630424e-05,0.0062042335
20171109-090843-3.jpg,5,5,0.00057344214,0.0012044832,3.9004586e-05,0.00035818247,8.574256e-05,0.8718041,0.06008697,6.294879e-05,0.0657851
20171109-090954-1.jpg,5,5,0.00090700056,0.00048980484,2.7404092e-05,0.00058653136,8.509377e-05,0.93013895,0.0012981668,0.00040461327,0.06606239
20171109-091025-3.jpg,5,5,3.124601e-05,4.357634e-05,7.040336e-07,3.071417e-06,6.494261e-07,0.9972812,0.001349333,8.515457e-06,0.0012817457
20171109-091053-1.jpg,5,5,0.0003837185,0.0035844692,1.3099387e-06,0.00017491613,9.396357e-06,0.9369063,0.0035113632,0.00067649415,0.054752026
20171109-091124-2.jpg,5,5,0.00014129413,0.0004928923,5.631943e-06,6.1927785e-05,1.8094963e-05,0.9845501,0.008558831,0.00010047904,0.0060706744
20171109-091143-2.jpg,5,8,0.0021420843,0.015709063,0.000120903744,0.0074649565,0.00093849347,0.17712921,0.19283058,0.0025862022,0.6010785
20171109-091219-3.jpg,5,5,0.0011758974,0.0014025461,0.00018133159,0.0017577598,0.00039682756,0.7693925,0.0019252016,0.0009646888,0.22280319
20171109-091445-1.jpg,5,8,0.0030884063,0.122083776,1.5383404e-05,0.009702577,0.00039167143,0.094851986,0.070864126,0.008608198,0.6903938
20171109-091605-3.jpg,5,5,1.3922381e-05,2.0077907e-05,3.0748342e-07,6.7295605e-06,1.2244016e-06,0.9990846,9.1902795e-05,1.3703607e-05,0.00076740666
20171109-091615-1.jpg,5,5,0.00025213032,0.00095558853,8.459918e-06,0.00069405604,6.374129e-05,0.92383415,0.0008420245,0.00010909536,0.07324069
20171109-091743-3.jpg,5,5,0.000115890834,0.0003188881,1.0156285e-05,0.00016238142,4.0687715e-05,0.9845974,0.0012933441,6.4929925e-05,0.013396353
20171109-091828-2.jpg,5,5,0.005349819,0.002794835,1.944393e-06,0.00013711957,5.6078636e-05,0.9746499,0.0035261272,0.006540938,0.006943191
20171109-091913-2.jpg,5,5,0.00080240413,0.007513377,9.334652e-06,0.002338336,0.00017005714,0.64800775,0.05954089,0.00028876978,0.28132913
20171109-091937-2.jpg,5,5,0.005909007,0.16039793,0.00023758606,0.0017047228,0.00015746805,0.41168165,0.32598317,0.0153793255,0.078549154
20171109-092225-1.jpg,5,5,0.0010222596,0.0022544092,1.9683983e-05,0.00026656123,4.9265247e-05,0.9460602,0.0027514203,0.0010085665,0.046567623
20171109-092340-2.jpg,5,5,2.8997054e-05,8.684623e-05,5.525675e-07,0.00011400913,5.2618784e-06,0.99057114,0.007101553,1.3327421e-05,0.0020783793
20171109-092540-1.jpg,5,5,0.0001681223,0.0052602845,1.3435514e-06,0.00030450913,9.805677e-06,0.97071135,0.0031110938,0.0008740185,0.019559484
20171109-092615-1.jpg,5,5,6.226811e-05,0.00019740287,3.5672806e-06,3.9977167e-05,5.5051573e-06,0.9952429,0.0006889866,5.2493648e-05,0.003706908
20171109-092818-1.jpg,5,5,7.195979e-05,7.343277e-05,1.4852411e-06,5.306296e-05,4.4639214e-06,0.9944042,0.0005649115,0.00019026532,0.004636172
20171109-092910-2.jpg,5,5,0.0013740452,0.0031090667,1.4352445e-05,0.002322345,9.793993e-05,0.9554606,0.0010480626,0.0013787916,0.035194717
20171109-093041-2.jpg,5,5,0.0038436663,0.09717002,6.110436e-06,0.0009239585,3.9700644e-05,0.69572896,0.026280586,0.002919976,0.17308709
20171109-093128-1.jpg,5,5,7.117157e-05,0.00049359957,5.1901047e-06,0.0012992469,2.0916641e-05,0.9435052,0.0016385104,9.5668205e-05,0.052870356
20171109-093142-2.jpg,5,5,1.8469262e-05,0.00017652217,1.4025773e-07,1.8159442e-05,7.094794e-07,0.9952667,0.0026742057,2.011444e-05,0.0018249592
20171109-093159-1.jpg,5,5,5.0660033e-06,4.9871146e-06,1.1590114e-07,4.4547714e-06,1.0809425e-06,0.99976295,6.484329e-05,3.1423594e-06,0.00015333813
20171109-093500-1.jpg,5,5,0.002476514,0.0017884469,9.3338844e-05,0.0099079795,0.0007132074,0.7908922,0.0003327269,0.0016952378,0.19210035
20171109-093513-1.jpg,5,8,0.007634539,0.0017142773,0.00016094242,0.016110322,0.0017206783,0.27727574,0.007906041,0.0146125965,0.6728648
20171109-093524-1.jpg,5,5,0.00072966726,0.0008661833,0.00014887023,0.0014199303,0.00057288306,0.95319295,0.0056742798,0.00080920465,0.036585923
20171109-093528-3.jpg,5,5,0.000118734744,7.5890646e-05,2.6999788e-07,2.7019289e-05,1.9321374e-06,0.98575485,0.00058147276,1.9479683e-05,0.013420291
20171109-093608-1.jpg,5,5,1.00338175e-05,4.9492164e-06,1.6834213e-07,1.0374824e-06,2.3920038e-07,0.99972886,0.00011731252,5.196572e-06,0.00013215085
20171109-093826-3.jpg,5,5,3.228245e-05,4.4115954e-05,5.617019e-07,7.196181e-05,3.4604643e-06,0.9973459,0.001225078,7.912822e-06,0.0012686071
20171109-094123-2.jpg,5,8,7.6404285e-05,0.00015647925,2.845629e-06,0.00020534587,1.4959525e-05,0.14019577,0.01259241,0.00021915544,0.8465367
20171109-094157-2.jpg,5,5,0.0007279627,0.0007949428,7.7320135e-07,2.8300543e-05,2.7770093e-06,0.98601484,0.0016704091,0.0007215555,0.010038558
20171109-094401-3.jpg,5,5,0.000996973,7.6911005e-05,4.062508e-06,0.00015886787,1.39259e-05,0.9542874,0.032273106,0.0011542765,0.011034496
20171109-094446-3.jpg,5,5,5.9189508e-05,1.0796175e-05,6.4021364e-08,7.4757565e-07,1.2247898e-07,0.999281,0.00041747178,1.712706e-05,0.00021347775
20171109-095202-3.jpg,5,8,0.005428969,0.01324972,0.00012837414,0.0023191571,0.0003457388,0.24461618,0.13132757,0.01938333,0.583201
20171109-095352-3.jpg,5,8,0.016356444,0.0014363695,1.699102e-05,0.00027636974,2.335118e-05,0.28565028,0.009739445,0.007679381,0.6788214
20171109-095501-3.jpg,5,5,0.0028786045,0.0015900378,1.9087777e-06,0.00017944584,1.6852113e-05,0.5342643,0.21886364,0.0043239393,0.23788118
20171109-095540-3.jpg,5,5,0.0008836172,0.015280624,6.2298577e-06,0.0018184995,4.247748e-05,0.93460137,0.010355186,0.004713272,0.032298665
20171109-095650-2.jpg,5,5,0.00029644623,0.0015848773,8.966683e-06,0.0018581647,0.00015266295,0.8913282,0.0058032945,0.0009036905,0.09806368
20171109-095805-3.jpg,5,5,0.010773982,0.008493423,0.00027014728,0.0020261423,0.00021170934,0.6384183,0.10280314,0.015492893,0.22151025
20171109-194258-1.jpg,5,5,2.2604441e-05,8.309894e-05,1.991722e-06,7.219775e-05,1.1797125e-05,0.99153835,0.007155274,5.5350603e-05,0.0010592836
20171109-194817-1.jpg,5,5,0.0004427211,0.0035197828,0.0002316526,0.001415615,0.00033063802,0.8551503,0.07124608,0.0009740965,0.06668916
20171109-194934-1.jpg,5,5,0.00012803751,0.0016859871,1.2019973e-06,8.21057e-05,1.7208409e-06,0.9637325,0.0015838504,0.00010873949,0.032675892
20171113-060420-1.jpg,5,5,0.0011401026,0.002648267,0.00014817093,0.004452042,0.00057870225,0.87505037,0.0022022135,0.0008093946,0.11297082
20171113-060523-1.jpg,5,8,0.0060526417,0.009527441,0.0026398785,0.032084126,0.013056766,0.3930138,0.0088477945,0.011602865,0.5231747
20171113-060628-1.jpg,6,6,5.689749e-05,0.00054179254,2.1088792e-06,4.49225e-06,1.4260154e-06,0.00016912387,0.9957131,0.00021892415,0.0032921184
20171113-060629-1.jpg,5,8,0.0037739098,0.0017162161,0.00012906949,0.017911682,0.0018897562,0.19179024,0.0031812377,0.001220308,0.77838755
20171113-060924-1.jpg,6,8,0.00012574234,0.0010285057,7.217188e-05,7.558357e-05,3.3470606e-05,9.098323e-05,0.28546163,6.5860935e-05,0.7130461
20171113-061052-1.jpg,6,6,0.0002619854,0.0050711893,5.7954517e-06,1.7716602e-05,1.2214753e-05,0.00012631569,0.9822093,8.4959196e-05,0.0122105805
20171113-061120-1.jpg,6,6,2.3104625e-05,0.00065541844,8.387371e-06,0.00012147671,4.5118154e-06,0.0013084499,0.9614597,9.028306e-05,0.036328733
20171113-061251-1.jpg,6,2,0.0004164244,0.0028988386,0.6302329,0.0003765735,0.001809249,0.0012779557,0.038656708,0.0003415077,0.32398993
20171113-091334-3.jpg,5,5,0.0064786645,0.022465251,0.001196965,0.015815616,0.004118221,0.44694173,0.0129258,0.046958707,0.443099
20171113-091531-3.jpg,5,5,0.0074567655,0.00968553,0.0002450752,0.0005559026,0.00026461892,0.6255799,0.04278631,0.0025504644,0.3108755
20171113-091915-1.jpg,5,5,0.00017584111,0.0006700825,2.0889207e-05,0.00023210276,1.7873042e-05,0.9924787,0.0005439104,0.00015801699,0.005702599
20171113-091929-3.jpg,5,8,0.047343142,7.090729e-05,2.445801e-06,0.00011562539,1.2599713e-05,0.007523486,0.00014607862,0.0006249182,0.9441607
20171113-092117-3.jpg,5,8,0.004926103,0.010336236,9.523742e-06,0.0044093695,0.00015018093,0.29844335,0.0035255097,0.023526639,0.65467316
20171113-092207-1.jpg,5,8,0.0024364803,0.001620905,0.00013132804,0.0009658468,0.000626463,0.2582626,0.008334275,0.0052843625,0.7223377
20171113-092423-3.jpg,5,5,0.0028815258,0.001257501,0.00012413858,0.0021842287,0.00023940664,0.6100147,0.053915758,0.0021664104,0.32721627
20171113-092453-3.jpg,5,5,0.00097523385,0.00075839396,2.9103057e-05,0.00041109562,7.4966025e-05,0.88560665,0.04251597,0.00059930596,0.06902917
20171113-092514-3.jpg,5,8,8.408901e-05,3.222184e-05,3.8018234e-07,6.4425803e-06,5.59332e-07,0.01296511,0.018591987,3.221333e-05,0.9682871
20171113-092534-3.jpg,5,8,0.0007042469,0.0019030577,0.00011814782,0.00045600045,0.00015205417,0.15985432,0.04498679,0.0008995326,0.7909258
20171113-092650-1.jpg,5,8,0.0010539814,0.0028496033,0.00047066616,0.001134907,0.00030619092,0.17231786,0.06751207,0.0004818339,0.7538729
20171113-092943-1.jpg,5,8,0.0039314353,0.0016964296,0.002226109,0.0015766956,0.0004955425,0.033815805,0.14551188,0.0007971311,0.80994904
20171113-093142-1.jpg,5,6,0.003908068,0.045579337,6.1692954e-06,0.00017982899,1.999317e-05,0.20716254,0.3791328,0.003227377,0.36078387
20171113-093226-1.jpg,5,8,0.018017333,0.17030454,9.9110046e-05,0.01184999,0.0011806911,0.18370119,0.037093982,0.027094925,0.55065817
20171113-093349-3.jpg,5,5,0.061706357,0.0012424964,5.0517185e-05,0.00042015937,9.943018e-05,0.49527204,0.017231269,0.0023831155,0.4215946
20171113-093432-1.jpg,5,8,0.016818043,0.008112647,0.0027475422,0.002368264,0.0120868925,0.07054529,0.06677241,0.009135654,0.8114133
20171113-093500-1.jpg,5,8,0.0061825537,0.0067313984,7.247104e-05,0.0005685951,0.00042140554,0.013725074,0.01756277,0.001662746,0.95307297
20171113-093641-3.jpg,5,8,0.15426092,0.029972592,4.78066e-05,0.015814282,0.0008925765,0.036697827,0.022140766,0.23346257,0.5067107
20171113-093918-3.jpg,5,6,0.050428737,0.032454222,0.00012234753,0.003772807,0.00020549734,0.23313615,0.42091995,0.033757385,0.2252029
20171113-094013-3.jpg,5,5,0.018338177,0.0010694524,0.000117867006,0.0029163947,0.00039101727,0.9312096,0.015592714,0.0077559478,0.022608807
20171113-094324-3.jpg,5,6,0.0014682467,0.015235162,7.607613e-05,0.00081265275,0.00030864243,0.2539411,0.64238787,0.001631778,0.08413849
20171113-094444-3.jpg,5,8,0.00062988733,0.00791634,5.746585e-05,0.00061327836,0.00019276179,0.03879467,0.26665983,0.0017864013,0.68334943
20171113-095351-3.jpg,5,5,0.00043333622,0.0007908364,1.102462e-05,0.00047974385,7.7684446e-05,0.9389436,0.0053096195,0.00090057676,0.05305358
20171113-095542-3.jpg,5,5,7.4995616e-05,0.00020717974,5.2434452e-06,0.00016967334,2.979858e-05,0.9568231,0.0026899106,4.311086e-05,0.03995698
20171113-095558-1.jpg,5,8,0.022729434,0.006302386,0.00076398015,0.018812157,0.002362487,0.23421134,0.01257761,0.010069835,0.69217086
20171113-095617-1.jpg,5,8,0.007346491,0.0007187799,7.3095565e-05,0.0017300682,0.0003448688,0.008399805,0.00097543653,0.008566337,0.9718451
20171113-100359-3.jpg,5,5,0.000105370316,0.00022215437,2.3579082e-07,9.42681e-06,1.1411558e-06,0.99758244,0.0011024562,5.2853724e-05,0.0009239226
20171113-100431-3.jpg,5,5,0.0002738584,0.000381171,1.9862258e-05,0.0013819676,0.00012780714,0.97762215,0.00025717737,0.00015969176,0.019776367
20171113-101034-1.jpg,5,8,0.0005493638,0.0010479795,5.14962e-05,0.010109079,0.0006945603,0.24637388,0.007768323,0.0017088201,0.73169655
20171113-101111-1.jpg,5,5,0.00011342626,0.005516327,2.5315312e-05,0.001057299,5.547262e-05,0.8523972,0.0038420549,0.00016887445,0.1368241
20171113-101236-3.jpg,5,5,0.00013899583,0.0002933441,1.3827849e-05,0.00016947479,3.323338e-05,0.908069,0.06766287,0.000112846006,0.023506366
20171113-101410-3.jpg,5,5,0.00048140032,0.0033064964,5.71033e-06,0.0028195207,8.733797e-05,0.79204553,0.0073883743,0.00033499868,0.1935307
20171113-101436-1.jpg,5,5,0.002806069,0.00588024,4.30947e-05,0.0027959424,0.00018845589,0.68685824,0.00090476766,0.007430902,0.2930923
20171113-101506-1.jpg,5,5,0.0049147205,0.007895162,1.2196255e-05,0.0056569437,6.975933e-05,0.6471724,0.008787659,0.004530076,0.3209611
20171113-101809-1.jpg,5,8,0.0017913582,0.002411794,7.9478574e-05,0.010220826,0.0011089395,0.163474,0.00053699664,0.0036441844,0.8167324
20171113-101830-0.jpg,6,6,0.00020580641,0.006116235,5.0224917e-06,0.000113286675,1.0084765e-05,4.3778156e-05,0.98820776,0.00017823806,0.005119831
20171113-102043-1.jpg,5,8,0.006294695,0.012082417,2.364602e-05,0.0022084173,0.00026056703,0.27605644,0.13451146,0.0052735778,0.56328875
20171113-102459-1.jpg,5,5,0.00018609558,0.00013884887,3.9449897e-06,0.00031685556,2.1896418e-05,0.9878384,0.0043616425,0.00013552902,0.0069968174
20171113-103235-0.jpg,6,6,5.7534115e-05,0.00087504735,0.00016554052,9.707474e-06,3.3004988e-05,1.7032842e-05,0.9886829,0.00024464136,0.009914437
20171113-104328-0.jpg,6,6,0.00038864985,0.011275188,7.8502875e-05,4.4565742e-05,3.3983753e-05,1.5648899e-05,0.6999071,0.0005617064,0.28769463
20171113-104451-0.jpg,6,6,3.0685715e-05,0.007631951,2.0638423e-05,3.739303e-05,3.5926985e-06,4.194902e-06,0.9908003,0.00016355736,0.0013075653
20171113-104614-0.jpg,6,6,0.0026096676,0.01219951,2.0306772e-05,0.0006633372,7.616786e-05,0.00014499888,0.94050103,0.023616575,0.020168377
20171113-105749-0.jpg,6,6,0.0005257065,0.058279388,1.9411975e-06,1.1639613e-05,2.2891315e-06,0.0010424964,0.92687345,0.0004349709,0.012828094
20171113-112836-0.jpg,6,6,0.00083899405,0.010980879,0.00076741877,0.0008473018,0.00022179584,0.00010065532,0.85592574,0.0004815466,0.1298357
20171113-115052-0.jpg,6,6,0.0006128842,0.004998331,9.3091425e-05,0.000843628,0.00036640497,0.00019262721,0.9675436,0.0030995263,0.022249846
20171113-115125-1.jpg,6,8,0.0013081904,0.006457843,0.0014110307,0.0002570963,0.00063592003,0.0036208432,0.35162088,0.001548967,0.6331392
20171113-115453-1.jpg,6,6,0.00019994639,0.019047782,4.0393337e-07,6.140671e-06,1.2350063e-06,0.00026111247,0.96253335,0.00010926607,0.017840778
20171113-115508-1.jpg,6,6,0.001651757,0.0047586183,0.000112338304,0.000513111,8.374405e-05,0.064638026,0.8159416,0.0025223303,0.109778464
20171113-115910-0.jpg,6,6,8.691199e-06,6.212401e-05,4.801677e-06,2.9286815e-05,3.9983765e-06,1.3462861e-05,0.99030495,5.8530717e-05,0.009514124
20171113-115913-1.jpg,6,8,2.9795792e-06,3.878978e-05,3.0106292e-05,7.101874e-05,0.00012342578,3.5398785e-05,0.057723857,2.9800424e-06,0.94197136
20171113-120122-3.jpg,6,8,0.00017180413,4.0058178e-05,0.0017175017,4.0883675e-05,0.0006036511,0.00019679884,0.42494175,8.389826e-05,0.57220364
20171113-120355-1.jpg,6,8,7.257761e-05,0.00043341855,0.002523646,0.000109899775,0.00012703765,0.0007887465,0.48079625,0.00012824286,0.5150202
20171113-120549-1.jpg,6,6,4.5996807e-05,0.0041683647,1.7587663e-05,4.2514705e-05,3.007007e-06,3.794536e-05,0.9873001,0.00028995867,0.008094624
20171113-120603-2.jpg,6,6,0.00032616706,0.0011253757,4.7830723e-05,0.000222555,7.353573e-05,0.00017581205,0.7772294,0.0009021966,0.21989709
20171113-120908-2.jpg,6,8,0.0032094363,0.019609062,0.0007845453,0.029975781,0.001138746,0.00081261067,0.45665494,0.0083391545,0.47947577
20171113-120954-1.jpg,6,6,0.00011675668,0.00074331654,0.0007206687,5.13785e-05,0.0002580234,7.518706e-05,0.9486949,0.0002900728,0.049049657
20171113-121512-2.jpg,6,8,0.000119360164,0.00013114851,3.417245e-05,2.7025568e-05,7.376745e-05,0.00017622094,0.3271513,5.751928e-05,0.67222947
20171113-122213-0.jpg,6,6,0.0005226473,0.005652658,0.00080853223,0.0002035807,0.00022172234,0.0001470064,0.9591578,0.003249355,0.03003679
20171113-122323-0.jpg,6,6,5.5784687e-05,0.017125318,2.2391716e-05,3.372437e-05,7.6054544e-06,9.6681906e-05,0.9408646,4.417901e-05,0.041749675
20171113-122412-1.jpg,6,6,0.00031767177,0.043251194,3.1825108e-05,0.00019278078,3.629561e-05,0.00015038947,0.9495246,0.0010853081,0.005409969
20171113-122417-3.jpg,6,6,0.00019666438,0.0011150927,0.00048008506,0.0004091817,0.00037466534,0.00012288202,0.95013845,0.0030805527,0.04408239
20171113-123106-1.jpg,6,6,0.00014262594,0.0035574632,4.0081064e-05,0.0006660194,0.0005424471,0.00022241057,0.77155566,0.00027108868,0.22300209
20171113-123524-3.jpg,6,8,0.00040265248,0.0009477416,0.0006111875,0.0006454164,0.0016519554,4.275964e-05,0.14105685,0.0022021546,0.8524394
20171113-123604-1.jpg,6,6,0.00052453554,0.007656078,0.00015084438,0.00021692073,0.00015438121,0.0002449121,0.9703452,0.0023299258,0.018377231
20171113-123619-3.jpg,6,6,0.0003678138,0.01794186,9.473539e-05,0.00021297522,8.698782e-05,0.00043004315,0.9678888,0.00360537,0.00937142
20171113-123630-1.jpg,6,8,2.3048962e-05,8.562511e-05,0.0005017571,4.195761e-05,6.1653525e-05,4.5122215e-05,0.010282224,2.5182408e-05,0.9889333
20171113-123657-3.jpg,6,6,0.0005230661,0.004859273,0.00012270726,0.0014865213,0.00047523674,0.00040394103,0.9063006,0.0012175055,0.08461105
20171113-123728-3.jpg,6,6,2.949089e-05,0.00892866,3.4682296e-06,0.0001880366,4.2000574e-06,6.861397e-05,0.98593277,0.0003125856,0.0045320606
20171113-123806-1.jpg,6,6,0.0005088616,0.021311482,0.013366127,0.0001245898,0.00023318343,0.00032796583,0.84714323,0.0010615989,0.11592294
20171113-123809-3.jpg,6,6,5.0759205e-05,0.047164015,8.2056824e-05,0.0011140513,6.453139e-05,0.0003562316,0.88494146,0.0003053253,0.06592163
20171113-123900-1.jpg,6,6,1.6944447e-05,0.00046962878,2.645191e-06,1.0788536e-05,2.0104735e-06,0.002680436,0.9918173,0.00026548808,0.004734918
20171113-124206-1.jpg,6,8,0.011450168,0.022815786,0.012266695,0.038370676,0.00910489,0.0023307283,0.2756595,0.052975193,0.57502633
20171113-124300-3.jpg,6,6,0.0007415627,0.0006975401,0.00015851528,0.00030472412,4.398562e-05,0.00087960844,0.9848053,0.0013044926,0.01106423
20171113-124517-1.jpg,6,6,3.5264522e-05,0.001652276,2.0474223e-05,2.956349e-05,1.1195852e-05,3.1464754e-06,0.98666954,0.00016912013,0.01140939
20171113-130049-2.jpg,6,8,0.0025542262,0.000880993,0.00011978983,0.0011397992,0.00083481165,5.140004e-05,0.13221633,0.0042610914,0.8579417
20171113-130402-2.jpg,6,6,2.5222544e-05,0.0015714071,0.012172697,0.00019264696,5.9597856e-05,0.0002509587,0.8801234,8.773544e-05,0.105516315
20171113-130523-2.jpg,6,6,0.0004250963,0.035315834,0.0004711651,0.00057894475,0.00025698115,0.0012274163,0.93106943,0.0019361831,0.028718945
20171113-130740-2.jpg,6,6,0.00048784,0.03453476,1.239969e-05,5.2121813e-05,1.9040883e-05,0.0032002546,0.9421666,0.0011456067,0.018381415
20171113-130902-2.jpg,6,1,0.004143267,0.5823717,2.2905504e-05,0.00014846526,7.231017e-05,0.000615132,0.098214634,0.29633823,0.0180734
20171113-131008-1.jpg,6,6,0.0004456851,0.011224575,2.1835009e-05,7.942225e-06,6.9652237e-06,0.00033508328,0.9488288,9.901605e-05,0.039029993
20171113-131307-1.jpg,6,8,0.00073200074,0.0036560248,0.0007055747,0.00025861635,0.0004988394,0.00014549494,0.4433674,0.00077595597,0.5498602
20171113-131321-2.jpg,6,6,0.0022837294,0.0010160271,0.0027117885,0.00016793144,0.00087222736,0.00023286995,0.7041812,0.003935517,0.28459874
20171113-131545-2.jpg,6,6,0.0005364464,0.0055724364,0.0034661393,0.00029183755,0.00042609725,0.00028940465,0.64504474,0.00082612573,0.34354675
20171113-131618-2.jpg,6,8,2.9663177e-06,1.869969e-05,8.342865e-06,5.486262e-07,2.889774e-06,1.7348475e-06,0.013201684,2.311011e-07,0.98676294
20171113-131815-2.jpg,6,8,0.00045291928,0.0044992017,0.14065199,0.0020702654,0.00672296,0.0017094787,0.25248173,0.0008947249,0.5905168
20171113-131857-3.jpg,6,8,0.024471387,0.11454812,0.0013311501,0.015884506,0.0064301216,0.00040365104,0.15332097,0.116398185,0.567212
20171113-131937-3.jpg,6,6,0.00989399,0.007471481,0.0032030642,0.0039439322,0.007129752,0.0005362128,0.7391031,0.0166347,0.21208373
20171113-131948-3.jpg,6,6,0.0034541385,0.008413106,0.0018194151,0.0017710158,0.0026465391,0.00025124132,0.8118562,0.010152877,0.15963545
20171113-132048-2.jpg,6,6,0.0025405658,0.01564727,0.00026194565,0.00037092261,0.0002770502,0.00042676693,0.9266304,0.019254075,0.03459094
20171113-132138-1.jpg,6,6,0.0011639165,0.003021199,2.2447854e-05,0.00010527355,6.941574e-05,0.0008530595,0.97690547,0.0015390607,0.016320163
20171113-132323-3.jpg,6,6,0.01170114,0.0044169133,0.003895419,0.0044606333,0.008929621,0.0009810885,0.5740494,0.021961138,0.3696046
20171113-132349-1.jpg,6,6,1.648622e-06,1.7839366e-05,1.5405936e-06,3.3168687e-06,3.5472567e-07,1.5060495e-05,0.9906408,1.9240128e-06,0.009317478
20171113-132408-1.jpg,6,6,2.2748447e-05,0.003183247,9.48346e-06,2.1613807e-05,6.1990177e-06,5.059416e-05,0.9775187,6.691345e-05,0.01912053
20171113-132548-3.jpg,6,6,0.0006406829,0.0118905725,0.00085664715,0.0004722777,0.00018620491,5.1100586e-05,0.89438176,0.0029300863,0.088590674
20171113-132556-1.jpg,6,6,0.008170455,0.010354775,0.0010867806,0.002022337,0.0006271436,0.00091248937,0.91087097,0.015992183,0.049962785
20171113-132747-1.jpg,6,6,7.296253e-05,0.0024984712,2.9257214e-06,3.8667196e-05,3.8087926e-06,5.975947e-05,0.99522746,0.00017281772,0.0019231401
20171113-132837-1.jpg,6,6,0.00046837702,0.028105048,9.410542e-06,0.002508162,0.00020529174,7.405332e-05,0.80871016,0.0020003298,0.15791914
20171113-132921-3.jpg,6,8,0.0039830776,0.0010721008,0.06918794,0.004553218,0.016532125,0.018585006,0.3279751,0.0014081826,0.5567033
20171113-132956-0.jpg,6,6,0.0031868718,0.0032079224,0.00018140896,0.00014158992,0.00043083125,0.00044583698,0.9595633,0.0038597505,0.028982466
20171113-133040-0.jpg,6,6,0.003662206,0.0036907864,0.0016004408,0.001469356,0.0035946497,0.00016757558,0.8215925,0.0044778204,0.15974472
20171113-133044-3.jpg,6,8,0.0020353517,0.0035096712,0.014206282,0.0039110496,0.005474693,0.00016391868,0.20186745,0.0043059806,0.76452565
20171113-133259-3.jpg,6,6,0.00033297774,0.00016746309,0.0019366626,9.943504e-05,0.0012258798,2.4889197e-05,0.7703615,0.0010222599,0.2248289
20171113-133354-1.jpg,6,7,0.005447386,0.0030027987,4.707614e-05,0.0006792467,0.00010917486,0.000849605,0.018921528,0.74222314,0.22872004
20171113-133603-1.jpg,6,6,0.0009998602,0.0025211219,0.00091134425,0.001973338,0.00048064013,0.005384046,0.59338856,0.005963774,0.38837737
20171113-133646-3.jpg,6,6,0.00012031743,0.017547663,0.00024762307,0.0015053678,0.00035796902,6.268192e-05,0.80531096,0.0006514452,0.17419592
20171113-133859-3.jpg,6,6,7.867055e-05,0.03764073,1.3474123e-05,0.00010113422,6.568586e-06,3.0075773e-05,0.95979244,0.0003773065,0.0019595576
20171113-134220-1.jpg,6,6,0.00019210874,0.00090386055,0.00017488598,0.00010226802,0.0002720523,2.2421147e-05,0.94321424,0.00089667784,0.054221574
20171113-134314-1.jpg,6,1,0.009333459,0.47187304,0.00033247608,0.0010805231,0.00036073764,0.002118679,0.3421024,0.030546566,0.14225212
20171113-134315-0.jpg,6,8,0.004722895,0.017962696,0.01612113,0.018542746,0.027151342,0.0015649187,0.4419227,0.0031167495,0.46889487
20171113-134330-1.jpg,6,6,0.0015860848,0.0075985617,0.00053937524,0.0010838668,0.0007137024,0.00067011104,0.9131415,0.008254555,0.06641234
20171113-134450-0.jpg,6,6,0.0026215715,0.026716856,0.0001148989,0.0035052195,0.0003255569,0.00069505285,0.84016794,0.0893761,0.036476813
20171113-134454-3.jpg,6,8,0.0025295273,0.0021866371,0.02668578,0.0037538088,0.03415778,0.0022524055,0.41151932,0.010104262,0.5068104
20171113-134618-3.jpg,6,6,0.0013384513,0.0010024966,0.002111819,0.0005239241,0.0019848745,0.00036685073,0.79025626,0.00315714,0.1992582
20171113-134654-1.jpg,6,6,4.35331e-05,0.014959113,9.9824036e-05,3.5001653e-05,8.751006e-06,8.947725e-05,0.9107287,0.00010528006,0.07393033
20171113-134655-3.jpg,6,8,0.00048661433,0.00017193591,0.005035159,0.0006724079,0.000902478,7.844372e-05,0.40572995,0.00094099395,0.5859821
20171113-134706-3.jpg,6,8,0.00045997658,0.0003686523,0.0015379577,0.0008897834,0.0033257594,0.00014143766,0.4382825,0.001985342,0.5530086
20171113-134801-1.jpg,6,6,1.924057e-06,0.0010218645,2.4414538e-07,2.0337388e-06,2.640896e-07,4.892934e-06,0.9978042,5.3633776e-06,0.00115924
20171113-134828-1.jpg,6,6,0.00028043226,0.0050314665,0.0007620729,0.00010455271,6.104237e-05,0.0040193694,0.77858907,0.00016480056,0.2109872
20171113-134906-1.jpg,6,6,0.0018349738,0.010965832,0.0006306246,0.00037334472,0.0004680089,0.00090544845,0.6252065,0.00599765,0.35361764
20171113-134928-3.jpg,6,6,0.0002934635,0.018472692,0.0013378354,0.0013657346,0.00041903422,0.00015660607,0.78953195,0.0016444848,0.18677825
20171113-135112-3.jpg,6,6,0.00017234668,0.000340229,0.0005408982,0.00012201761,0.0003881478,8.176577e-05,0.91688764,0.0008005515,0.08066638
20171113-135125-3.jpg,6,6,0.0012652044,0.001061679,0.004271532,0.0004871605,0.0016921961,7.959142e-05,0.762733,0.008248014,0.22016165
20171113-135152-1.jpg,6,6,0.0012827605,0.0013873387,1.6664831e-06,3.429164e-05,7.571597e-07,0.0052439068,0.67100346,1.2891707e-05,0.32103294
20171113-135239-0.jpg,6,6,0.003555795,0.0035335752,0.0005318746,0.0024124149,0.0011692774,0.00084700686,0.90252286,0.03962257,0.045804527
20171113-135245-1.jpg,6,8,0.0109006595,0.018840805,9.0991336e-05,0.00016839757,8.057588e-05,0.00033588274,0.27441972,0.00043012452,0.69473284
20171113-135334-3.jpg,6,6,0.00022799752,0.00028407027,0.00011222629,5.8103036e-05,0.00010411783,0.00019276593,0.9813743,0.0007279713,0.016918482
20171113-135346-3.jpg,6,6,0.00034573616,0.00012423056,0.00011947011,2.4617024e-05,0.00019999387,2.0631118e-05,0.98213196,0.0017150571,0.015318367
20171113-135507-3.jpg,6,8,9.7868266e-05,2.1661865e-05,0.002470166,8.6114786e-05,0.0013294949,8.851577e-06,0.029349584,0.00030428258,0.96633196
20171113-135658-1.jpg,6,6,0.0001690296,0.014287848,9.8389555e-06,3.147298e-05,5.7721763e-06,7.8810604e-05,0.9835735,0.00045466356,0.0013890497
20171113-135825-1.jpg,6,8,0.007532465,0.23808253,8.903014e-05,0.0064130076,0.0006086103,0.019559985,0.2029264,0.0068698856,0.517918
20171113-140049-0.jpg,6,6,0.008652072,0.04376953,0.0008003786,0.006219576,0.0015747545,0.0010543116,0.8410979,0.007828769,0.08900281
20171113-140119-2.jpg,6,6,0.00015645188,0.003839653,0.00019482397,7.45116e-05,2.6289925e-05,0.00013389377,0.9708104,0.00036714933,0.02439687
20171113-140134-2.jpg,6,6,0.0009226139,0.010761975,0.00011157812,9.975945e-05,0.00015584545,0.00010231643,0.96788156,0.011420125,0.008544306
20171113-140302-2.jpg,6,6,5.7817574e-06,0.00027467546,7.5580974e-06,4.0638565e-06,9.872731e-07,3.2265907e-06,0.99554056,8.563891e-06,0.004154521
20171113-140645-2.jpg,6,6,0.00994716,0.02718715,0.00017479924,0.0002491072,0.0002926351,0.00083466683,0.87508094,0.005292574,0.080940954
20171113-141212-2.jpg,6,6,0.0001688926,0.0022041332,1.0899508e-05,3.661944e-05,1.5666685e-05,4.2197706e-05,0.99476117,0.0005682705,0.0021921382
20171113-141305-2.jpg,6,6,0.0011100132,0.0020690672,0.0005842202,0.0002215704,0.0004619699,0.00022436057,0.87259734,0.002210023,0.12052154
20171113-141411-2.jpg,6,6,0.0021326402,0.00082627503,0.00015197834,0.0013875507,0.00079018506,0.005793394,0.7627179,0.0042495388,0.2219504
20171113-141437-2.jpg,6,6,0.0007741996,0.025636222,8.3070656e-05,0.002517434,0.0001951499,0.00012712264,0.9516345,0.0021137602,0.016918598
20171113-141700-2.jpg,6,6,9.681725e-06,4.5507408e-05,7.5527686e-07,2.9586024e-06,6.2390706e-07,4.5727708e-07,0.99909866,2.161106e-05,0.00081983797
20171113-141831-2.jpg,6,6,0.00070084224,0.0021525652,0.0007771834,0.00049978215,0.00018130902,8.936568e-05,0.69480824,0.0048086387,0.29598212
20171113-142219-2.jpg,6,6,7.337815e-06,2.98606e-05,1.3452624e-06,1.188284e-06,8.501326e-07,1.1966855e-05,0.97604656,2.9142908e-05,0.023871735
20171113-142527-2.jpg,6,6,0.00010460217,4.5401615e-05,6.194584e-05,3.4809895e-05,6.452243e-05,4.393188e-05,0.7207319,8.338817e-05,0.27882951
20171113-142546-2.jpg,6,6,0.0012490398,0.069389,0.0050474266,0.0028622479,0.0009804007,0.0018421204,0.6502796,0.005190543,0.2631596
20171113-142659-3.jpg,6,8,1.05353165e-05,1.0590257e-05,9.602012e-05,1.3848585e-05,3.8001417e-05,1.1477015e-05,0.32019708,1.1242758e-05,0.6796112
20171113-142713-2.jpg,6,8,4.0645606e-05,0.0047119837,0.00060563534,0.00017293016,3.5073903e-05,0.0002707164,0.16556771,5.0912262e-05,0.8285443
20171113-142815-2.jpg,6,6,0.00023125808,0.004323862,5.4255984e-06,4.3319746e-05,1.6099895e-05,5.5281074e-05,0.98966974,0.000581439,0.005073515
20171113-142912-3.jpg,6,6,4.729345e-05,0.0013892604,0.00012533876,2.8379789e-05,3.1081774e-05,8.878407e-06,0.9760193,9.603771e-05,0.022254447
20171113-142959-2.jpg,6,6,0.0025071276,0.22198735,0.0011402261,0.1304499,0.0044484544,0.00021975815,0.5766578,0.013170804,0.049418632
20171113-143038-3.jpg,6,6,0.008444905,0.019423809,0.003366017,0.0008371698,0.005888212,0.00086324784,0.46724233,0.068164416,0.4257699
20171113-143224-3.jpg,6,6,0.0010979997,0.005090971,0.02601863,0.00022286676,0.00073716004,0.0004165006,0.57909685,0.003251377,0.3840677
20171113-143334-0.jpg,6,6,0.008013861,0.0016034907,0.010377603,0.0023969158,0.013834566,0.00050965825,0.5430096,0.016576879,0.40367746
20171113-143513-2.jpg,6,6,9.690289e-05,0.0012326225,0.0003349965,3.2217973e-05,9.1639304e-05,5.2254552e-05,0.9832307,0.0007721526,0.014156437
20171113-143857-2.jpg,6,8,0.0010581667,0.031849127,2.7671784e-05,0.0036082896,0.00057407387,6.414155e-05,0.33054847,0.0018150248,0.6304551
20171113-143903-3.jpg,6,6,0.0008365873,0.004882505,0.0001554408,0.00049646484,0.00014014101,0.000687187,0.9728425,0.0007464742,0.019212741
20171113-144311-2.jpg,6,6,0.0020958502,0.063371524,0.00018398973,0.0037424604,0.00036237243,0.00018541174,0.8542678,0.05954181,0.016248772
20171113-144333-3.jpg,6,6,0.012032088,0.050344512,0.00022940214,0.0008773502,0.0006643823,0.0003038499,0.59066683,0.19401118,0.1508704
20171113-144335-1.jpg,6,6,9.0543705e-05,0.0025429914,3.713915e-05,3.4270157e-05,8.399177e-06,0.00045850212,0.98686826,0.00015183503,0.009808042
20171113-144443-3.jpg,6,6,0.00026337698,0.0026738008,2.0903228e-05,0.0007816323,7.448212e-05,3.16713e-05,0.9783361,0.0010212566,0.01679677
20171113-144704-3.jpg,6,8,0.012218787,0.19274962,5.6838758e-06,0.00020053747,7.7846045e-05,0.021947753,0.012207,0.002695623,0.75789714
20171113-144747-0.jpg,6,6,0.009943869,0.010998487,0.0070982925,0.003664465,0.007522802,0.0053995065,0.7556,0.04800256,0.15177006
20171113-144803-1.jpg,6,6,0.0001591157,0.010752055,0.00018486282,0.00024327166,4.5753568e-05,0.00038092557,0.966292,0.0019245988,0.020017313
20171113-144817-0.jpg,6,6,0.007138083,0.056913875,0.0004014766,0.002739994,0.0004112616,0.00031091887,0.90011615,0.0059336033,0.026034664
20171113-144900-1.jpg,6,6,0.0009235275,0.007564504,0.0010009649,0.0009922266,0.00040077046,0.0001949613,0.94139403,0.0024168435,0.045112237
20171113-144918-1.jpg,6,6,1.5626238e-05,0.00023955366,0.00029250802,0.000104876344,2.4973757e-05,4.838127e-05,0.9190176,5.1657134e-05,0.080204874
20171113-145257-3.jpg,6,8,0.00017571956,0.016319549,0.0011162962,0.0015444758,0.00018934133,0.00019295205,0.42104656,0.00023267003,0.55918247
20171113-145308-3.jpg,6,6,0.0002157428,0.0023744977,1.7074686e-05,0.00062814984,8.506079e-05,0.0012605776,0.5488289,0.00021721396,0.44637275
20171113-145415-3.jpg,6,8,0.00011673826,0.0007087861,4.3180764e-05,0.00035889103,0.00012472612,0.00021367274,0.28972045,0.00011965625,0.70859385
20171113-145418-1.jpg,6,8,9.3806484e-05,0.00031161364,0.00039598852,0.0002481746,0.0007641429,0.00017166436,0.40131927,0.0003446904,0.59635055
20171113-145433-1.jpg,6,6,2.6010932e-05,5.929047e-05,1.5918627e-05,3.5110033e-06,9.2799155e-06,5.9217688e-05,0.9928046,7.547774e-05,0.006946589
20171113-145453-1.jpg,6,8,8.9834706e-05,7.363418e-05,0.0023747508,0.00024110574,0.003046601,0.00018279953,0.3336053,0.000138194,0.6602478
20171113-145552-3.jpg,6,8,0.0003685762,0.005223409,0.00020509525,0.00024605746,0.00016613079,0.0003942604,0.07628796,2.152205e-05,0.917087
20171113-150110-1.jpg,6,2,0.00010839523,0.0017786772,0.85535914,0.0011412774,0.00025050365,0.0005711317,0.01935622,4.9011654e-05,0.12138562
20171113-150156-1.jpg,6,8,3.621623e-05,0.00010585159,6.0637234e-05,0.00083656685,7.403457e-05,0.012675443,0.010810762,2.8422946e-05,0.975372
20171113-150257-3.jpg,6,6,0.00019758582,0.00091024465,1.9945075e-05,2.2594975e-05,2.1888045e-05,0.000108211854,0.972823,0.00083952793,0.025057022
20171113-150301-1.jpg,6,8,0.00037836988,0.0025028265,0.026993534,0.00040080393,0.00038899053,0.00029232807,0.047205757,7.369729e-05,0.9217638
20171113-150402-1.jpg,6,6,0.0001463871,0.0003479395,0.0013515445,0.0003492057,0.0005986813,0.00023659308,0.9033825,0.00056456175,0.0930226
20171113-150448-3.jpg,6,8,5.7229707e-05,1.8885641e-05,2.2103148e-05,1.3127292e-05,8.7479355e-05,5.9336184e-05,0.034485076,2.6138576e-05,0.96523076
20171113-151053-0.jpg,6,6,0.00035966552,0.006129166,0.003092142,0.00020362402,0.00019178739,0.00020836359,0.94679624,0.00060281454,0.042416226
20171113-151346-3.jpg,6,6,0.0001273406,0.0005618112,4.0373558e-05,0.0007876585,0.00029634606,0.00057642354,0.9837398,0.00044386633,0.013426357
20171113-151747-1.jpg,6,6,0.000109853296,0.0031776908,2.7317097e-05,2.4752222e-05,1.8329183e-05,3.150563e-05,0.9941063,0.00041395976,0.0020902813
20171113-151931-1.jpg,6,6,0.00049106823,0.0026774632,0.0027299826,0.00026384444,0.00021574603,8.8471934e-05,0.94005066,0.00087581377,0.052606944
20171113-152939-0.jpg,6,6,1.66858e-05,0.0061384225,1.2711612e-05,4.6865178e-05,3.4791271e-06,2.1080241e-05,0.98196596,5.698802e-05,0.0117377965
20171113-153033-0.jpg,6,6,5.6256944e-05,0.0023505965,6.1487204e-05,0.00013105417,2.8607437e-05,5.6374563e-05,0.99523973,0.00023070605,0.0018452497
20171113-153600-0.jpg,6,6,0.0048829606,0.33015862,0.00018794455,0.00040953673,9.060434e-05,0.00041349238,0.62431234,0.0044180597,0.035126355
20171113-154731-0.jpg,6,6,0.000135337,0.0034117182,9.376322e-06,8.737331e-05,8.705221e-06,0.007311008,0.97216034,0.0003859833,0.016490245
20171113-154857-0.jpg,6,6,4.051494e-05,0.00042998316,1.2523723e-06,1.0477238e-05,2.0453244e-06,1.0377815e-05,0.9983918,0.00014556802,0.0009679255
20171113-162820-0.jpg,6,6,0.0001973627,0.0031322357,2.707959e-06,0.00026818961,1.1907387e-05,0.011944272,0.81849015,0.000106419546,0.16584672
20171113-165829-0.jpg,6,8,0.0009118857,0.07981034,5.749293e-07,5.0249106e-05,5.214803e-06,0.0011872408,0.27205122,0.00034595784,0.64563733
20171113-173213-0.jpg,6,6,0.003634223,0.026452875,0.00048494822,0.003025109,0.0005113038,0.00047307782,0.5516601,0.0017035317,0.41205484
20171113-173648-0.jpg,6,6,0.00040183964,0.011653772,0.00012643909,0.0018615366,0.00011784249,0.00032985274,0.86569786,0.0015202905,0.11829054
20171113-175118-0.jpg,6,6,0.0002791694,0.05269934,0.00012868512,0.0004652897,2.5063837e-05,0.0012121791,0.80831796,0.0010461762,0.13582617
20171121-071156-1.jpg,6,6,0.000636144,0.0044395677,2.5756044e-05,0.0016398556,5.2600284e-05,9.413698e-05,0.951446,0.013045361,0.028620668
20171121-071754-1.jpg,6,6,0.001358391,0.03630706,0.00034146543,0.00056032056,8.6963264e-05,0.0009957122,0.49727893,0.0025899215,0.4604813
20171121-072239-1.jpg,6,8,0.0007277384,0.004742666,0.002995281,0.007223855,0.0016478808,0.00015167826,0.079849176,0.0016144213,0.9010472
20171121-072857-1.jpg,6,6,5.6623438e-05,0.25494277,2.593587e-05,0.00019205656,1.526954e-05,7.66457e-05,0.73575467,0.00025323292,0.008682799
20171121-073208-1.jpg,6,8,0.0039318353,0.028301427,0.00036285984,0.0060292333,0.0033253988,0.0013019121,0.11297133,0.00864812,0.8351279
20171121-073257-1.jpg,6,6,0.00223706,0.027714273,0.0009443509,0.0022780322,0.0006183499,0.006453166,0.57900995,0.006105849,0.37463894
20171121-073259-1.jpg,6,8,0.00012725583,0.00021234837,0.00038176437,0.00018675804,0.00048464647,0.00030386852,0.22599667,0.00028568547,0.77202094
20171121-073624-1.jpg,6,6,0.00056711945,0.0033811338,9.620263e-05,7.083336e-05,4.0948085e-05,0.0015665137,0.8177579,0.0010082002,0.1755111
20171121-073828-1.jpg,6,6,0.045136187,0.065736406,0.0002163694,0.0010969943,6.3652726e-05,0.007220655,0.48589128,0.1708707,0.22376777
20171121-074216-1.jpg,6,8,0.004363711,0.03679037,0.0007615129,0.0037170858,0.0012728568,0.0030443685,0.26414108,0.010361648,0.6755474
20171121-074426-1.jpg,6,6,0.0004020545,0.0007068638,0.00014209618,0.00015064617,0.00021710288,0.00057949946,0.9350633,0.00083105155,0.061907344
20171121-074610-1.jpg,6,6,8.4986226e-05,0.0030189357,4.16626e-06,0.00036664522,2.2274227e-05,0.00024989588,0.889509,0.00036998562,0.106374145
20171121-075130-1.jpg,6,6,0.00043086722,0.04007142,1.9397025e-05,0.0011034829,8.952146e-05,0.00056412636,0.86460245,0.0011290977,0.09198972
20171121-075511-1.jpg,6,6,7.733638e-05,0.004983047,0.00043227038,0.00037165743,0.00019178343,7.058279e-05,0.95672905,0.00036376383,0.03678056
20171121-081850-2.jpg,6,5,0.0030817334,0.02254009,0.00016175216,0.0037200833,0.00042967816,0.56923765,0.23701392,0.0044341804,0.15938084
20171121-082047-1.jpg,6,6,0.00044992333,0.0013960664,0.00023979167,0.0010454684,0.0004420864,1.5626048e-05,0.78627473,0.0018836161,0.20825268
20171121-082150-2.jpg,6,6,6.2692816e-05,0.019575521,6.338598e-05,4.510421e-05,7.2932157e-06,0.00018053543,0.9311603,0.00023165692,0.048673496
20171121-082544-2.jpg,6,6,0.00017689167,0.0036261822,5.441963e-06,6.747403e-05,1.2161511e-05,0.0015435698,0.9661026,0.0005387444,0.027926972
20171121-082732-2.jpg,6,6,0.00085887866,0.03334108,2.466547e-05,0.00028254505,4.5201687e-05,0.0029559396,0.9098483,0.008047064,0.044596463
20171121-082752-2.jpg,6,6,1.9148025e-05,0.00033099196,5.206889e-05,4.667846e-06,6.2448867e-06,7.996438e-06,0.99806863,7.92189e-05,0.00143098
20171121-082826-2.jpg,6,6,1.631656e-05,0.00024573857,2.9910157e-06,9.443445e-06,2.058834e-06,1.4357696e-05,0.9984731,4.46377e-05,0.0011913506
20171121-082850-2.jpg,6,8,0.0006990328,0.0062705167,0.00017468247,0.00011130836,0.00015264408,0.00042676838,0.23144923,0.00033635946,0.76037943
20171121-082948-2.jpg,6,6,4.8095724e-05,0.0002911082,0.0005420748,3.6635804e-05,5.1027022e-05,0.0002742243,0.9773761,0.000100070356,0.021280665
20171121-083319-1.jpg,6,6,0.01151383,0.19101907,0.0011393667,0.023513114,0.014108202,0.00043564048,0.60993207,0.055816334,0.09252236
20171121-083428-2.jpg,6,6,0.001487618,0.25067967,4.078058e-06,0.00011569493,1.1472656e-05,0.00016900557,0.72023964,0.0011984536,0.02609442
20171121-083458-1.jpg,6,6,0.00012232496,0.012989518,3.1818232e-05,0.000302201,3.6293164e-05,5.525414e-05,0.96575993,0.000423222,0.020279475
20171121-083528-1.jpg,6,6,0.00019057763,0.030065954,1.1318812e-06,3.158534e-06,6.755935e-07,8.6914915e-06,0.9688523,0.00045102005,0.0004264619
20171121-083556-1.jpg,6,6,0.0016558054,0.046049345,0.00011717172,0.0050370237,0.0005429505,0.00027978595,0.8810668,0.046717234,0.01853375
20171121-083607-1.jpg,6,6,0.001303676,0.03330317,3.4047782e-06,0.0002223486,4.9112597e-05,0.00038045802,0.9090383,0.0083074,0.047392208
20171121-083628-1.jpg,6,6,0.0062394594,0.03356389,3.2882086e-05,0.0009407338,0.00017162909,0.0003660811,0.67535394,0.21900134,0.064330034
20171121-084218-1.jpg,6,6,7.6608034e-05,9.657711e-05,0.0002695943,4.7542428e-05,0.00030959985,3.9757026e-05,0.704595,8.182054e-05,0.29448348
20171121-084509-2.jpg,6,6,0.0013178429,0.036584783,0.00052253704,0.003480374,0.00051006046,0.0005563805,0.9033588,0.008961329,0.044707872
20171121-084620-1.jpg,6,8,0.0010530095,0.008466178,1.5437827e-05,0.000121116704,1.35368555e-05,0.0022862875,0.01424948,5.7193643e-05,0.97373766
20171121-084723-1.jpg,6,6,0.0024030714,0.034048073,4.648002e-05,0.0002453474,0.00014129494,0.0010549723,0.9269134,0.021613916,0.013533453
20171121-084809-1.jpg,6,6,0.00060544757,0.007130594,0.000307339,0.00014111838,0.00027178254,0.00048252012,0.9040246,0.0027795667,0.084257
20171121-084827-1.jpg,6,6,0.0001199883,0.00073030667,4.180244e-05,4.5129178e-05,1.9345322e-05,0.0002623346,0.9894567,0.00023727953,0.009087136
20171121-084920-1.jpg,6,6,7.694043e-05,0.005276452,1.2275285e-05,0.00010949934,3.8490303e-05,4.572345e-05,0.98957354,0.0010620077,0.0038051202
20171121-085219-1.jpg,6,6,0.0023390257,0.018961914,0.00029763125,0.0005879037,0.000645516,0.00023484336,0.7919961,0.045185994,0.13975109
20171121-085233-1.jpg,6,6,0.00019965408,0.003991563,0.00024908685,0.0005865136,8.02056e-05,5.3646512e-05,0.92584383,0.00017195623,0.06882348
20171121-085944-1.jpg,6,6,0.00028781552,0.00071450236,8.947507e-05,2.105632e-05,8.491748e-06,1.50941805e-05,0.9942836,0.0016496321,0.0029302333
20171121-090145-3.jpg,6,6,8.9810324e-05,0.0002450051,0.00022475474,2.910869e-05,6.8976886e-05,5.3580392e-05,0.86428833,0.00027390275,0.13472657
20171121-090429-3.jpg,6,1,0.0010481752,0.536936,2.5323128e-05,0.00061231555,5.4401116e-05,0.0005878689,0.42916223,0.026556225,0.005017522
20171121-090501-3.jpg,6,6,0.0033917106,0.04146108,0.00014279109,0.0008372186,0.00038248862,0.00019471196,0.8600035,0.058312368,0.03527415
20171121-090623-3.jpg,6,6,0.00018238183,0.007155706,0.33970645,0.0002512507,0.0009282638,0.0005571041,0.37373304,0.00015899072,0.27732673
20171121-090736-3.jpg,6,8,0.0033274519,0.007973526,0.02656471,0.0040621837,0.004148261,0.00012910653,0.041928925,0.017357698,0.89450806
20171121-090747-1.jpg,6,6,0.0009494281,0.024847662,7.232311e-05,0.00021935624,0.00013322645,0.00029510542,0.9002277,0.001968092,0.07128705
20171121-090750-3.jpg,6,6,0.00061601383,0.0064490926,0.004303321,0.00067212014,0.0011120278,7.623208e-05,0.8694718,0.0028646223,0.1144348
20171121-090841-1.jpg,6,6,0.0047328356,0.08753933,0.0018479855,0.0020330723,0.0038342786,0.016241614,0.5372135,0.0035322423,0.34302515
20171121-090957-3.jpg,6,6,7.2721785e-05,0.0052258745,8.422619e-05,2.0637915e-05,5.6390723e-05,5.208152e-05,0.9833114,0.00041613434,0.010760502
20171121-091203-3.jpg,6,6,0.00065468234,0.31761277,5.3151845e-05,5.93062e-05,2.4833726e-05,2.0557278e-05,0.67627895,0.0016898542,0.0036059523
20171121-091325-3.jpg,6,6,8.327728e-05,0.0010482288,7.8100375e-06,1.645449e-05,5.78526e-06,0.00023339059,0.98423785,0.00024851668,0.014118557
20171121-101101-1.jpg,6,6,8.252477e-06,0.0002851191,3.941691e-05,5.837287e-05,6.437089e-06,7.195917e-05,0.9975575,9.307555e-05,0.001879969
20171121-101113-1.jpg,6,6,0.0006677913,0.005514743,0.0003717268,0.00012463966,5.9303035e-05,0.0022941234,0.8847283,0.0010712857,0.105167985
20171121-101215-1.jpg,6,6,0.00048947707,0.00041069233,2.1210735e-05,0.0005520175,2.9754085e-05,0.00011776861,0.98978186,0.0010200017,0.0075772335
20171121-181134-2.jpg,6,6,0.010926964,0.030465912,0.00015084546,0.0004849539,0.00019181498,0.00032336952,0.90823525,0.012006193,0.037214722
20171122-095514-1.jpg,5,5,0.0086157825,0.0007591518,9.232174e-05,0.00013592136,3.5519515e-05,0.8464248,0.0025852928,0.0010975482,0.14025372
20171122-095851-1.jpg,5,5,1.8756609e-06,5.9165104e-06,4.8384544e-07,4.5608635e-06,6.054705e-07,0.9997185,7.8252524e-05,1.345952e-06,0.00018834262
20171122-100108-1.jpg,5,5,0.00022597653,6.190954e-05,1.2270029e-06,6.294051e-05,5.073075e-06,0.99157774,0.00078046374,1.7898894e-05,0.00726669
20171122-101024-1.jpg,5,5,0.0031564124,0.0019741673,8.2629136e-05,0.00081481406,0.00014923429,0.8637793,0.017810682,0.00044321525,0.11178959
20171122-101340-1.jpg,5,5,0.00010617047,0.00051040086,1.3260967e-05,0.00050820445,4.4052435e-05,0.9017002,0.018921651,1.892335e-05,0.07817713
20171122-101355-1.jpg,5,5,6.517058e-06,1.2967691e-05,1.6930113e-07,2.3272938e-05,6.251994e-07,0.9956533,0.0008081961,1.2971518e-06,0.003493687
20171122-101532-1.jpg,5,5,1.5722551e-05,6.338545e-05,1.0618437e-06,3.075861e-05,1.5520294e-06,0.9443632,0.0036970135,3.6180704e-06,0.05182382
20171122-101719-1.jpg,5,5,0.0018971211,0.0012072838,3.3973404e-06,0.00248416,7.037906e-05,0.8909466,0.013435673,0.0007871237,0.08916831
20171122-101744-1.jpg,5,5,0.00030795683,0.0029717644,1.1641426e-05,4.5827812e-05,6.8175455e-06,0.7007047,0.012880909,0.00024727627,0.2828231
20171122-102100-1.jpg,5,6,0.00067194406,0.000648841,1.7211316e-05,5.155638e-05,4.591891e-05,0.20209745,0.50347966,0.0003585322,0.29262888
20171122-102106-1.jpg,5,5,0.0067071407,0.0016433296,2.6186306e-05,0.00013452132,2.2076456e-05,0.84896576,0.0146518955,0.0044098273,0.12343913
20171122-102318-1.jpg,5,5,0.006689888,0.009069027,9.67296e-05,0.0039162696,0.00027654882,0.72752947,0.10174863,0.005892842,0.14478058
20171122-102520-1.jpg,5,5,0.0002706927,4.267052e-05,4.2785058e-07,3.2737655e-05,3.6638626e-06,0.995784,0.00077826274,0.00011963124,0.002967863
20171122-102653-1.jpg,5,5,0.00012711348,0.00062863925,2.5123829e-05,0.000720898,4.514967e-05,0.9465878,0.018150356,0.000297047,0.033417854
20171122-102820-1.jpg,5,5,0.00044695163,0.0002784316,5.4184707e-06,3.8483464e-05,9.082846e-06,0.91442734,0.009680186,5.7424244e-05,0.07505665
20171122-103056-1.jpg,5,5,0.0008018567,0.0017723849,6.8392706e-06,0.00036745175,2.960063e-05,0.730761,0.0552196,0.00027360878,0.21076763
20171122-103153-1.jpg,5,5,0.00065421424,0.00022369153,1.0460357e-05,0.00012984814,4.1236246e-05,0.9525286,0.0008283983,0.0004631267,0.04512042
20171122-103247-1.jpg,5,5,2.9229652e-05,2.9252185e-05,2.3702596e-06,3.5986723e-06,9.945262e-07,0.999181,0.00032863926,8.086317e-06,0.00041685454
20171122-103329-1.jpg,5,5,6.954511e-05,7.322291e-05,1.131194e-06,1.4012952e-05,3.8896424e-06,0.99512535,0.0028164873,9.027068e-06,0.0018874598
20171122-103345-1.jpg,5,5,5.090481e-05,1.9846633e-05,1.9424026e-07,5.7605935e-06,1.1786105e-06,0.9958698,0.0031321421,5.6598133e-06,0.000914579
20171122-103413-1.jpg,5,5,0.006377844,0.0016309717,3.5109955e-05,0.00018744632,6.258931e-05,0.72084457,0.0079612965,0.0008114901,0.26208863
20171122-103825-1.jpg,5,5,1.9696163e-05,6.057696e-06,2.6857773e-08,1.0712882e-06,1.4415257e-07,0.99934226,0.0005213952,1.0341253e-06,0.00010826414
20171122-103945-1.jpg,5,5,2.700818e-06,7.600399e-06,1.9668076e-07,3.5779615e-06,4.8412005e-07,0.9994821,0.0004064563,1.8371227e-06,9.516644e-05
20171122-104102-1.jpg,5,5,6.7325323e-06,1.4853917e-05,2.395398e-07,4.363351e-06,7.196114e-07,0.99929607,0.00023800856,2.247616e-06,0.00043682643
20171122-104124-1.jpg,5,5,2.0466092e-05,5.987663e-05,4.6735434e-07,5.1791662e-06,1.1985078e-06,0.9990453,0.00020836668,3.1136282e-05,0.00062799326
20171201-115646-1.jpg,8,8,0.0011151137,0.00014509808,3.5317369e-06,4.208953e-05,6.111048e-06,0.0018923789,0.0003676692,0.0013456935,0.9950824
20171201-115746-1.jpg,8,8,0.0005206924,0.00027264547,1.5159443e-06,0.00057901704,1.2644639e-05,0.003473347,0.00094517204,0.0011883264,0.9930066
20171201-115805-1.jpg,8,8,0.0007381759,0.0012275846,1.5991545e-06,0.00042282333,6.319792e-06,0.0006663265,0.00036856064,0.0015993979,0.9949692
20171201-115923-1.jpg,8,8,0.00037387546,0.0010213562,1.0372634e-06,0.00046308388,1.00869665e-05,0.073899426,0.0017017676,0.00029068204,0.9222385
20171201-115935-1.jpg,8,8,0.0005893657,0.004927623,1.9141706e-05,0.0016536162,0.00015910377,0.09119856,0.009490057,0.0014919558,0.8904705
20171201-120036-1.jpg,8,8,0.00015325197,0.0013043695,5.652792e-05,0.0014853867,0.00010722654,0.032478698,0.0077724485,0.00023260232,0.9564097
20171201-120803-1.jpg,8,5,0.0034925474,0.014250277,7.693221e-05,0.0076427925,0.0005552849,0.53298944,0.0027242824,0.0013709373,0.43689752
20171201-120840-1.jpg,8,5,0.0010281849,0.003267758,2.1364895e-05,0.0014059198,0.0002651759,0.81340045,0.0011609994,0.00050304324,0.17894712
20171201-123831-3.jpg,8,8,0.003075378,0.00011669496,1.5136239e-06,4.2836924e-05,1.970798e-05,0.0005891054,5.5633594e-05,0.0015668229,0.99453235
20171203-082105-3.jpg,8,8,0.00046195232,0.00010089816,0.00072773575,0.041618425,0.1062805,4.1820845e-06,1.9328101e-05,0.0018226086,0.8489642
20171203-164415-3.jpg,8,8,0.00019363612,0.000831257,6.1922435e-08,0.007224669,3.129223e-05,6.221195e-06,7.991882e-06,0.00019425852,0.99151057
20171203-164605-3.jpg,8,8,0.051869787,0.11210789,0.0001108208,0.029355142,0.00069343374,0.004149377,0.0020477327,0.12811618,0.6715497
20171203-164630-3.jpg,8,8,3.1074593e-05,0.001144424,5.5965193e-06,0.000131399,1.4461437e-05,7.641121e-06,0.0005440619,4.306326e-05,0.9980782
20171203-165059-3.jpg,8,8,0.010525461,0.024659151,4.229419e-05,0.019104084,0.0002836589,0.24752101,0.0035486817,0.007537458,0.6867782
20171203-165115-3.jpg,8,8,0.00039345992,0.001949685,1.0027774e-05,0.0075318646,0.00040652655,0.0001514154,0.0007743124,0.0013102136,0.98747253
20171203-165302-3.jpg,8,8,0.008267648,0.019704152,0.0002823455,0.049668394,0.001094008,0.0021128147,0.01758391,0.054742668,0.846544
20171203-165314-3.jpg,8,8,0.0017469564,0.0037456357,0.00014213298,0.010802055,0.0026972473,0.00019170986,0.0030206125,0.018107632,0.95954597
20171203-165415-3.jpg,8,8,0.0009866577,0.0055893543,0.0016181262,0.0020653866,0.003343153,9.0578586e-05,0.004922374,0.005954017,0.9754303
20171203-165503-3.jpg,8,8,0.0015562898,0.0034919812,0.00020393338,0.0009164185,0.0016854568,0.00012844864,0.0011169038,0.007528587,0.9833719
20171203-165545-3.jpg,8,8,0.0012154424,0.009811759,0.00018407771,0.023080813,0.0044869054,0.00011610432,0.003420074,0.0024835353,0.95520127
20171203-165745-3.jpg,8,8,0.0040054023,0.020471867,0.044563,0.010800838,0.07144836,0.00046549106,0.0031328667,0.013896577,0.8312156
20171203-165809-3.jpg,8,8,0.0024690514,0.028354513,0.0048404275,0.021219695,0.082601175,0.0003338215,0.00841409,0.005965112,0.8458021
20171203-170230-3.jpg,8,8,0.0015132466,0.0077295704,0.00053385535,0.0058724005,0.004733105,0.0013657439,0.0004585075,0.0050077494,0.9727859
20171203-170325-3.jpg,8,8,0.0019121355,0.015600958,1.7089966e-05,0.02270785,0.0004980921,0.0014976154,0.0001424553,0.005316018,0.9523078
20171203-170434-3.jpg,8,8,0.0057816776,0.015835173,7.1778544e-05,0.013831891,0.0013434825,0.07378422,0.0027934327,0.0024318022,0.8841265
20171203-170522-3.jpg,8,8,0.0038114826,0.0010521443,6.327943e-05,0.0011439084,0.0019961954,0.005007852,0.00020095248,0.0025906158,0.9841336
20171203-170534-3.jpg,8,8,0.00781985,0.00373452,0.00016303142,0.019113466,0.0068970527,0.023937734,0.000102739315,0.0064724986,0.93175906
20171203-170737-3.jpg,8,8,0.00022580463,0.0001528777,7.406924e-05,0.00080999633,0.0013400688,1.74169e-05,4.0863357e-05,0.0005331712,0.9968058
20171203-170753-3.jpg,8,8,0.0005101422,0.0006016791,3.588641e-06,0.00094131596,8.2623956e-05,0.00015436778,2.4861669e-05,0.0016599011,0.99602157
20171203-170805-3.jpg,8,8,0.017132094,0.044110496,4.3783235e-05,0.003876186,0.00036433822,0.007529839,0.002585629,0.1260344,0.7983233
20171203-170835-3.jpg,8,8,7.1851726e-05,9.549326e-06,1.8611936e-05,7.078912e-05,0.00014035376,1.4038989e-06,0.00014554021,5.67386e-05,0.99948514
20171203-170848-3.jpg,8,8,5.461326e-05,2.553674e-05,0.00033521745,8.219622e-05,0.0001003423,4.4991875e-06,1.8593386e-05,2.610376e-05,0.999353
20171203-171008-3.jpg,8,8,0.00011712994,0.0012396231,0.00048390252,0.0031432346,0.004090684,5.5714583e-05,0.0022969493,0.0003567025,0.9882161
20171203-171022-3.jpg,8,8,1.9744355e-06,6.068905e-05,3.5681897e-08,0.001510433,2.40845e-06,3.7950126e-06,3.2730093e-06,4.841505e-06,0.9984125
20171203-171926-3.jpg,8,8,9.003679e-05,0.00027527328,1.4759231e-05,0.0001937414,6.712511e-05,6.337269e-06,6.007956e-05,6.843416e-05,0.9992242
20171203-172120-3.jpg,8,8,0.0046839113,0.017066786,1.980049e-05,0.05123829,0.0001474485,0.01408308,0.0029004114,0.009552979,0.9003073
20171203-172354-3.jpg,8,8,2.3579238e-05,2.9748321e-06,7.5655994e-06,4.4852063e-06,1.784814e-05,1.782041e-06,0.00076285226,8.501309e-06,0.9991704
20171203-172543-3.jpg,8,8,0.0009262858,0.0079164095,4.843768e-05,0.017358348,0.00019248344,0.014401868,0.00018978266,0.0009871721,0.9579793
20171203-172556-3.jpg,8,8,0.001922815,0.033072222,8.447027e-05,0.04954536,0.00093554566,0.002009079,0.0005520543,0.010427658,0.90145075
20171203-172608-3.jpg,8,8,0.0021263177,0.017844023,0.0003772368,0.014159535,0.0011898918,0.0066005667,0.016671516,0.0038794016,0.9371515
20171203-172623-3.jpg,8,8,0.002678048,0.011272477,0.00012442499,0.03707373,0.0024689175,0.07844414,0.0015832967,0.0021729232,0.864182
20171203-172726-3.jpg,8,8,0.0026575217,0.013820999,0.00010737804,0.0021550842,0.0007240508,0.0016956903,0.001245022,0.0055531207,0.97204125
20171203-172809-3.jpg,8,8,0.010199249,0.181973,0.00082062674,0.027789984,0.004582336,0.18423097,0.024278756,0.029379694,0.5367453
20171203-172855-3.jpg,8,8,0.0008231866,0.004481559,2.7509106e-05,0.0016460718,0.0014276198,0.0020934693,0.00020517671,0.00068639,0.9886091
20171203-173210-3.jpg,8,8,0.0007367351,0.013769328,0.009530444,0.0070889816,0.008950419,0.0010413179,0.0057529365,0.0013906826,0.95173913
20171203-173246-3.jpg,8,8,0.0002593285,0.0011701349,0.12445724,0.001324257,0.0015998287,0.0009866132,0.003540386,9.980152e-05,0.8665625
20171203-173632-3.jpg,8,8,0.001166425,0.009922477,1.9530698e-05,0.0159857,0.00017199173,0.0013193316,0.0008068486,0.004195061,0.96641254
20171203-173955-3.jpg,8,8,0.0019098293,0.0017360331,0.005924108,0.0015234767,0.004706041,0.00018098179,0.023040643,0.0060249213,0.95495397
20171203-174204-3.jpg,8,8,0.00064975704,0.002217922,0.00016350177,0.005646458,0.0006430197,0.00058478245,0.00019101992,0.0013132622,0.9885904
20171203-174235-3.jpg,8,8,0.0016328933,0.0021142852,0.044131,0.04393652,0.038205847,0.00073214155,0.006015948,0.005487667,0.8577437
20171203-174510-3.jpg,8,8,0.0018680653,0.009702919,0.019728117,0.03717764,0.0637412,0.000600904,0.0026921981,0.0051128594,0.8593761
20171203-174656-3.jpg,8,8,0.0010610386,0.004016547,1.1644257e-05,0.021869252,0.0010109175,0.00012123081,0.00065663626,0.00075667154,0.97049606
20171203-174853-3.jpg,8,8,0.005223203,0.013171096,0.0013682332,0.005250411,0.009147641,0.000438868,0.019074788,0.014442041,0.93188375
20171205-123530-2.jpg,8,8,0.1037601,0.034153707,0.0018211288,0.042941727,0.01478581,0.0018298603,0.0007427926,0.08733085,0.712634
20171205-123605-2.jpg,8,8,0.0079133315,0.03468764,2.9698886e-05,0.0014640021,0.00035672908,0.2822843,0.088744566,0.05304412,0.53147566
20171205-123640-2.jpg,8,8,0.0039748526,0.2159856,7.216969e-05,0.009349617,0.0015394931,0.0077157696,0.008684656,0.007130908,0.74554694
20171205-124014-2.jpg,8,8,4.813141e-05,1.5575128e-05,5.2169224e-07,0.00031294342,4.272517e-06,0.00042332822,8.233406e-05,0.00011339628,0.99899954
20171205-124035-2.jpg,8,8,0.011240419,0.036492225,0.007532055,0.04162878,0.0031899966,0.05552054,0.0051572686,0.008488108,0.8307506
20171205-124050-2.jpg,8,8,0.002361658,0.0038718574,0.002683175,0.0048099086,0.002660061,0.002566939,0.0014723366,0.0016131271,0.977961
20171205-124103-2.jpg,8,8,0.0034648052,0.010715839,7.845589e-05,0.010381038,0.0018052455,0.0010040066,0.00068448135,0.012075398,0.9597907
20171205-124515-2.jpg,8,8,0.00051391247,0.00024930848,6.2487816e-05,0.012884353,0.0019841634,0.062783115,0.0004322256,0.0009938749,0.9200966
20171205-124625-2.jpg,8,8,0.0033383162,0.00070967263,0.0003414594,0.011702187,0.0026301574,0.17388037,0.0016737712,0.019811044,0.785913
20171205-124856-2.jpg,8,8,0.0014358701,0.00063595484,2.4156416e-05,0.0012233672,9.7890515e-05,0.093717724,0.00044033787,0.0029837561,0.89944094
20171205-133618-2.jpg,8,8,0.0014827123,0.0005398429,8.3414525e-06,0.0002365635,0.000529887,8.671097e-05,2.6688715e-06,0.0014924251,0.99562067
20171205-133727-2.jpg,8,8,0.0015682236,0.00030578292,3.1402735e-06,0.0003237433,3.72316e-05,5.2269355e-05,8.301466e-06,0.000871119,0.9968303
20171205-133754-2.jpg,8,8,0.009435348,0.0037106262,0.000118022006,0.0015110463,0.00035233606,0.0013203016,0.0005620073,0.0022475843,0.9807426
20171205-134059-2.jpg,8,8,0.022045663,0.031742945,0.00023916188,0.009170954,0.006910446,0.010304649,0.00036814925,0.060077313,0.85914063
20171205-134137-2.jpg,8,8,0.04058954,0.0027751806,0.0016455429,0.010134959,0.017875714,0.0037236135,4.635504e-05,0.020385772,0.9028233
20171205-134151-2.jpg,8,8,0.25197947,0.034268297,0.00013270634,0.01225908,0.007943647,0.0014551628,0.00010267355,0.20129046,0.4905684
20171205-134600-2.jpg,8,8,0.04452973,0.017014995,0.0021903582,0.005361388,0.005535611,0.006537269,0.00016563889,0.09397497,0.82469004
20171205-134821-2.jpg,8,8,0.0020615002,0.026803758,8.598366e-06,0.0074247704,0.0003385887,0.0009064444,0.00022394932,0.0039108465,0.9583215
20171205-141003-2.jpg,8,8,0.013304952,0.049437795,0.0032517656,0.013729689,0.0033582095,0.19287686,0.062198855,0.06743904,0.59440285
20171205-141149-2.jpg,8,8,0.0028850057,0.021327712,2.3424012e-05,0.017350152,0.0005907043,0.0065815295,0.00035641238,0.0018315071,0.9490536
20171205-141207-2.jpg,8,8,0.00019887101,0.0007457653,1.3847539e-07,0.00078672834,6.0405255e-06,0.007627603,0.00027384146,0.00022667683,0.9901343
20171205-141347-2.jpg,8,8,0.00026778012,0.00054767146,1.019454e-06,0.0029406722,4.2096253e-05,0.011431138,0.00018035881,8.971623e-05,0.98449945
20171205-143227-2.jpg,8,8,0.0010965373,0.00027294582,4.2713214e-05,0.0009830685,0.00036213128,0.07445067,0.00044833796,0.001475814,0.92086774
20171205-143444-2.jpg,8,8,0.0007533279,0.00020966295,0.000108640765,0.005583076,0.0011552378,0.0582591,0.001100826,0.00087911374,0.931951
20171205-143514-2.jpg,8,8,0.00047981984,5.8312315e-05,8.381348e-05,0.0020936255,0.0004951496,0.03066031,0.00026582324,0.0022092413,0.96365386
20171205-144102-2.jpg,8,8,0.0025328505,0.0022382278,0.00010680777,0.012450665,0.0014181782,0.2182388,0.0008218046,0.0023899772,0.7598027
20171205-144132-2.jpg,8,8,0.0014258733,0.00038812793,0.0001999259,0.009494532,0.00071644573,0.17420298,0.00046577572,0.0012409509,0.8118654
20171205-144342-2.jpg,8,8,0.00014164094,0.0003996147,1.6526095e-05,0.0008001175,6.112128e-05,0.04965007,0.00011266792,9.447781e-05,0.94872385
20171205-144424-2.jpg,8,8,0.00025818186,0.00061455206,9.995075e-06,0.0036583086,0.00012006525,0.22183292,0.00030212608,8.4763335e-05,0.7731191
20171205-144647-2.jpg,8,5,5.9989987e-05,0.00041165628,2.97486e-06,0.00019144798,9.57364e-06,0.99276465,0.0015327397,9.093297e-05,0.004936094
20171205-144841-2.jpg,8,8,0.0010186179,0.003076501,1.0793309e-05,0.002329937,2.871003e-05,0.0042182044,0.000436298,0.00089278945,0.9879881
20171205-144912-2.jpg,8,8,0.00073584024,0.013816063,3.5801724e-05,0.015721198,0.00029906115,0.10016011,0.0006910786,0.0014790327,0.8670619
20171205-144945-2.jpg,8,8,0.0006540702,0.004143845,0.0002476852,0.042643905,0.020709893,0.0006917776,0.011635032,0.0024807139,0.91679305
20171212-092921-3.jpg,8,8,0.0015760316,0.0024295917,0.00033086445,0.0119395815,0.0021051664,0.0018328907,0.0007087653,0.004562978,0.97451425
20171212-093006-3.jpg,8,8,9.018815e-05,0.00045853044,2.2728698e-06,0.0077640465,8.719006e-05,0.00040411044,0.0002024432,0.00051899574,0.9904722
20171212-093146-3.jpg,8,8,0.00034633905,0.0004567971,7.228862e-05,0.026465992,0.0026776805,0.00094509806,4.03008e-05,0.00053602865,0.9684595
20171212-093539-1.jpg,8,8,0.00014814534,0.0002696493,1.9756362e-07,0.006483796,2.5625219e-05,0.00061777723,7.901231e-06,0.0001030075,0.99234396
20171212-093551-1.jpg,8,8,0.0014562608,0.0020223907,2.0413238e-06,0.0110729765,6.0303573e-05,0.003681502,1.8458602e-05,0.0008347841,0.9808514
20171212-093606-3.jpg,8,8,8.873164e-05,0.00015307288,4.0953837e-06,0.019419186,0.00017263312,0.0015585124,5.79094e-05,0.00017702456,0.97836876
20171212-093616-1.jpg,8,8,0.00017107668,9.319747e-05,1.5327569e-06,0.011918081,4.8935173e-05,8.681874e-05,2.126464e-06,0.00021949028,0.9874587
20171212-093708-1.jpg,8,8,0.00040425314,0.013092938,2.709513e-05,0.0011342827,3.74627e-05,0.0014139522,0.032416515,0.00037625775,0.9510973
20171212-093714-3.jpg,8,8,0.00042988037,0.00013812348,0.00012997014,0.002780159,0.011703773,8.8555294e-05,5.5939665e-05,0.0002494904,0.9844242
20171212-093855-1.jpg,8,8,0.0004638899,0.002116686,0.00019815394,0.0004213573,7.5929565e-05,0.0002807111,0.035913628,0.001257134,0.95927244
20171212-093911-3.jpg,8,8,2.548628e-05,2.2374945e-05,3.1556735e-07,0.0011510651,1.16666115e-05,2.5271263e-05,3.207576e-05,9.512889e-06,0.99872226
20171212-093958-1.jpg,8,8,0.0008482375,0.010237212,0.00023057342,0.0019406158,0.00031934775,0.0032723853,0.00089618145,0.00089487387,0.98136055
20171212-094134-1.jpg,8,8,0.0020921652,0.000572171,6.287299e-06,0.0057108533,0.00010393113,0.020231154,0.000791734,0.0015261328,0.96896553
20171212-094144-1.jpg,8,8,0.00041426445,0.00032092654,5.001355e-05,0.01759397,0.00220849,0.00018215265,0.00041301458,0.0047711185,0.97404593
20171212-094300-3.jpg,8,8,0.0006027146,0.0023519641,1.6512056e-05,0.008005262,8.900068e-05,0.000118958946,0.00013194808,0.0029673402,0.9857164
20171212-094300-1.jpg,8,8,2.4012332e-05,0.0006461574,4.5540503e-07,0.0019388217,3.869965e-06,0.0009903077,0.000113075046,3.2920212e-05,0.99625033
20171212-094313-1.jpg,8,8,3.5368237e-05,0.0001407833,1.6505881e-07,0.00022047799,3.9403376e-06,0.00016453289,1.5580981e-05,5.7580928e-05,0.9993616
20171212-094409-1.jpg,8,8,6.6144035e-05,1.433274e-05,5.68366e-07,0.0023834982,1.2475406e-05,0.0031071221,2.5124653e-05,2.2006514e-05,0.99436873
20171212-094427-3.jpg,8,8,7.8781035e-05,4.127664e-05,1.5906089e-06,0.0004191008,1.2285782e-05,6.9005705e-06,6.3036878e-06,5.6448396e-05,0.9993774
20171212-094459-1.jpg,8,8,1.2591993e-05,1.8391282e-05,5.9264632e-08,0.0004729797,1.0875374e-06,0.00013872074,2.1322696e-06,1.2548836e-05,0.99934155
20171212-094532-1.jpg,8,8,0.0012497047,0.003401898,3.7518003e-05,0.0026279294,0.0001582329,0.00095074973,0.0015949197,0.00876383,0.9812152
20171212-094611-1.jpg,8,8,0.00093793694,0.00043052266,2.636666e-06,0.0022082261,3.7226182e-05,0.0012753746,0.00018307284,0.0002498203,0.99467516
20171212-094623-3.jpg,8,8,0.0010336783,0.0060612513,1.3667756e-06,0.006358998,2.24248e-05,0.00023079332,0.00012905026,0.0010138621,0.98514843
20171212-094655-3.jpg,8,8,1.2879936e-05,0.00010651566,1.0149749e-08,9.059976e-05,1.1000136e-06,3.801484e-05,1.7857095e-06,1.59325e-05,0.99973315
20171212-094711-1.jpg,8,8,0.00015418709,0.0001291752,4.442574e-07,0.0024071708,6.80671e-05,0.000113730115,4.7073852e-05,5.1205796e-05,0.9970289
20171212-094741-1.jpg,8,8,0.00012012104,0.00018425033,1.9320191e-06,0.0012520005,4.2071573e-05,0.0031842634,0.00022020207,0.00019691276,0.9947982
20171212-094756-1.jpg,8,8,3.1738266e-05,9.6454314e-05,5.824264e-07,0.00040155774,3.2508192e-06,0.0012752538,0.00013531416,0.00010630456,0.99794966
20171212-094855-3.jpg,8,8,0.00081911444,0.000106848,3.229758e-05,0.00031382038,9.851244e-05,7.151775e-05,0.00020971757,0.005854969,0.9924931
20171212-094932-1.jpg,8,8,6.7525625e-06,0.00010683811,5.552001e-08,0.00071971276,4.91199e-06,2.5583062e-05,1.6560316e-05,8.26406e-06,0.99911124
20171212-095021-3.jpg,8,8,0.0006990907,0.00040857706,0.0012997164,0.014368419,0.0034559956,0.00063918333,0.001748978,0.00027869444,0.97710127
20171212-095057-1.jpg,8,8,0.00084710564,0.0008468153,2.5432128e-06,0.06354836,0.00010587069,0.00026203398,4.0712446e-05,0.0007453968,0.93360114
20171212-095308-3.jpg,8,8,9.539889e-05,0.0007625702,1.2300822e-07,0.024735518,1.4807146e-05,0.00022899195,6.593634e-05,0.0001685784,0.973928
20171212-095344-3.jpg,8,8,0.0023535257,0.01185158,0.000120009034,0.046757285,0.0011400472,0.0007204849,0.0005764547,0.005043737,0.93143696
20171212-095346-1.jpg,8,8,3.1889573e-05,1.6527063e-05,7.366517e-08,0.00033319916,4.540012e-06,7.54016e-06,1.4280606e-06,8.025823e-06,0.99959666
20171212-095400-3.jpg,8,8,7.0633905e-05,0.0010795615,1.3567957e-05,0.003138327,0.00016643599,0.0023643046,0.0049601095,5.965935e-05,0.9881473
20171212-095412-3.jpg,8,8,0.0038556245,0.002577149,0.0006948353,0.005376314,0.004444586,0.0022940927,0.0013576451,0.010885811,0.9685139
20171212-095425-3.jpg,8,8,0.00011499256,0.00016942351,8.840744e-06,0.0037094362,0.000107560045,0.00026911934,0.00011715384,8.7432934e-05,0.99541605
20171212-095519-3.jpg,8,8,0.000833513,0.00039931943,4.9863433e-05,0.0047964947,0.0018705395,0.00019303845,8.420623e-05,0.004268856,0.9875042
20171212-095558-1.jpg,8,8,0.00019193479,0.0010874412,1.0418861e-05,0.006218008,0.00016761154,0.020540308,0.0032802464,0.0005783489,0.96792567
20171212-095618-3.jpg,8,8,0.00033134152,0.00017188114,9.179298e-06,0.000439772,0.00032014115,7.1754694e-06,6.651929e-05,0.0013372395,0.99731666
20171212-095632-1.jpg,8,8,1.352317e-05,3.5518755e-05,1.3267845e-07,0.00014568509,5.490034e-06,9.520044e-05,1.0577554e-05,1.6916656e-05,0.99967706
20171212-095706-1.jpg,8,5,0.01513953,0.044052333,0.00013456988,0.0005621052,0.0004899081,0.7311967,0.0067144437,0.050539687,0.15117069
20171212-095738-3.jpg,8,8,0.000989178,0.0029860036,1.1260625e-05,0.004110355,0.00062733307,0.00039248553,0.00012908308,0.0013331876,0.989421
20171212-095844-1.jpg,8,8,2.5236299e-05,0.00028483424,8.036543e-08,0.019353887,1.2885262e-05,0.00014745163,4.1404455e-06,2.2148699e-05,0.9801493
20171212-095920-1.jpg,8,8,0.0020214284,0.0103566935,4.7164153e-06,0.07624787,0.00010764251,0.0017103862,0.00011775296,0.0010091679,0.9084244
20171212-095921-3.jpg,8,8,0.001935909,0.0053627756,2.22216e-06,0.041456457,0.00015953348,0.004411471,0.0003561454,0.0032124054,0.94310313
20171212-095934-3.jpg,8,8,2.3615288e-05,9.679691e-07,1.1054585e-06,0.00010742712,0.0003543143,1.0929151e-06,5.9550508e-05,1.0999172e-05,0.99944097
20171212-095946-1.jpg,8,8,0.000663157,0.0015572523,3.0077408e-06,0.010591051,3.218873e-05,0.0009417105,0.00013020769,0.0010939284,0.98498744
20171212-100032-1.jpg,8,8,0.0035699194,0.011219122,0.00015273393,0.11195075,0.0012978244,0.0013407181,0.0006964694,0.0057978733,0.8639746
20171212-100128-1.jpg,8,8,0.00043744105,0.001991586,8.496678e-08,0.015758814,4.39761e-06,0.0021942607,5.6112916e-05,8.942462e-05,0.9794679
20171212-100154-3.jpg,8,8,9.292202e-06,2.3152863e-05,2.4479645e-08,0.00042039406,1.8510926e-06,9.852958e-05,1.836026e-05,5.0596955e-06,0.9994234
20171212-100236-3.jpg,8,8,0.001854218,0.0071411007,0.0017904543,0.024109503,0.005997248,0.00210945,0.0065702447,0.0034106954,0.9470171
20171212-100257-1.jpg,8,8,1.619527e-05,2.3543134e-05,7.361067e-08,0.00015607766,5.254922e-06,1.0106923e-05,2.289005e-06,1.06306825e-05,0.9997758
20171212-100328-1.jpg,8,8,0.00017526641,0.00057822396,7.87749e-06,0.022814685,0.00044038193,5.6466106e-05,7.8934674e-05,0.000517507,0.97533065
20171212-100359-1.jpg,8,8,0.0019142167,0.005051316,3.4530474e-06,0.0012490478,1.6468462e-05,0.011062969,0.0035448764,0.011238434,0.96591914
20171212-100403-3.jpg,8,8,0.0005010933,0.00022346787,2.7747666e-07,0.001792242,5.66287e-06,0.00023645152,7.680873e-05,0.0008541111,0.9963098
20171212-100412-1.jpg,8,8,0.00015955932,0.00047315468,1.2527317e-05,0.001536055,0.00024912963,8.943483e-06,2.3513152e-05,0.00027540134,0.99726164
20171212-100437-3.jpg,8,8,9.0947964e-05,0.00016743787,4.328257e-07,0.0003982306,9.817435e-06,0.00021642978,2.7778675e-05,0.00014276215,0.99894625
20171212-100531-3.jpg,8,8,0.0005090294,0.0021962472,2.5068996e-07,0.00027322752,3.0508504e-06,0.005585545,0.03602251,0.0003656535,0.95504445
20171212-100553-3.jpg,8,8,0.0015518534,0.009940119,0.00035348765,0.010032667,0.0010669281,0.0049662082,0.005069009,0.0047554625,0.96226424
20171212-100614-3.jpg,8,8,0.00031118936,0.00091266463,9.011486e-06,0.005766996,6.30764e-05,0.00037775844,0.0003024048,0.00047260377,0.9917842
20171212-100627-1.jpg,8,8,0.00024522186,0.00050943467,2.9395838e-05,0.0059416443,0.00012840629,0.0015070656,0.000246409,0.00041447248,0.9909779
20171212-100705-1.jpg,8,8,0.01765273,0.023903241,0.0007429317,0.019552596,0.0012512791,0.008439267,0.037405476,0.065672666,0.8253798
20171212-101605-3.jpg,8,8,0.029361183,0.004734628,0.045009963,0.0043325075,0.013812448,0.0014416915,0.0030005137,0.03569761,0.86260945
20171212-101707-3.jpg,8,8,0.001497062,0.0006927056,4.3931886e-06,0.0005466265,4.171478e-05,0.00043358371,0.009540498,0.0037860153,0.9834573
20171212-101811-3.jpg,8,8,0.009453136,0.22764069,6.4674514e-06,0.096632354,0.00021707776,0.0019139759,0.00030639593,0.03938304,0.62444687
20171212-102030-3.jpg,8,8,0.000111278256,0.00010477489,1.24015205e-05,0.0032674589,0.00039152917,9.235718e-06,3.5162062e-05,0.00028039212,0.9957878
20171212-102031-3.jpg,8,8,0.012975943,0.0039562667,0.001744496,0.0037374776,0.015211412,0.00059762324,0.01013645,0.027544709,0.9240956
20171212-102128-3.jpg,8,8,0.009316435,0.0017203041,0.0010893274,0.0039951047,0.0039021773,0.0010296464,0.018578026,0.003454728,0.95691425
20171212-102223-3.jpg,8,8,0.00033125715,5.1773866e-05,3.625748e-06,0.0015335241,0.00013645021,0.00014908689,0.00010193426,0.00016631815,0.997526
20171212-102312-3.jpg,8,8,0.042432424,0.0071277977,0.00081719435,0.003012989,0.019114483,0.003123727,9.8448196e-05,0.16862321,0.7556497
20171212-102352-3.jpg,8,8,0.025255386,0.007941076,6.556116e-05,0.0041123116,0.002019471,0.0012285423,0.0006451061,0.07658808,0.88214445
20171212-102425-3.jpg,8,8,0.003703795,0.014619151,4.3222783e-05,0.005904863,0.0030946897,0.00066316087,0.010341167,0.0065484727,0.9550815
20171212-102523-3.jpg,8,8,4.1494186e-05,1.8889246e-05,2.0336515e-06,4.4632793e-06,1.1581779e-05,1.7052737e-06,2.4544666e-05,1.4459867e-05,0.9998808
20171212-102803-3.jpg,8,8,0.013646711,0.11633934,0.00035358747,0.044970136,0.0044268738,0.0023157983,0.008795208,0.017126027,0.7920264
20171212-102928-3.jpg,8,8,0.0031562794,0.010449535,0.00012915181,0.0019354738,0.00061259937,0.022495687,0.091929264,0.0034307076,0.8658613
20171212-103805-3.jpg,8,8,0.045190457,0.04089353,0.00012015542,0.0048554796,0.00089950894,0.0016027584,0.0038747403,0.077553935,0.8250094
20171212-103853-3.jpg,8,8,0.037965648,0.14710404,0.00835792,0.035045385,0.0046076435,0.009782582,0.010432304,0.07993136,0.6667732
20171212-104215-3.jpg,8,8,0.03673744,0.006496229,0.000808278,0.004891176,0.003742397,0.004433383,0.0020072628,0.033188574,0.90769523
20171212-104309-3.jpg,8,8,0.001026054,0.00080115953,1.2813314e-05,0.13687256,0.00024794586,0.0021276437,0.0001391937,0.00085778924,0.8579149
20171212-104332-3.jpg,8,8,0.025394939,0.015018736,0.0010968818,0.015240487,0.015931169,0.0079874545,0.00051196496,0.043033794,0.8757846
20171212-104850-3.jpg,8,8,0.0013935112,0.006406726,1.151471e-05,0.0363529,0.00092264335,0.008849996,0.00019976466,0.001212235,0.9446507
20171212-104939-3.jpg,8,8,0.0020898832,0.0005810277,2.566857e-05,0.0007051235,0.0008449845,0.001006626,0.00050462584,0.0016336286,0.99260837
20171212-105011-3.jpg,8,8,0.0021952754,0.00069397327,8.3169514e-05,0.0106627885,0.0006517814,0.017036334,0.00039499262,0.0017577618,0.96652395
20171212-105035-3.jpg,8,8,0.00020565395,2.1580785e-05,3.808412e-07,0.0001932585,4.3974674e-06,0.00021603714,1.4074484e-05,4.409522e-05,0.9993006
20171212-105237-3.jpg,8,8,0.037525944,0.00372698,5.0744435e-05,0.0034532468,0.0004906859,0.0027476626,0.0005194949,0.041923203,0.9095622
20171212-105254-3.jpg,8,8,0.0035278257,0.0037026412,0.00076459604,0.0069271424,0.0012964119,0.0006179641,0.00045090288,0.0036556849,0.97905684
20171212-105430-3.jpg,8,8,0.07811509,0.03249779,0.0009293615,0.026972206,0.064423695,0.0011635907,0.0010067124,0.16811574,0.6267758
20171212-105614-3.jpg,8,8,0.0011067581,0.0002847185,8.8537694e-05,0.005573192,0.001623596,0.00022556103,0.0006603107,0.00086018845,0.9895772
20171212-105731-3.jpg,8,8,0.00021417739,0.0013944973,1.1778622e-05,0.00045495186,0.00051628967,1.2940394e-05,0.0011981729,0.0006848254,0.9955123
20171212-105742-3.jpg,8,8,1.9660241e-05,4.7162608e-05,0.0011604136,1.8090614e-05,8.059376e-05,1.3532068e-05,0.005949825,1.8648003e-05,0.9926922
20171212-110050-3.jpg,8,8,0.0033446953,0.0038098644,0.000106343876,0.043208063,0.011735265,0.00018536956,0.0002694602,0.007966513,0.9293745
20171217-103432-2.jpg,8,8,0.04307716,0.014729774,1.5084445e-05,4.1436262e-05,2.7614848e-05,0.0055078217,0.00053840055,0.005124663,0.930938
20171217-103537-2.jpg,8,8,0.0041976892,0.036925897,1.3004691e-05,0.0008523147,7.5091055e-05,0.36253208,0.007156149,0.01092448,0.5773233
20171217-103616-2.jpg,8,8,0.0051315427,0.010219132,0.0010309225,0.01095294,0.0044060526,0.034726243,0.006913723,0.009908491,0.9167108
20171217-115550-2.jpg,8,8,0.0009825424,0.00317782,3.785922e-05,0.00063601084,2.7293432e-05,0.002538865,0.0017049409,0.013537095,0.9773577
20171217-183442-2.jpg,8,5,0.07203382,0.014492382,0.00030796925,0.030920846,0.0017656522,0.46189865,0.0007314116,0.07063397,0.3472152
20171217-183506-2.jpg,8,8,0.027212268,0.040642563,0.0051879273,0.10223997,0.022100434,0.16969869,0.027316056,0.13131256,0.47428957
20171217-183514-2.jpg,8,5,0.0020620755,0.0034134977,0.00017336592,0.0026282074,0.00060654053,0.80869377,0.008324783,0.00333347,0.17076427
20171217-183635-2.jpg,8,0,0.41947952,0.033732932,0.0015897249,0.003175739,0.030646313,0.11195862,0.0024120312,0.113304295,0.2837008
20171217-183729-2.jpg,8,4,0.0032935278,0.00020777665,0.028277662,0.059853733,0.47770044,0.0008006682,0.00087618135,0.002280702,0.42670938
20171217-183949-2.jpg,8,8,0.0003960444,0.00029607385,2.6732434e-06,1.1479405e-05,4.6207924e-06,0.0018586186,0.00028708752,2.6799938e-05,0.99711657
20171217-184011-2.jpg,8,8,0.00058193825,0.0006148961,2.6319353e-06,1.7249933e-05,1.4617842e-05,0.0035744873,0.00017085466,0.00010235479,0.9949209
20171217-184047-2.jpg,8,8,0.011702285,0.05056687,0.0005137496,0.0054767616,0.0033893767,0.0021395683,0.0032483542,0.029406108,0.89355695
20171217-184108-2.jpg,8,4,0.049314145,0.009162006,0.03654794,0.0760981,0.37989107,0.039584696,0.007933558,0.09660379,0.3048647
20171217-184116-2.jpg,8,8,0.009941891,0.010774379,7.79594e-05,0.065525316,0.0014358497,0.026807658,0.0012753367,0.0053102123,0.8788514
20171217-184519-2.jpg,8,8,0.056059346,0.011821113,6.49506e-05,0.015583952,0.00090734963,0.40830293,0.0068212235,0.067025654,0.43341345
20171217-184608-2.jpg,8,8,0.007328708,0.023689756,0.00010038511,0.042845685,0.0013197971,0.09250648,0.0051639634,0.0075960495,0.8194491
20171217-184732-2.jpg,8,8,0.0063204705,0.07769098,0.00024348688,0.0024828012,0.00017243838,0.034380842,0.053698674,0.009825693,0.8151847
20171217-185004-2.jpg,8,8,0.008468485,0.17969918,0.00093587785,0.003310342,0.0016019811,0.2147952,0.019307932,0.009241113,0.56263983
20171218-103414-2.jpg,8,8,0.02133254,0.042179972,6.406557e-05,0.14223498,0.0019301012,0.009842668,0.0001962318,0.03664492,0.74557453
20171218-103624-2.jpg,8,7,0.025097787,0.035870615,0.00071620976,0.010721286,0.0013443695,0.030853797,0.008423106,0.717557,0.1694158
20171218-103929-3.jpg,8,8,0.00014590737,7.872223e-05,1.0928223e-05,0.002261055,0.0037886878,1.0470573e-05,5.9996935e-05,0.00025984173,0.9933844
20171218-104002-3.jpg,8,8,0.00044219047,2.0189109e-05,0.011997274,0.0013244407,0.007844725,3.295667e-05,0.0002279688,0.0011827584,0.9769275
20171218-104122-3.jpg,8,8,0.0008884085,0.0023182041,6.1611655e-07,8.055056e-05,9.2259115e-06,0.014263665,0.003433885,0.003922394,0.9750831
20171218-104150-2.jpg,8,8,0.01924734,0.059656594,1.1654857e-05,0.002004054,0.00016544691,0.0011522535,0.0036798236,0.31587243,0.59821045
20171218-104227-2.jpg,8,5,0.00013403592,0.0005800133,1.2835562e-05,0.0001486119,2.6840256e-05,0.974327,0.002251397,0.0003321783,0.022187045
20171218-104431-2.jpg,8,8,0.0032753623,0.011964097,3.2399243e-05,0.004535,0.00024964797,0.0066684885,0.0054236273,0.011185433,0.956666
20171218-104826-3.jpg,8,8,0.00042620455,0.00018344076,1.0870428e-05,0.00010859554,0.000107034946,0.0037546153,0.00029689743,0.00018662635,0.99492586
20171218-104904-3.jpg,8,8,0.0013957308,0.0055131493,7.081872e-06,0.0067149843,0.00028315187,0.0036973152,4.458461e-05,0.0011358429,0.9812082
20171218-104928-2.jpg,8,8,6.181164e-05,0.002179693,4.4882287e-07,0.00083713897,1.157226e-05,0.0034777406,0.00035886644,8.166065e-05,0.9929911
20171218-105052-2.jpg,8,7,0.08101384,0.028839607,0.00032250825,0.0044668936,0.0019078803,0.010960767,0.001743656,0.4887724,0.38197246
20171218-105147-2.jpg,8,8,0.0006088047,0.00074789545,0.0001930305,0.0006073786,0.00075593893,0.0003770483,0.006238409,0.0008989745,0.98957247
20171218-105200-2.jpg,8,8,0.00030159083,0.0013798266,2.6682935e-07,0.00025808095,5.643353e-06,0.0068486626,0.00015177426,0.0008805496,0.9901736
20171218-105319-3.jpg,8,8,6.305928e-05,0.0012879609,2.8199327e-07,0.00041996944,5.717254e-05,6.212179e-05,7.151702e-05,0.0006161911,0.99742174
20171218-105544-3.jpg,8,8,0.0058274,0.076208286,1.7683096e-05,0.0068875127,9.001421e-05,0.006946314,0.021526568,0.0634778,0.8190184
20171218-105746-3.jpg,8,8,6.086243e-05,0.00011446825,1.7774633e-07,0.00018102744,9.486905e-06,0.00023945946,3.6074498e-06,6.834156e-05,0.99932253
20171218-105835-3.jpg,8,8,0.002464513,0.0009755782,5.703295e-06,0.0049359156,0.00015427361,0.007141804,0.00024228926,0.0024231873,0.98165685
20171218-110251-3.jpg,8,8,0.0027925535,0.0068826973,2.0915735e-05,0.0016715524,0.00017951336,0.0005621926,0.00012501018,0.0033869634,0.9843785
20171218-110305-2.jpg,8,8,0.005395314,0.008722901,2.9723325e-05,0.0095466245,0.00028330364,0.0281335,0.0017036147,0.010608489,0.9355765
20171218-110342-2.jpg,8,8,0.0046755443,0.014935225,0.0001091521,0.041684657,0.00072150707,0.029681174,0.007649358,0.0063007204,0.8942427
20171218-110357-2.jpg,8,8,0.00064090965,0.0018500936,3.386237e-05,0.011085608,0.00040920617,0.01539162,0.003677747,0.0017371916,0.9651738
20171218-110527-2.jpg,8,8,0.27021083,0.1504559,6.435253e-05,0.03166368,0.0013416747,0.030593976,0.00045042767,0.11337215,0.40184698
20171218-110555-3.jpg,8,8,0.0017361059,0.0004323478,2.9105277e-05,0.011451255,0.0008022139,0.00046746782,0.00018287997,0.0005885282,0.98431003
20171218-110809-3.jpg,8,8,0.003658395,0.0006548934,0.0006187647,0.0046623657,0.0060794675,0.031768598,0.00095723703,0.0015656075,0.95003474
20171218-110810-3.jpg,8,8,0.0018980373,0.0037547965,2.5318692e-05,0.013794979,0.0005935361,0.0010699063,0.0002505033,0.001248257,0.9773647
20171218-110916-2.jpg,8,8,0.108238764,0.024990074,3.4609388e-05,0.0031548669,0.0001235578,0.26738444,0.017925004,0.13891089,0.43923783
20171218-110942-3.jpg,8,8,0.0003467674,0.0025613725,1.5008142e-05,0.0014949146,0.00016546652,0.016173197,0.00038863855,0.00041528518,0.9784393
20171218-111008-3.jpg,8,8,0.00074427505,0.00023818445,3.3924453e-06,0.00023160053,4.003544e-05,0.00021679372,2.2665392e-05,0.00012468225,0.9983784
20171218-111019-2.jpg,8,8,0.002998406,0.00012126896,1.5377727e-06,0.0057526664,0.0005371853,4.1041334e-05,7.5738913e-06,0.00063395547,0.9899064
20171218-111124-3.jpg,8,8,0.00026549905,0.00027408163,3.4429831e-06,0.0005300763,0.00010416028,0.0026870647,0.00070968445,0.00045085495,0.9949752
20171218-111125-3.jpg,8,8,0.00020144391,0.0004059031,5.676862e-07,0.0003427606,2.5492755e-05,0.0014533079,6.314212e-05,0.00036276158,0.99714464
20171218-111152-2.jpg,8,8,0.0064694285,0.0015170984,0.0037754322,0.013718166,0.009644708,0.0002916467,0.00036062536,0.009394085,0.95482886
20171218-111211-3.jpg,8,8,0.0007006733,0.015686931,4.839032e-05,0.00583863,0.00016214611,0.01156919,0.0014404028,0.0028457516,0.96170795
20171218-111405-2.jpg,8,8,0.022466587,0.004236138,0.0018522101,0.4001172,0.02408256,0.00028971618,0.00014503593,0.051176965,0.4956337
20171218-111415-2.jpg,8,8,0.0050727422,0.00057315757,0.057460755,0.25008145,0.016059697,9.754784e-05,0.00043439085,0.0056523434,0.66456795
20171218-111452-2.jpg,8,8,0.0024358048,0.0069766655,4.802975e-06,0.089317925,0.0003700538,0.00036201003,2.148342e-05,0.0005675027,0.89994377
20171218-111506-2.jpg,8,8,0.040536534,0.0047033606,0.21299486,0.021734973,0.07436375,0.0057254257,0.003187465,0.024115382,0.61263824
20171218-111539-2.jpg,8,8,0.00015942844,2.069958e-05,0.0005560714,0.0013941589,0.000765153,1.3399466e-05,0.00020001386,5.3796353e-05,0.99683714
20171218-111742-3.jpg,8,8,0.0042601996,0.0010851056,6.722446e-06,0.00014505336,8.770788e-05,0.011356086,0.00040971694,0.00079843745,0.981851
20171218-112135-3.jpg,8,8,0.00021931884,6.44704e-05,3.3131567e-08,2.6725997e-05,1.9184758e-06,0.0027964634,9.858346e-06,4.1430325e-05,0.99683976
20171218-112608-3.jpg,8,8,5.4605487e-05,0.00072639063,1.2212812e-06,0.00019999742,2.9076857e-05,0.00033864213,0.00085143,3.1444408e-05,0.9977672
20171218-113230-3.jpg,8,8,4.256303e-05,7.321971e-05,2.4462727e-06,0.00015704164,6.8662657e-06,5.05625e-05,1.6251188e-05,3.1313608e-05,0.9996197
20171218-113540-3.jpg,8,8,0.0014926128,0.0073012137,0.00012754554,0.00084300776,0.00017774336,0.036554754,0.06165182,0.0008315659,0.89101976
20171218-114804-2.jpg,8,8,0.028893746,0.009068063,0.0015198595,0.044573024,0.0095094135,0.000718587,0.0008760863,0.030788636,0.8740526
20171218-114829-3.jpg,8,8,0.00013256156,0.00056917855,4.9513474e-05,0.01006578,0.00023654762,0.002990857,0.00024125201,0.00014183366,0.9855725
20171218-115026-3.jpg,8,8,6.2665036e-05,0.0005983992,3.9882093e-06,0.0017586581,8.601903e-05,0.0023125946,0.0003906888,0.00036664243,0.99442023
20171218-115240-2.jpg,8,8,1.7486453e-05,4.5428187e-05,1.7682594e-07,6.753775e-05,2.9563291e-06,4.3640575e-06,4.54948e-06,1.6248032e-05,0.9998411
20171218-115348-3.jpg,8,5,0.0013405775,0.00081022223,7.827768e-05,0.0012381737,0.0002674487,0.8739305,0.00061787333,0.0021027494,0.119614124
20171218-115503-3.jpg,8,8,0.004412555,0.015238257,0.0003968963,0.0741473,0.0030109468,0.18855268,0.009058643,0.0126575865,0.6925251
20171218-120003-3.jpg,8,8,0.000118574295,0.00013276881,1.8278008e-06,0.0025831421,4.6122732e-05,0.010549023,0.00015416852,0.00010276028,0.9863116
20171218-120009-2.jpg,8,8,2.7811466e-05,5.0444654e-05,3.7105914e-09,5.838248e-05,1.121744e-06,0.00021756715,1.7017783e-06,4.9523737e-06,0.9996381
20171218-120115-3.jpg,8,8,2.9777071e-05,0.0010057741,1.0839158e-07,0.0008112196,3.5086885e-06,0.0008784506,3.0945015e-05,2.6647538e-05,0.99721366
20171218-120204-2.jpg,8,8,0.0011799984,0.00080374564,8.1243115e-07,0.02907222,7.298968e-05,0.0013536429,1.5260734e-05,0.0006899997,0.9668114
20171218-120252-2.jpg,8,8,8.383283e-06,1.990531e-05,4.277366e-08,2.6871412e-05,4.5096996e-07,0.00010759877,2.9761364e-05,1.0208521e-05,0.9997968
20171218-120446-2.jpg,8,8,0.00019999551,0.006671449,2.0216794e-05,0.02287646,0.00030725275,0.037110075,0.0046279044,0.00024989358,0.9279367
20171218-120628-2.jpg,8,8,0.0010214695,0.00068958825,1.7315872e-06,0.0009413656,0.00011621504,0.00010284265,7.127909e-05,0.00035392272,0.99670166
20171218-120712-2.jpg,8,8,0.00023693802,0.00066308223,6.122716e-07,0.00043116036,2.213316e-05,0.0006981019,0.0002805381,0.0008184967,0.9968489
20171218-120733-3.jpg,8,8,3.8554525e-05,6.3178995e-05,0.00865679,9.887085e-05,0.00023646042,1.9156956e-05,0.002611219,2.0563983e-05,0.98825526
20171218-120814-2.jpg,8,8,0.0004543517,0.003917993,5.4380644e-06,0.004856782,0.00013429868,0.0030336152,0.00097000867,0.000570243,0.9860573
20171218-120855-2.jpg,8,8,8.4364365e-05,0.00058033643,1.5455012e-06,0.0005677162,0.000100815436,0.00019623853,2.3449602e-05,6.8456655e-05,0.9983771
20171218-120917-3.jpg,8,8,0.0010986079,0.016381564,7.6111482e-06,0.0060638417,4.5036133e-05,0.002307909,0.0028547973,0.0069511943,0.96428937
20171218-121152-3.jpg,8,6,0.00041190232,0.006592402,5.987602e-05,0.00012003165,3.132548e-05,0.012011199,0.7897533,0.0052608005,0.18575916
20171218-121231-3.jpg,8,8,0.001224025,0.11274665,0.00013162814,0.08999614,0.0008836898,0.015904522,0.027103446,0.0049890615,0.74702084
20171218-121237-2.jpg,8,8,0.0038423883,0.0037248218,6.8931683e-07,0.000555372,4.6935835e-05,0.016580472,0.0001351152,0.0019510185,0.9731631
20171218-121328-3.jpg,8,8,0.0008674396,0.0059103156,0.00012744482,0.006340528,0.00064247916,0.0050396584,0.008813982,0.0007986805,0.9714595
20171218-121356-2.jpg,8,8,9.285923e-05,0.0007094283,3.5116244e-07,0.0022862153,1.6129192e-05,0.0014151019,0.00021328402,0.0001206376,0.995146
20171218-121457-3.jpg,8,8,0.00056219514,0.004217968,5.4917477e-05,0.007592049,0.0008083479,0.08180238,0.002018389,0.0007777391,0.90216607
20171218-121510-3.jpg,8,8,0.0025675804,0.0030804842,7.099493e-05,0.0021803828,0.00030127802,0.03372476,0.0030446232,0.0040192246,0.95101076
20171218-121638-2.jpg,8,8,0.0044082915,0.0125924,2.4337633e-05,0.019333238,0.00060308154,0.016587052,0.00044100304,0.0066909986,0.9393196
20171218-121655-2.jpg,8,8,0.0017043098,0.0027861074,2.362592e-05,0.13321327,0.00039769482,0.0027812214,0.00012901363,0.0010390426,0.8579258
20171218-121708-3.jpg,8,8,0.00034074244,0.0002794829,6.829501e-05,0.008160789,0.0010831686,0.094771184,0.0010347354,0.00024516348,0.8940165
20171218-121856-3.jpg,8,8,0.0012568999,0.0010568474,9.068893e-05,0.010528783,0.0010029222,0.22705792,0.0010116604,0.0014576025,0.7565366
20171218-121944-3.jpg,8,8,0.00029354673,5.8120786e-05,5.896564e-06,0.0017287682,0.00015682155,0.016552098,3.1088017e-05,0.00021178291,0.980962
20171218-121959-3.jpg,8,8,7.860099e-05,8.8243774e-05,3.926419e-06,0.0010956863,8.480246e-05,0.034449447,0.0005506092,7.713858e-05,0.96357155
20171218-122026-2.jpg,8,8,0.0014243445,0.0026759922,1.9856494e-05,0.0034749538,0.00018349627,0.016859712,0.0002911225,0.0012173018,0.9738531
20171218-122047-2.jpg,8,8,0.00012807491,0.0014172317,3.691508e-06,0.0009840427,4.5598154e-05,5.908858e-05,0.0014801648,0.0001271209,0.99575496
20171218-122058-3.jpg,8,8,0.0053689354,0.0035795346,0.00013146896,0.2797484,0.0029248428,0.078200184,0.00089613226,0.0033115277,0.625839
20171218-122135-2.jpg,8,8,0.0035343599,0.031921573,2.2324892e-05,0.01772474,0.0003217749,0.004826838,0.0008535807,0.009832898,0.9309619
20171218-122147-2.jpg,8,8,0.0004087743,0.0029985947,2.1724834e-06,0.028986385,0.00015144424,0.0057683457,6.663245e-05,0.0009823282,0.96063536
20171218-122156-2.jpg,8,8,0.00018212812,8.521507e-05,6.9382274e-08,8.711651e-05,1.4117713e-06,0.0007010274,4.229675e-05,4.3807857e-05,0.9988568
20171218-122235-2.jpg,8,8,0.0013791857,0.0031907267,2.2293078e-05,0.016397873,0.00019043409,0.017216772,0.0015673409,0.0024286043,0.95760673
20171219-092731-3.jpg,8,8,0.0073816436,0.0012922187,0.0003741008,0.011020399,0.005209986,0.008712292,0.0005323468,0.006830877,0.9586461
20171219-092736-2.jpg,8,8,0.00021253341,0.00016110232,8.754534e-06,0.00634109,0.00019530393,0.0053023817,0.00012896361,0.0005529992,0.9870969
20171219-092807-3.jpg,8,8,0.0043265824,0.0011234214,0.0026891185,0.089825034,0.03457,0.06011157,0.005698331,0.006241387,0.7954146
20171219-092922-2.jpg,8,8,0.00017229664,0.000102437065,1.446569e-05,0.0010925635,0.00011371637,0.002444496,0.0004203662,0.00073055417,0.9949091
20171219-093001-2.jpg,8,8,0.00469109,0.00070835336,0.0006860236,0.09223159,0.014285319,0.055759694,0.0033529,0.0018207717,0.8264642
20171219-093103-3.jpg,8,8,0.0006048165,0.014764889,4.943138e-06,0.00626909,0.00040692333,0.0011917594,0.0020087278,0.0029027704,0.9718461
20171219-093202-3.jpg,8,8,0.07048316,0.112531655,0.00045991177,0.008850043,0.0070788315,0.014024384,0.033249944,0.06675147,0.68657064
20171219-093257-2.jpg,8,8,0.0042148377,0.0006332378,0.0032964125,0.0071351957,0.0068383263,0.013456811,0.0012045025,0.0066829436,0.9565378
20171219-093341-3.jpg,8,8,0.060150456,0.011007355,0.00077339757,0.0017706217,0.004876555,0.0032444797,0.009227611,0.10530215,0.8036474
20171219-093659-2.jpg,8,8,0.001354326,0.0010980006,0.0029870297,0.022538304,0.007176728,0.0029305338,0.00037569992,0.0039187265,0.9576206
20171219-093807-2.jpg,8,8,0.024013458,0.021489067,0.004653315,0.08168941,0.0248334,0.027646111,0.00048903545,0.0130919805,0.8020942
20171219-093904-2.jpg,8,8,0.02087515,0.005223037,0.00077256624,0.009908927,0.0023931048,0.0067203864,4.7785466e-05,0.02632532,0.9277336
20171219-094001-3.jpg,8,8,0.024717608,0.003069324,0.00017036477,0.013850659,0.014676499,0.0010298993,3.1818483e-05,0.008388488,0.93406534
20171219-094115-2.jpg,8,8,0.0030041384,0.0053601176,0.0010027011,0.005505237,0.0021401942,0.008219756,0.00045300068,0.0010361914,0.97327864
20171219-094128-3.jpg,8,8,0.016421376,0.0025412042,1.3040436e-06,0.00021081763,0.00017989418,0.001544146,3.2930457e-06,0.009253989,0.9698439
20171219-094130-2.jpg,8,8,0.0020564722,0.0003496166,0.00014682584,0.006743984,0.00080847763,0.020461662,0.00016469909,0.00031129783,0.96895695
20171219-094213-2.jpg,8,8,0.0035958742,0.0030011437,0.00020926647,0.007500959,0.0081349965,0.0022754862,0.0021235638,0.0040043974,0.9691544
20171219-094325-3.jpg,8,8,0.030023016,0.008220548,7.417394e-05,0.16160704,0.0064506405,0.016327757,0.00040440384,0.015833268,0.76105917
20171219-094325-2.jpg,8,8,0.00036991926,0.00086318183,0.0001340803,0.0050996724,0.0036465249,0.00021525672,0.00052127393,0.00092046603,0.98822963
20171219-094335-2.jpg,8,8,0.00028341578,0.00012450622,1.4173802e-05,0.00066850404,0.0004253946,3.2911357e-05,3.567625e-05,6.331729e-05,0.99835217
20171219-094406-3.jpg,8,8,0.0020924532,0.0015729682,2.006992e-06,0.0003930493,0.00033902074,0.00047695095,5.2585907e-05,0.0014011619,0.9936698
20171219-094517-3.jpg,8,8,0.038824387,0.0015128858,1.1091616e-05,0.0025798657,0.0002369112,0.0052162334,0.00091301696,0.006642242,0.94406337
20171219-094754-2.jpg,8,8,0.00018278127,0.0010939215,0.00010684529,0.0016070829,0.00055126613,0.00039451054,0.00016526111,0.0032108107,0.9926876
20171219-094839-2.jpg,8,8,0.0005244611,0.0001830262,9.1799375e-06,0.0013978424,0.0001708478,0.011511208,0.00017419287,0.00030158114,0.9857276
20171219-094915-2.jpg,8,8,0.010286488,0.0030604408,0.0003564374,0.0051629227,0.001639258,0.11914701,0.0028716598,0.02673308,0.8307427
20171219-094930-3.jpg,8,8,0.0016551325,0.0015017859,1.3475344e-05,0.0013536875,0.00031636425,0.0009215834,0.0003731089,0.0016277047,0.99223715
20171219-095036-2.jpg,8,8,0.0022111125,0.018874297,0.0009080508,0.037528332,0.012731709,0.0028909002,0.0002347446,0.005295065,0.9193257
20171219-095140-3.jpg,8,8,0.00062513474,0.006290762,3.1418251e-06,0.009768378,0.00010426188,0.030111814,0.00047673716,0.0041687516,0.9484511
20171219-095213-3.jpg,8,8,0.0029400887,0.0016903857,1.6534654e-05,0.0010390612,0.0012492875,0.0006369081,0.00026836823,0.0023799904,0.9897793
20171219-095245-2.jpg,8,8,0.00020457465,0.000359638,2.1971844e-06,0.0010869852,0.0002055505,4.9913633e-05,2.86337e-05,9.380564e-05,0.9979686
20171219-095246-2.jpg,8,8,0.00081992976,0.0017292635,3.0089506e-05,0.0010060237,0.0003862219,0.00056988193,9.7782895e-06,0.0006812951,0.99476755
20171219-095250-3.jpg,8,8,0.00073287816,8.292417e-05,3.2075586e-06,0.007215187,0.0001271131,0.0003190438,2.5570167e-05,0.00039292785,0.9911011
20171219-095321-2.jpg,8,8,0.00079766935,0.00015968972,7.79518e-05,0.0008871665,0.0010690223,4.1965744e-05,5.349513e-05,0.00037998968,0.99653304
20171219-095343-2.jpg,8,8,0.0039214636,0.0038568305,2.3634831e-05,0.007130474,0.0005163107,0.0006468367,0.00030304008,0.0070868996,0.9765146
20171219-095353-2.jpg,8,8,2.6190344e-05,1.4289502e-05,2.904033e-06,0.00013780461,0.000290773,8.587052e-06,2.8882056e-05,2.1162366e-05,0.99946946
20171219-095359-3.jpg,8,8,0.0011076524,0.00026568197,1.173332e-05,0.00038089734,0.00038894365,0.0005726621,0.00010512672,0.0018608317,0.99530655
20171219-095638-3.jpg,8,8,0.00073375367,0.00022991176,2.9738598e-05,0.0004066048,0.001080504,0.00018532941,6.886945e-06,0.0006268967,0.99670035
20171219-095730-2.jpg,8,8,1.2587047e-05,5.9675995e-06,1.070471e-07,0.00013702369,3.3990395e-06,0.00010722699,1.805966e-05,3.183858e-06,0.9997124
20171219-095801-3.jpg,8,8,0.0012581974,0.0003806635,1.1787048e-05,0.00027344422,0.00023081782,0.0016858327,5.2684005e-05,0.0013489355,0.99475765
20171219-095803-2.jpg,8,8,7.6136e-05,7.722737e-05,1.0643156e-06,0.0022149151,7.592718e-05,0.001667552,0.00010414143,7.3990006e-05,0.99570906
20171219-095804-2.jpg,8,8,0.00027986683,0.0003632479,8.8707e-06,0.0007638895,0.0003509839,0.00160671,4.7541547e-05,0.0003269972,0.9962519
20171219-095814-2.jpg,8,8,0.00024189611,0.00092581805,1.5791278e-05,0.0024202224,0.00048082342,0.004165961,0.00023383231,0.00034815774,0.99116755
20171219-095817-3.jpg,8,8,0.00054015254,0.0013090324,9.461528e-06,0.0014343595,0.0011080737,0.00028325312,7.954951e-05,0.0014426779,0.9937935
20171219-100000-2.jpg,8,8,0.0006044543,0.0003024663,1.7351307e-05,0.0030986436,0.00028901588,0.0006360578,2.1870006e-05,0.0002542224,0.9947759
20171219-100242-3.jpg,8,8,0.013763366,0.09818959,3.6618065e-05,0.0066794828,0.0015750038,0.0029682792,0.0005015234,0.073850326,0.8024358
20171219-100301-3.jpg,8,4,0.03825767,0.005261257,0.0024719292,0.062469848,0.52646935,0.00020901118,6.452731e-05,0.036753368,0.3280431
20171219-100344-2.jpg,8,8,0.059087705,0.016369985,0.009736569,0.038910206,0.008026983,0.05296522,0.0004299912,0.04812519,0.7663482
20171219-100345-2.jpg,8,5,0.025098791,0.013228143,0.0158599,0.2361688,0.01827668,0.3681675,0.025800368,0.0070334794,0.29036635
20171219-100442-2.jpg,8,8,0.00071385695,0.0016508283,6.1507395e-05,0.10416208,0.012434723,4.5788693e-05,4.8063543e-05,0.00051814946,0.880365
20171219-100454-2.jpg,8,8,0.0016281774,0.0019128463,0.00036351828,0.020237362,0.008779569,7.042232e-05,4.565382e-05,0.0021846925,0.9647777
20171219-100558-2.jpg,8,8,0.0035233202,0.0023804754,0.000699048,0.00623774,0.0029414154,0.00019206318,0.0009946363,0.0075008776,0.97553045
20171219-100605-2.jpg,8,8,0.00052202214,6.016098e-05,0.008028984,0.0011770286,0.0024456761,0.00026085033,0.00020952459,0.0019687521,0.985327
20171219-100707-3.jpg,8,8,0.014387062,0.0018607901,3.2492594e-06,0.00013112817,0.0003029293,0.0036522201,7.175438e-05,0.002652073,0.9769389
20171219-100748-2.jpg,8,8,0.0011868433,0.00056369347,0.0015325628,0.008705517,0.03319247,6.52326e-05,9.956482e-05,0.0022828802,0.9523712
20171219-100818-2.jpg,8,8,0.0031334737,0.0011202673,0.0031077892,0.013591947,0.032738086,0.00019042172,3.3689637e-05,0.009043699,0.9370406
20171219-101321-3.jpg,8,8,0.0028263454,0.006869415,3.3258493e-05,0.0077672116,0.001524063,0.0017265308,0.0010181754,0.008057807,0.9701772
20171219-101508-2.jpg,8,8,0.0011357783,0.00044618978,0.0064119324,0.0080636535,0.014728575,8.408744e-05,0.00010218155,0.0017498265,0.96727777
20171219-101528-2.jpg,8,8,0.00095121923,6.918192e-05,0.22182754,0.004304184,0.018359141,2.91313e-05,9.219169e-05,0.0016328094,0.7527345
20171219-101903-2.jpg,8,8,0.0015789658,0.00032105125,0.00054035475,0.009659074,0.007235764,0.0024148824,0.0001516167,0.000766275,0.97733194
20171219-102135-3.jpg,8,8,0.011521658,0.0062333415,0.00028043552,0.034487408,0.005012544,0.009517269,0.00019531677,0.0038514035,0.9289007
20171219-102203-3.jpg,8,8,0.024242802,0.02279092,0.00015688516,0.030746214,0.0026595485,0.0070452313,0.0019389708,0.054751124,0.85566837
20171219-102311-2.jpg,8,8,0.017715877,0.003635041,0.023498582,0.0095499335,0.075283274,0.0076143276,0.0005586554,0.007430771,0.8547135
20171219-102324-2.jpg,8,8,0.0041046613,0.0038737988,0.00012063884,0.043743115,0.029479472,0.014275388,0.00032885172,0.0037271641,0.90034693
20171219-104517-2.jpg,8,8,0.0015109,0.00072391116,0.0026924536,0.011941642,0.011582203,0.0009522967,0.0011669897,0.0011649448,0.96826476
20171219-104702-2.jpg,8,8,0.010862038,0.0027912797,0.007862369,0.012334999,0.08584247,0.01106374,0.00080810883,0.008177543,0.8602574
20171219-104736-2.jpg,8,8,0.00045175516,9.536597e-05,1.0542987e-05,0.002477007,0.00047447425,0.00022567021,6.801766e-05,0.00034942958,0.9958477
20171219-104932-3.jpg,8,8,0.0013394929,0.017670771,0.00013281482,0.013370265,0.0007237056,0.0016973658,0.002708982,0.00048145832,0.961875
20171219-105010-2.jpg,8,8,0.0012980833,0.00050831976,0.0007299936,0.0054946514,0.001345093,0.0025087635,0.0008879799,0.0012589574,0.9859681
20171219-105244-2.jpg,8,8,0.0053850794,0.002383816,0.0022432834,0.087417014,0.097118825,0.0036042724,0.00039161352,0.0027233344,0.79873276
20171219-105452-3.jpg,8,8,0.033952713,0.08234005,0.0002962002,0.05692619,0.0031574625,0.084570296,0.004880631,0.08992943,0.643947
20171219-105508-2.jpg,8,8,0.0057100235,0.0024621624,0.0008007941,0.030934222,0.014266783,0.021974983,0.002987966,0.0018325038,0.9190305
20171219-105531-3.jpg,8,8,0.006853655,0.022574667,5.3068277e-05,0.038117554,0.0007693175,0.028996078,0.00096010196,0.004368757,0.8973068
20171219-105546-3.jpg,8,8,0.0021668274,0.0008984597,2.6825095e-05,0.00266933,0.0004529175,0.00498348,0.0015910087,0.0040883655,0.98312277
20171219-105713-3.jpg,8,8,0.0013722924,0.0036395486,0.0041115093,0.0027750323,0.0050247614,0.037679657,0.04073008,0.0020797257,0.90258735
20171219-105955-3.jpg,8,8,0.0015946323,0.0059150616,3.7199916e-05,0.0010397054,0.00015331457,0.008319829,0.0040093716,0.0009779283,0.977953
20171219-110028-2.jpg,8,8,0.00049191306,0.0018263834,0.00010914661,0.0016307735,0.00072689157,0.00021604415,0.00042066467,0.00038309864,0.99419516
20171219-110043-2.jpg,8,8,0.0022526546,0.015167686,0.0039714538,0.2597788,0.07578572,0.045423213,0.005361685,0.003829599,0.5884292
20171219-110049-3.jpg,8,8,0.0011118662,0.009626351,2.4532732e-05,0.034677006,0.0003116977,0.00072276074,0.00086537783,0.0016914635,0.9509689
20171219-110213-3.jpg,8,8,0.0028609566,0.0032279089,0.046763755,0.02431001,0.0044282,0.0007804231,0.0007179153,0.011261776,0.90564907
20171219-110250-3.jpg,8,8,0.012287318,0.0075246342,0.0013246399,0.012210029,0.0036911676,0.015734255,0.0019384866,0.06279505,0.88249433
20171219-110311-3.jpg,8,8,0.012035291,0.016822109,0.00018682284,0.018723236,0.015659979,0.0005199448,0.0007493706,0.029125689,0.9061776
20171219-110445-2.jpg,8,8,0.0010619308,0.0006669548,0.00014775449,0.0078033456,0.0015975666,0.00090185937,0.0002036029,0.0011927823,0.98642415
20171219-110447-2.jpg,8,8,0.011043069,0.013306669,0.00013412582,0.013331655,0.0010872831,0.020181684,0.00012539382,0.0075441715,0.93324596
20171219-110453-3.jpg,8,8,0.003145954,0.016313968,1.7867349e-05,0.07793596,0.0015832721,0.00058356463,0.00044749308,0.006518357,0.89345366
20171219-111704-3.jpg,8,8,0.0015864177,0.0005946775,0.2621191,0.042078543,0.19431853,0.00022138662,0.001787685,0.010654316,0.48663926
20171219-111825-3.jpg,8,8,0.00021005048,3.6419064e-05,0.02249487,0.0023027156,0.01069152,1.4158646e-05,0.00058524543,0.00036002378,0.96330506
20171219-111957-3.jpg,8,8,0.00020933246,2.0046768e-05,0.0003316748,0.001008928,0.0093607,0.000112884176,0.00014664326,0.00054940826,0.9882604
20171219-112017-2.jpg,8,8,8.592959e-05,1.231861e-05,1.7277584e-05,0.0018597629,0.0021324798,0.0009792985,0.00015225161,3.0046067e-05,0.9947306
20171219-112038-2.jpg,8,8,0.0010593778,0.000108916494,0.007402367,0.01834609,0.11506417,0.051926617,0.014764409,0.00036152644,0.7909665
20171219-112111-2.jpg,8,8,0.0003894696,4.6267556e-05,0.020762434,0.0021841307,0.035880227,7.156703e-05,0.00057424145,0.0005782858,0.9395134
20171219-112206-2.jpg,8,8,4.2499523e-05,4.559674e-06,0.0024552112,0.0010188763,0.0034855008,3.293488e-06,2.3505343e-05,9.13689e-05,0.9928752
20171219-112327-2.jpg,8,8,5.1649382e-05,9.0847625e-06,0.0006776666,0.01600475,0.0023632406,0.0006215841,0.00020218293,1.2337072e-05,0.9800575
20171219-112328-2.jpg,8,8,2.8965751e-05,1.17938e-06,0.0046833074,0.00013659682,0.0039851773,7.0863797e-07,3.368665e-05,3.0730076e-05,0.9910998
20171219-112351-2.jpg,8,8,0.00010489698,2.0700756e-05,0.06880769,0.0021509435,0.0586845,2.9597595e-05,0.00035011137,0.00014198624,0.8697095
20171219-112408-3.jpg,8,2,0.00033807266,0.00015855287,0.6731298,0.0020460284,0.02616422,2.989061e-05,0.0003764444,0.0005053434,0.29725167
20171219-112426-2.jpg,8,8,4.3321572e-05,2.4846e-05,0.0047510886,0.022033336,0.012922615,0.00014878696,0.0007474789,4.8040816e-05,0.95928055
20171219-112429-3.jpg,8,2,7.466112e-05,4.2919073e-05,0.9679243,0.0004609986,0.001330677,4.725332e-05,0.00012254252,7.423499e-05,0.029922422
20171219-112509-2.jpg,8,8,0.0007589348,0.00024541403,0.0013045513,0.036044024,0.08428055,0.0076894686,0.0020720758,0.0008431544,0.86676186
20171219-112533-3.jpg,8,8,0.00033663728,0.00011951315,0.44414905,0.0021371958,0.0044229575,1.8032193e-05,0.0026118169,0.0004403036,0.54576457
20171219-112609-3.jpg,8,8,0.0016563511,0.00013514857,0.25977606,0.0040545138,0.045035765,4.9179183e-05,0.002894287,0.0024637817,0.68393505
20171219-112740-2.jpg,8,8,0.0004247572,0.00011102582,0.16658548,0.016560448,0.06853174,6.8410554e-05,0.000576425,0.0008212012,0.7463205
20171219-112917-2.jpg,8,8,9.358034e-05,0.00012614932,9.161512e-05,0.050929096,0.009295186,0.00041974732,0.00044626975,6.26233e-05,0.93853575
20171219-112948-3.jpg,8,8,0.00029857946,0.00022499562,0.03813981,0.0017040109,0.0014495512,1.0215325e-05,0.0004788718,0.00056573114,0.9571283
20171219-112959-2.jpg,8,8,0.0002021263,0.00012680325,5.985753e-05,0.026337815,0.0072480687,0.0020576832,0.0026094166,0.00025635856,0.96110183
20171219-113025-3.jpg,8,8,0.0016012812,4.9491806e-05,0.15280181,0.003207999,0.06671805,0.00037727098,0.0081983525,0.0015177393,0.76552796
20171219-113027-2.jpg,8,8,0.00018357094,7.577521e-06,0.0023190754,0.0011200377,0.03554467,8.781055e-06,0.00013574118,0.00040891464,0.9602717
20171219-113121-3.jpg,8,8,0.0021046342,0.00037873499,0.045632966,0.004505168,0.024993634,0.00016903366,0.0015065038,0.0030991193,0.9176102
20171219-113208-2.jpg,8,8,2.7910228e-05,1.0537323e-05,2.9572063e-06,0.0063496185,0.00092332944,0.00046175873,0.00052745466,2.560593e-05,0.9916707
20171219-113320-2.jpg,8,8,0.00047009232,5.2147414e-05,0.0069750156,0.009280423,0.16039652,0.00057323696,0.0070687397,0.00034228756,0.8148416
20171219-113328-3.jpg,8,8,0.0018271568,0.0014847966,0.051409006,0.09176827,0.034011893,7.181715e-05,0.0037982815,0.004453532,0.8111753
20171219-113443-3.jpg,8,2,0.00018290213,3.0433232e-05,0.8968666,0.0008765139,0.01875148,0.00013638331,0.0015512626,0.00025667943,0.08134778
20171219-113519-3.jpg,8,8,0.0011191104,9.0242924e-05,0.18508813,0.0018068487,0.013904529,4.339771e-05,0.00018201013,0.0013396043,0.7964261
20171219-113537-3.jpg,8,8,0.0017509453,0.00047557944,0.057773948,0.006531574,0.037873987,6.7440575e-05,0.000679857,0.006937134,0.88790953
20171219-113552-3.jpg,8,2,0.0030250372,0.0008257387,0.62839115,0.005097254,0.03710921,0.00023305204,0.0021603035,0.007383089,0.31577513
20171219-113849-3.jpg,8,8,0.002268126,0.00043926065,0.27815416,0.036708955,0.09082775,0.0002474593,0.0015798972,0.0029857361,0.5867887
20171219-114005-3.jpg,8,8,0.00207563,0.00059178815,0.1238306,0.0063894955,0.019424658,0.00017540247,0.0028965117,0.0014838825,0.843132
20171219-114105-3.jpg,8,8,0.00017768593,2.3301147e-05,0.015605244,0.00046659505,0.013354423,6.917956e-06,0.0004164002,0.00036375193,0.9695858
20171219-114123-2.jpg,8,8,0.00027214724,2.3807757e-05,0.042961832,0.0006154875,0.005892016,1.3679628e-05,0.0003724876,0.0008300058,0.9490185
20171219-114149-2.jpg,8,8,0.00015416056,3.8258637e-05,0.0027002918,0.0009998992,0.0038994926,1.6163709e-05,0.00017584981,0.00053256575,0.9914834
20171219-114238-2.jpg,8,8,0.00062240724,6.518842e-05,0.017112656,0.0033601625,0.040693182,2.8630226e-05,0.0023862573,0.0053443485,0.9303872
20171219-114325-3.jpg,8,2,0.0036186632,0.0009771108,0.7337903,0.0026588733,0.025347259,0.010712602,0.013516426,0.004295005,0.20508389
20171219-114408-2.jpg,8,8,0.0012505051,0.0005764671,0.01808357,0.047137544,0.0611064,0.00015376216,0.0012783994,0.0018210885,0.86859226
20171219-114449-2.jpg,8,8,0.0003084266,0.000111969865,0.09056479,0.004603004,0.039470494,1.903336e-05,0.0018794418,0.0021796594,0.86086315
20171219-114459-2.jpg,8,8,0.0002943088,6.755055e-05,0.4012249,0.002111527,0.022064224,4.216001e-05,0.0011397201,0.0011337142,0.5719219
20171219-114601-3.jpg,8,7,0.06951935,0.19704027,0.0009707179,0.00882197,0.004408909,0.0005581011,0.010160808,0.52822673,0.18029314
20171219-114633-2.jpg,8,2,0.00086492393,0.00015084597,0.62878484,0.0052653835,0.04257459,0.0002677593,0.0040391507,0.002364993,0.3156875
20171219-114634-3.jpg,8,8,0.0026951116,0.00017926241,0.011004416,0.004876521,0.061625987,0.00032825887,0.0035956472,0.0022801352,0.9134147
20171219-114634-2.jpg,8,8,0.00094149244,0.0002541175,0.052391004,0.014236923,0.15355144,6.253258e-05,0.0013268843,0.006218086,0.77101755
20171219-114635-2.jpg,8,8,0.0009288294,0.0003669493,0.11965367,0.008995988,0.0457382,0.000102152335,0.003447012,0.0026337046,0.8181335
20171219-114725-2.jpg,8,8,0.00095964014,0.0002228762,0.016220622,0.002437678,0.087746136,0.0004461805,0.0013905382,0.001397587,0.8891788
20171219-115114-2.jpg,8,8,0.00014130273,2.0073945e-05,0.009603382,0.0006188004,0.018635627,4.180324e-05,0.0004942158,0.00036077222,0.97008395
20171219-123742-2.jpg,8,8,8.718948e-05,3.2814944e-05,0.00032295374,0.005178714,0.027531845,5.80703e-05,0.00034566174,8.683979e-05,0.9663559
20171220-082349-2.jpg,8,8,0.026743505,0.0023151932,2.2654884e-05,0.017425355,0.00038665326,0.044688888,0.00010010647,0.0054888465,0.90282863
20171220-082359-2.jpg,8,8,0.0055716936,0.00030410194,2.485922e-05,0.0016434279,0.00074822875,0.0017454296,3.760165e-05,0.0026924585,0.9872321
20171220-082659-2.jpg,8,8,6.743335e-05,0.00010193403,4.8425623e-08,3.181856e-05,8.273365e-07,0.0026867043,1.0521163e-05,1.8322358e-05,0.9970824
20171220-082718-2.jpg,8,8,3.9880797e-05,2.6756756e-05,9.52535e-08,8.266857e-05,1.2761573e-06,0.0012773562,2.0129715e-05,0.00012696168,0.9984249
20171220-082755-2.jpg,8,8,0.0024631869,7.3472715e-05,8.354161e-08,0.00016007732,1.1229719e-05,0.0012834679,4.9151786e-06,0.00050312065,0.9955004
20171220-082756-3.jpg,8,8,0.0088443225,0.0008419914,1.2090935e-05,0.004371674,0.00075026305,0.0052909437,9.643261e-05,0.006245949,0.97354627
20171220-082819-3.jpg,8,8,0.012042481,0.000597344,2.3582912e-05,0.0009161672,0.00067527336,0.024146773,9.670109e-05,0.010548018,0.9509536
20171220-082846-2.jpg,8,8,0.097212724,0.0007737496,0.00016662637,0.0057690926,0.003778435,0.015723808,0.0008731905,0.08396245,0.79173994
20171220-082953-3.jpg,8,8,0.0005405377,0.0001916898,6.978236e-07,0.0012301889,4.7225174e-05,0.014705542,9.809393e-06,0.0006228289,0.98265153
20171220-083031-2.jpg,8,8,0.008219025,0.00536178,7.540611e-05,0.04953292,0.008220224,0.0025105844,6.9530724e-05,0.012165759,0.9138449
20171220-083100-2.jpg,8,8,0.007803797,0.0013026687,1.8367548e-06,0.0003003983,1.8041661e-05,0.0009772844,1.2487646e-05,0.012196993,0.9773865
20171220-083131-2.jpg,8,8,0.0041240687,0.0035805102,3.9484516e-06,0.0012525617,8.6693886e-05,0.027560355,2.685385e-05,0.0034764693,0.9598885
20171220-083149-3.jpg,8,8,0.005416619,2.0472522e-05,4.5684138e-07,0.0002177937,1.340828e-05,0.008297938,5.583979e-06,0.002482106,0.98354554
20171220-083218-2.jpg,8,4,0.047851656,0.0010883672,0.024713816,0.061428107,0.44127998,0.008603844,0.0005648787,0.05426926,0.36020005
20171220-083245-3.jpg,8,8,0.001455744,7.7835764e-05,3.9170878e-05,0.0010816159,0.00017847974,0.01860887,0.0006360939,0.0022477198,0.97567433
20171220-083324-2.jpg,8,8,0.012632573,0.0055780094,6.188937e-05,0.03984709,0.0007804267,0.0061424994,0.018214114,0.01004012,0.90670335
20171220-083340-2.jpg,8,8,0.001024873,0.00038933876,1.0176079e-06,0.00065697444,4.6486853e-06,0.0061660563,0.00093959237,0.00037056278,0.9904469
20171220-083447-3.jpg,8,8,0.0011596427,0.0014475208,5.4334952e-05,0.0011054977,0.00039672715,0.0025199663,0.001558254,0.0031423217,0.9886157
20171220-083532-2.jpg,8,8,0.021037549,0.0037322429,0.0024931296,0.29899058,0.06728088,0.047960054,0.00090744067,0.024903256,0.5326949
20171220-083653-2.jpg,8,8,0.008975456,0.00035283616,1.802041e-05,0.0017148001,0.00044273172,0.0056123165,1.7708844e-05,0.012428631,0.97043747
20171220-083717-2.jpg,8,8,0.0037006554,0.0014669858,0.000632543,0.12394072,0.004418749,0.007486103,0.00020563618,0.0059179887,0.85223067
20171220-083759-2.jpg,8,8,0.08849767,0.024678642,6.397821e-05,0.00070953945,0.00026160738,0.012749702,0.00090532436,0.12336871,0.74876475
20171220-083801-3.jpg,8,8,0.0072899335,0.010870032,3.110306e-05,0.008921835,0.0016234256,0.069984995,0.0012256714,0.019574478,0.88047844
20171220-083810-2.jpg,8,7,0.19828679,0.017853715,1.4663641e-05,0.00049598585,0.00014483774,0.011645619,0.00013988122,0.5377156,0.2337029
20171220-083821-2.jpg,8,8,0.0009941846,0.00019723405,2.8948757e-06,0.0001607199,2.8367394e-05,0.009639612,0.00039461075,0.0020145348,0.98656785
20171220-083928-2.jpg,8,8,0.00032278395,0.00068102794,0.0006336761,0.0076002674,0.008317113,0.00014541257,0.0021484857,0.0012440698,0.9789073
20171220-084012-3.jpg,8,8,0.0015585512,0.0062127695,0.0013928829,0.015193761,0.0042040832,0.010634216,0.00780134,0.0020631603,0.9509392
20171220-084034-3.jpg,8,8,0.018398875,0.07606721,0.004835195,0.07028458,0.31194153,0.011248383,0.0042330287,0.08579055,0.41720068
20171220-084230-3.jpg,8,8,0.010665568,0.0068116663,6.424717e-05,0.043814875,0.007959832,0.028154071,0.0005823507,0.020729681,0.8812178
20171220-084259-2.jpg,8,8,0.01752867,0.07342598,3.1403128e-05,0.004022609,0.001289128,0.0051991977,0.02020025,0.02319917,0.8551037
20171220-084403-2.jpg,8,8,0.000601608,0.002132501,2.01683e-06,0.006811062,6.249815e-05,0.00995271,0.0024476484,0.0035233165,0.9744666
20171220-084412-2.jpg,8,8,8.568952e-05,2.552403e-05,3.809968e-08,8.221562e-06,8.148045e-07,2.5661493e-05,4.9689984e-06,7.970161e-06,0.9998411
20171220-084433-2.jpg,8,8,0.0022089172,0.0072229393,2.6291296e-05,0.0011709273,0.00031691484,0.002011423,0.00088509877,0.0045461045,0.9816113
20171220-084443-2.jpg,8,8,0.00060697907,0.0049472507,6.068312e-05,0.015139976,0.002958754,0.00080158847,0.00045438836,0.0004808932,0.97454935
20171220-084505-2.jpg,8,8,0.013782395,0.001315331,3.6024896e-06,0.0008266953,0.000552539,0.00023243479,1.41793425e-05,0.001659565,0.98161316
20171220-084515-2.jpg,8,8,0.0022044617,0.008684952,2.7551198e-06,0.0066380985,0.00051331316,0.00010457855,5.964624e-05,0.0020108705,0.9797814
20171220-084545-3.jpg,8,8,0.00080302736,0.010761195,1.2967912e-05,0.00569759,0.00048274064,0.022587808,0.016998395,0.0015896471,0.9410667
20171220-084554-2.jpg,8,8,0.022681518,0.0052615274,3.454321e-05,0.008257092,0.00032679396,0.0033341043,0.0124137,0.013622917,0.9340678
20171220-084624-2.jpg,8,8,0.017044581,0.033167366,3.247888e-06,0.00335857,3.8826205e-05,0.0026414678,0.0005723852,0.015125533,0.92804796
20171220-084647-2.jpg,8,8,0.00038778118,0.0140048405,3.1873635e-06,0.060505338,0.00019721889,0.00043126388,0.0005872067,0.0007330447,0.9231501
20171220-084727-2.jpg,8,8,0.021691414,0.07309003,0.00010669497,0.005971326,0.00023344472,0.0020836568,0.0016062327,0.036392406,0.8588248
20171220-084751-3.jpg,8,8,0.0011244513,0.0031512238,7.95592e-07,0.012303395,5.832322e-05,0.0054592136,2.308285e-05,0.001148407,0.9767312
20171220-084816-3.jpg,8,8,0.007525037,0.0013862504,3.3161261e-06,0.001704462,0.000114613074,0.0010645022,3.8894854e-05,0.006075247,0.98208755
20171220-084920-2.jpg,8,8,0.0055835843,0.0008032498,2.778682e-06,0.0032722012,9.6701864e-05,0.014349188,0.0001303499,0.0030817636,0.9726802
20171220-084937-3.jpg,8,8,0.001788476,0.00070366956,7.750683e-06,0.00027664052,2.127043e-05,0.0015516226,0.009365664,0.0041635237,0.98212135
20171220-085003-2.jpg,8,8,0.018104518,0.013405402,0.0009515772,0.027286718,0.0035675536,0.053910963,0.010952853,0.021242725,0.8505778
20171220-085013-3.jpg,8,8,5.4180626e-05,0.00018663325,7.6934907e-07,0.00020032623,5.1425295e-06,0.00033480348,0.00033808808,0.0005538057,0.99832636
20171220-085014-3.jpg,8,8,0.00053536246,0.0005183024,4.007489e-06,0.00068799,6.2638435e-05,0.0001533456,0.00013340455,0.0016709486,0.996234
20171220-085015-3.jpg,8,8,0.000104135426,0.0001176933,6.878761e-06,0.0014182286,2.3099148e-05,0.000119891265,0.00016467247,0.0008248305,0.99722064
20171220-085110-3.jpg,8,8,0.026067207,0.0030921784,6.0688217e-05,0.0013302845,0.00026786988,0.000279194,0.0009072496,0.06384958,0.90414584
20171220-085146-3.jpg,8,8,0.0049018646,0.0033154152,0.00036046043,0.0032381383,0.001132099,0.0102985585,0.0011742096,0.05148349,0.9240958
20171220-085211-2.jpg,8,8,0.00517779,0.012508891,0.00028218757,0.13950253,0.0078477245,0.006680468,0.0018085036,0.020858504,0.80533355
20171220-085256-2.jpg,8,8,0.00074050145,0.00070885546,2.731116e-06,0.00092797255,7.979801e-05,0.01017724,0.00029891098,0.000595562,0.98646843
20171220-085315-3.jpg,8,8,4.3201667e-06,3.7115053e-06,6.701844e-08,6.376927e-05,6.284651e-07,2.1545602e-06,2.252176e-05,6.389638e-05,0.99983895
20171220-085334-2.jpg,8,8,0.00029515586,0.00015824067,1.513825e-07,0.00019163161,9.583528e-06,1.9343386e-05,1.8700921e-06,0.00027843518,0.99904567
20171220-090147-2.jpg,8,8,0.0471611,0.010302609,2.4861378e-05,0.00041403953,0.00010747528,0.033259977,0.00075379584,0.02535164,0.88262457
20171220-090154-3.jpg,8,8,0.02193596,0.0011671805,2.5724701e-05,0.0074493494,0.000655871,0.06896516,0.00041621606,0.0027252005,0.89665926
20171220-090336-2.jpg,8,8,0.011323878,0.0012309032,0.00017199448,0.002226614,0.0043901135,0.0016413904,7.0373666e-05,0.0150369285,0.9639079
20171220-090345-2.jpg,8,8,0.013453107,0.0011124226,8.67755e-05,0.0008121817,0.0010797846,0.004193077,0.010419016,0.015706632,0.9531371
20171220-090520-2.jpg,8,8,0.01339153,0.0029687495,0.0011668315,0.024014505,0.016901009,0.0028662074,0.00040692976,0.01545438,0.9228298
20171220-090546-3.jpg,8,8,0.0008947737,8.9724104e-05,1.9193994e-05,0.00012466917,5.591637e-05,0.00017295696,0.00021151033,0.00080477615,0.9976265
20171220-090621-2.jpg,8,8,0.000104910236,1.4189719e-05,1.7181223e-07,0.00034175345,2.2323604e-05,5.658479e-05,1.9277531e-06,3.247167e-05,0.99942565
20171220-090752-2.jpg,8,8,0.0015331912,0.0023381028,0.0004586186,0.041657954,0.0037205415,0.009764972,0.0004863126,0.001119106,0.9389213
20171220-090832-2.jpg,8,8,0.011007388,0.111544,5.9289723e-05,0.008213964,0.00029072934,0.20737746,0.273813,0.018598929,0.36909518
20171220-090841-2.jpg,8,8,0.00542672,0.056298852,6.470531e-05,0.0073967455,0.00020029777,0.4173855,0.023999609,0.010086307,0.47914118
20171220-090906-2.jpg,8,6,0.018264655,0.1295268,2.1451886e-05,0.0061468044,0.00011475059,0.21035454,0.37389714,0.04411468,0.21755922
20171220-091052-2.jpg,8,8,0.0010227932,0.0010143417,3.6366826e-05,0.0037779652,0.00029015256,0.20940015,0.0007021481,0.0022122671,0.7815438
20171220-091117-2.jpg,8,5,0.0052196523,0.0073306444,9.786736e-05,0.0041264575,0.00038695263,0.8652809,0.0015984211,0.01070607,0.10525307
20171220-091144-2.jpg,8,8,0.03423011,0.21997835,1.0922169e-05,0.022483138,0.0002411641,0.055407677,0.0038438188,0.041534442,0.6222704
20171220-091239-2.jpg,8,8,0.002811886,0.002595114,4.2351327e-05,0.0031336923,0.0013591805,0.02025404,0.0010806568,0.002790874,0.9659322
20171220-091406-2.jpg,8,8,0.022656623,0.0013272444,0.00026709386,0.006364652,0.002942369,0.058068268,0.0002025367,0.0028485067,0.90532273
20171220-091414-2.jpg,8,8,0.0004891192,0.00015364685,1.5152025e-05,0.0037012103,0.00029285462,0.022537496,0.0004737233,0.0008849805,0.9714518
20171220-091423-3.jpg,8,8,0.027392777,0.25770727,0.00011634293,0.001646743,0.00059267855,0.034118235,0.030261397,0.15230972,0.49585482
20171220-091521-3.jpg,8,8,0.0033986482,0.0045326785,0.0006671847,0.039417103,0.008009856,0.0018600672,0.0042085857,0.0304251,0.90748066
20171220-091647-3.jpg,8,8,0.0006704425,0.00028626504,6.580053e-05,0.004300965,0.0014581142,0.0052954066,0.000115362,0.00037303325,0.98743457
20171220-091652-3.jpg,8,8,0.017337797,0.0012268733,0.0029359185,0.008082863,0.044947635,0.016599294,0.00029864727,0.05371645,0.85485464
20171220-091740-3.jpg,8,8,0.003799549,0.0019546757,2.2478414e-05,0.08712481,0.002699219,0.0054789293,0.0007551482,0.0023827069,0.8957825
20171220-091804-3.jpg,8,8,3.0382611e-05,5.3872365e-05,7.102209e-06,0.0011938398,0.00023059105,0.00022999982,0.0014211758,0.00011312283,0.9967198
20171220-091831-3.jpg,8,8,0.00018410223,0.00012584914,6.8592826e-06,0.005001691,0.00036008738,0.00078076596,0.00021475424,0.00023493113,0.99309087
20171220-091854-2.jpg,8,8,0.0045664487,0.0028342963,0.0037380562,0.024967689,0.028577156,0.09049307,0.005023539,0.004434564,0.8353651
20171220-091952-2.jpg,8,5,0.00068809505,0.0066912575,4.612379e-06,0.00039164285,2.5820587e-05,0.82361233,0.011126622,0.0009542692,0.15650536
20171220-092008-2.jpg,8,8,0.060201816,0.07437033,4.1973162e-05,0.0060047717,0.00075541605,0.12329324,0.004574029,0.049610835,0.6811476
20171220-092016-2.jpg,8,8,0.0016556741,0.0035887517,7.3671376e-06,0.011990484,0.0003618988,0.004718396,0.00048123254,0.0036701078,0.97352624
20171220-092024-2.jpg,8,8,0.002925039,0.24518907,0.00021666201,0.052854802,0.0026233576,0.0034571283,0.0724808,0.011607322,0.60864586
20171220-092033-2.jpg,8,8,0.0015914721,0.0012198604,5.172812e-06,0.0044625425,0.0002036272,0.013020303,0.00014598896,0.0013878604,0.97796315
20171220-092044-2.jpg,8,8,0.0005421773,0.0007938186,1.147709e-06,0.0023067868,8.415152e-05,0.0010798661,3.767202e-05,0.0010240292,0.9941303
20171220-092109-2.jpg,8,8,0.001996357,0.006070019,3.9979586e-05,0.013091525,0.0004762339,0.2964419,0.0023181504,0.0019152375,0.6776506
20171220-092129-3.jpg,8,8,0.0022043204,0.0019175126,0.00010415954,0.009062194,0.001884346,0.07934873,0.0003509201,0.0013633498,0.9037645
20171220-092130-2.jpg,8,8,0.00058112224,0.0008232801,3.3458597e-05,0.00408253,0.00037454683,0.09716183,0.0006837453,0.0003826162,0.89587694
20171220-092221-2.jpg,8,8,0.0008317076,7.5182565e-05,3.0319618e-06,0.0023024227,1.4640965e-05,0.0013250349,0.0001999564,0.00024045852,0.99500763
20171220-092318-3.jpg,8,8,0.0052123107,0.00081476686,4.8126174e-05,0.014089212,0.00096769066,0.3820191,0.0002935713,0.0047263145,0.59182894
20171220-092341-2.jpg,8,8,0.006338119,0.01935358,2.0556969e-05,0.002690291,8.665833e-05,0.038467262,0.0033061523,0.009441528,0.92029583
20171220-092404-3.jpg,8,8,0.024021966,0.01698934,0.018703733,0.040048618,0.07642154,0.19701397,0.0052295006,0.02531451,0.5962568
20171220-092604-3.jpg,8,8,0.0016077305,0.001450511,7.606555e-05,0.07154368,0.004549558,0.01614221,0.00021576058,0.0003759581,0.90403855
20171220-092615-3.jpg,8,8,0.00035598522,9.9105564e-05,4.9692007e-06,0.0016627009,0.0007283669,0.002587975,2.1319247e-05,9.910934e-05,0.9944404
20171220-092711-2.jpg,8,8,0.00033542712,0.0011051402,6.1982573e-06,0.014446478,0.00022356541,0.023376444,0.00017503626,0.00030058261,0.96003115
20171220-092732-2.jpg,8,8,0.0074550896,0.005131529,0.00018654892,0.0036053068,0.0010595531,0.42509627,0.0013447801,0.0067655975,0.5493554
20171220-092914-2.jpg,8,8,0.00015360497,4.118371e-05,5.407514e-06,0.0004401912,5.77021e-05,0.0031123008,0.00021519844,0.00020581785,0.99576867
20171220-092922-2.jpg,8,8,0.00040027176,0.0005245792,8.986597e-06,0.027802488,0.00024068619,0.004458208,0.0024857249,0.0010388332,0.9630401
20171220-092945-2.jpg,8,8,0.000998982,4.7518934e-05,5.3051004e-05,0.0007825613,0.0009329892,0.0024641901,5.3151223e-05,0.00014315372,0.99452436
20171220-092949-3.jpg,8,8,0.0018980243,0.0012277787,8.701847e-05,0.03814821,0.0072501805,0.0051728874,0.001317448,0.0009603308,0.9439382
20171220-092954-2.jpg,8,8,0.00020668581,4.0147355e-05,1.1729554e-05,0.00045960132,0.00016243268,0.0016634128,5.474781e-05,9.708025e-05,0.9973042
20171220-093113-2.jpg,8,8,0.0021687204,0.00023096381,2.6094756e-05,0.02935773,0.0015899804,0.016326264,0.0020317906,0.0006514367,0.947617
20171220-093122-3.jpg,8,8,0.0050067613,0.0065840823,3.3374206e-05,0.08415949,0.0006681847,0.054106493,0.000248557,0.0011637766,0.84802926
20171220-093221-3.jpg,8,8,0.0004954865,0.0008559284,5.249498e-06,0.004163906,0.00022359357,0.009566236,0.00032334344,0.0004170024,0.98394936
20171220-093257-3.jpg,8,8,0.00014364785,0.00022157903,7.147942e-07,0.009108427,0.00015775999,0.00028457821,1.08354125e-05,4.8600705e-05,0.9900239
20171220-093311-2.jpg,8,8,9.530245e-06,1.7545995e-05,2.91695e-07,0.00026592702,1.4216811e-05,0.00091594196,3.959481e-05,2.9331727e-06,0.99873406
20171220-093326-3.jpg,8,8,0.0004944737,0.0006290878,0.00021213954,0.006513084,0.0047526476,0.0005133114,0.011464897,0.0059781554,0.9694421
20171220-093337-3.jpg,8,8,0.00025870814,0.0006633213,0.00010046785,0.0022800595,0.0065186676,0.00028840484,0.004081636,0.0019396684,0.983869
20171220-093439-2.jpg,8,8,0.00033635533,0.0003511395,5.478025e-05,0.007636162,0.00077544723,0.044836044,0.00015432917,0.00015158264,0.9457041
20171220-093457-3.jpg,8,8,0.005470124,0.0048785824,0.000118752265,0.015631173,0.004973561,0.014237741,0.0029906381,0.007860773,0.9438386
20171220-093525-2.jpg,8,8,0.00029135443,0.0011271964,8.55393e-06,0.0024899591,0.00010389602,0.003672086,0.0008626975,0.0002636788,0.9911806
20171220-093606-2.jpg,8,8,0.00012994875,5.264378e-05,7.0940536e-07,0.0011796448,1.1099623e-05,0.00869765,4.9382612e-05,1.760264e-05,0.98986125
20171220-094547-2.jpg,8,8,0.0038234044,0.028463127,1.7370824e-06,0.0011049822,4.7018406e-05,0.0017120665,2.8926619e-05,0.012804371,0.9520144
20171220-094608-1.jpg,8,8,0.003538932,0.0005421386,2.130117e-05,0.0035405236,9.738858e-05,0.03482673,0.00016153208,0.0052812337,0.9519903
20171220-094611-2.jpg,8,8,0.13024107,0.13460639,0.00038960404,0.0023314604,0.0010081489,0.1373087,0.017725272,0.07506023,0.5013292
20171220-094750-1.jpg,8,8,0.0005822174,0.0020356842,1.0347811e-06,0.008229686,3.20983e-05,0.0045538996,0.00031584562,0.0004467231,0.9838028
20171220-094800-1.jpg,8,8,0.0005902102,0.0035513467,6.162199e-06,0.0012489294,4.53298e-05,0.013902043,0.0037593695,0.0039253444,0.97297114
20171220-094848-2.jpg,8,8,0.0036358046,0.046397377,3.0604238e-06,0.004463456,3.0287852e-05,0.0111610405,0.036160424,0.006990241,0.89115846
20171220-094856-2.jpg,8,8,0.0019963046,0.002285793,4.9023813e-05,0.0030302259,0.0007536868,0.0015772639,0.11094285,0.0040237,0.8753412
20171220-094926-2.jpg,8,8,0.0019965724,0.029978476,0.00020951782,0.102315,0.0006574149,0.011538327,0.34011006,0.0121466275,0.50104797
20171220-094939-2.jpg,8,8,0.0008464166,0.0006889651,0.001947368,0.03940489,0.0067462134,0.0058021275,0.033854373,0.0022057197,0.9085039
20171220-095054-1.jpg,8,8,0.00092989183,0.0046367114,5.3675926e-06,0.0018948603,3.8303155e-05,0.00850037,0.08366655,0.0066278903,0.8937001
20171220-095127-2.jpg,8,8,0.00022744422,0.000945054,4.9126942e-05,0.00044920613,7.217978e-05,0.002277178,0.027975854,0.00083567866,0.9671682
20171220-095147-2.jpg,8,8,0.006303053,0.01058999,0.00011547703,0.00045885146,7.0537004e-05,0.050252225,0.0035642623,0.26641217,0.66223335
20171220-095206-2.jpg,8,8,0.002127592,0.011948485,7.460875e-06,0.0020968413,7.2316354e-05,0.03871104,0.009513248,0.002340041,0.933183
20171220-095214-2.jpg,8,8,0.0005341507,0.01001364,8.4297884e-05,0.0024021554,0.00017886158,0.003901084,0.34768543,0.0072173434,0.6279831
20171220-095227-1.jpg,8,8,0.023324613,0.0005781665,3.2118094e-06,9.678321e-06,9.116966e-06,5.8451304e-05,1.8964638e-05,0.0003918769,0.9756059
20171220-095305-2.jpg,8,8,0.00057667505,0.0003874793,1.692265e-06,0.00032263316,3.9221824e-05,0.00012923266,0.0005342469,0.0012049894,0.9968039
20171220-095316-1.jpg,8,8,0.00020123203,0.0009015859,7.3981903e-07,0.0011554958,1.1980864e-05,0.0233185,0.00031260212,0.0004945464,0.9736033
20171220-095341-2.jpg,8,8,0.0001675518,0.0018371122,7.1034347e-06,0.003604423,6.64557e-05,0.0027114518,0.0004351396,0.00060956815,0.9905612
20171220-095402-2.jpg,8,8,6.1422514e-05,0.0014612318,1.6101318e-06,6.669616e-05,2.5421454e-05,0.00026907428,0.007055144,6.8225214e-05,0.99099123
20171220-095405-1.jpg,8,8,0.0005916208,0.005994002,6.431933e-08,0.0004269125,4.4225935e-06,0.004729727,0.0010832143,0.00021942277,0.9869507
20171220-095408-2.jpg,8,8,0.013639874,0.06755398,7.967397e-06,0.00061157846,7.315302e-05,0.028143765,0.2795688,0.0070555406,0.60334533
20171220-095456-2.jpg,8,8,0.004828798,0.00308273,1.3199688e-05,0.041648824,0.0005915786,0.007975854,0.0009401311,0.007539988,0.9333789
20171220-095558-2.jpg,8,8,0.00078334037,0.0022939055,1.3054079e-06,8.3396044e-05,3.791383e-06,0.11186297,0.042010892,0.00011685953,0.8428436
20171220-100117-2.jpg,8,8,0.028778825,0.03939659,0.0025880535,0.0023448998,0.0060586594,0.059972685,0.11022473,0.108398564,0.64223707
20171220-100147-2.jpg,8,8,0.0069062053,0.028868942,0.0016261592,0.023079144,0.0033674464,0.00839726,0.034140732,0.014758902,0.8788553
20171220-100239-2.jpg,8,8,0.0015486394,0.0011093437,9.907578e-06,0.02219196,0.00024792601,0.009457038,0.0015390664,0.0020262573,0.96186984
20171220-100252-2.jpg,8,8,0.0042913193,0.10107411,5.5700813e-05,0.036794532,0.00040792744,0.06754754,0.014622948,0.0109386165,0.7642673
20171220-100258-1.jpg,8,8,0.00033907036,0.00019119715,4.1881762e-07,0.00020084734,5.7222464e-06,0.0032507821,0.00019315946,0.0005749955,0.9952437
20171220-100351-2.jpg,8,8,0.0059342133,0.026402378,1.0700154e-05,0.007090764,8.533547e-05,0.038660962,0.009112461,0.06772513,0.84497803
20171220-100359-2.jpg,8,8,0.002391936,0.008503157,4.4644967e-06,0.0031530932,7.1294206e-05,0.024882093,0.021915697,0.010206864,0.9288715
20171220-100405-1.jpg,8,8,0.00017375158,0.0013453629,2.1990727e-06,0.005961225,6.2083745e-05,0.02125288,0.0004952841,0.00024691405,0.97046024
20171220-100435-2.jpg,8,8,0.00061761664,0.0014071544,5.4510063e-05,0.003301776,0.0001961424,0.025387254,0.003348966,0.00059841987,0.96508825
20171220-100443-2.jpg,8,8,0.059285343,0.11293028,3.140116e-05,0.01661463,0.0007832612,0.0011422291,0.0024640874,0.07283824,0.73391056
20171220-100527-1.jpg,8,8,0.00014795616,0.0005927818,8.853274e-08,0.0006535919,1.2069763e-06,0.0094572995,0.0002614239,0.00043853605,0.9884471
20171220-100700-2.jpg,8,8,0.0030720676,0.15643604,4.071239e-06,0.00042297467,6.9354046e-06,0.0100761205,0.006189266,0.0005983895,0.8231942
20171220-100853-1.jpg,8,8,0.00018073092,0.00035198499,5.5320925e-07,0.0012361422,1.6744496e-05,0.006052455,0.00011542888,0.0002192543,0.99182665
20171220-100855-2.jpg,8,6,0.012665758,0.1955376,1.13454535e-05,0.00087315997,6.623898e-05,0.014518258,0.5048364,0.01925897,0.25223222
20171220-100924-2.jpg,8,8,3.3100692e-05,0.00037315497,2.7611714e-08,2.8834947e-05,1.9484465e-07,0.0028859542,0.00031951012,9.093573e-06,0.99635005
20171220-101301-2.jpg,8,8,0.0027481318,0.028494937,7.92418e-06,0.020929646,0.00015509459,0.048171435,0.008151334,0.0041777454,0.88716364
20171220-101311-2.jpg,8,1,0.01553695,0.8130469,1.3472153e-05,0.0016568583,4.044158e-05,0.003221367,0.025995003,0.009354971,0.13113403
20171220-101346-1.jpg,8,8,0.0029489307,0.0011901436,3.4084853e-06,0.0004617464,8.5476495e-05,0.016282445,0.00040462604,0.002163302,0.97646004
20171220-101529-1.jpg,8,8,0.0005542679,0.0009813596,1.3325575e-06,0.0010413408,2.6756046e-05,0.0045845304,0.00021412852,0.00050564174,0.9920906
20171220-101540-2.jpg,8,8,0.0205379,0.08050177,1.4570342e-05,0.03546712,0.0012256203,0.013130878,0.0005601231,0.037342142,0.8112198
20171220-101546-1.jpg,8,8,0.0016312733,0.027214764,5.15176e-06,0.002552376,0.00013323246,0.14744414,0.0019759878,0.002299989,0.81674314
20171220-101617-1.jpg,8,8,0.0010419155,0.0040136394,4.6762563e-07,0.0032353667,1.6419825e-05,0.0026505687,6.220876e-05,0.0027238168,0.98625565
20171220-101629-1.jpg,8,8,0.0001529307,0.0003137635,1.724577e-07,0.0003666434,1.1036684e-05,0.00028924333,1.6295207e-05,6.169585e-05,0.9987883
20171220-101647-2.jpg,8,8,0.003893789,0.000712159,9.606013e-07,8.525947e-05,7.190795e-06,0.007426279,0.004267348,0.0033521168,0.98025495
20171220-101652-1.jpg,8,8,0.001932512,0.008924875,1.6540964e-06,0.0062061315,0.00010274153,0.15393804,8.620433e-05,0.00092021027,0.82788765
20171220-101709-1.jpg,8,8,0.0003818319,0.0018354501,5.063786e-07,0.0008291275,1.0838412e-05,0.01827614,0.00033628618,0.0017145392,0.9766152
20171220-101710-1.jpg,8,8,0.007517063,0.005719029,9.61939e-06,0.0014452471,9.653812e-05,0.037123233,0.0004092676,0.01481679,0.9328632
20171220-101919-2.jpg,8,8,0.019081503,0.020448498,2.0971795e-06,0.0005142092,1.4895508e-05,0.027702427,0.00052961,0.0031491118,0.92855763
20180105-091456-3.jpg,8,8,4.536266e-06,1.5888258e-05,9.397102e-06,1.0903428e-05,1.7814938e-05,5.818035e-06,0.00045865527,1.0695112e-06,0.9994759
20180105-091502-2.jpg,8,8,1.7957991e-05,2.2590455e-05,0.0041527115,3.888493e-05,0.00022375921,0.00044800094,0.015630547,1.1483057e-05,0.9794541
20180105-091508-3.jpg,8,8,0.00022132066,0.00023292271,0.001136357,0.00023573799,0.00034972274,0.0013708165,0.0042190957,0.00017007934,0.99206406
20180105-091514-2.jpg,8,8,1.1172196e-05,3.6361794e-06,0.0029478823,4.2394786e-05,0.0009736643,2.102376e-05,0.003868704,1.0962094e-05,0.9921205
20180105-091522-3.jpg,8,8,1.6272936e-05,4.827999e-05,0.022135347,0.0015309572,0.0068209125,5.398503e-05,0.0032264017,1.8389004e-05,0.96614945
20180105-091545-2.jpg,8,8,0.0013522033,0.00013009041,0.005926013,0.00059522735,0.006438871,3.335293e-05,0.029157147,0.0013592601,0.9550078
20180105-091636-2.jpg,8,8,1.2900713e-06,8.270945e-06,3.2105465e-05,9.054298e-05,0.0001266738,3.107815e-05,0.0055562616,9.252596e-07,0.99415284
20180105-091800-3.jpg,8,8,4.418587e-05,4.4752637e-06,0.005375138,5.5120934e-05,0.004946016,9.210456e-06,0.0013566876,2.1888281e-05,0.98818725
20180105-091820-3.jpg,8,8,5.441777e-06,5.8225332e-06,5.912601e-06,9.721526e-05,5.174855e-05,9.505922e-05,0.0026930429,2.7936394e-06,0.99704295
20180105-091855-2.jpg,8,8,8.1260245e-05,0.00080245436,0.00029140763,0.00015678148,4.7655358e-05,0.039802898,0.046434402,5.472354e-05,0.9123284
20180105-092116-3.jpg,8,8,6.803634e-06,4.1806184e-06,9.376348e-07,2.159116e-05,6.515928e-06,0.00010328492,0.001331815,3.580674e-06,0.9985214
20180105-092119-3.jpg,8,8,0.00020921102,6.3087987e-06,0.005928157,0.00040169148,0.026629914,5.8055066e-06,0.0007274692,0.00033218542,0.9657592
20180105-092143-2.jpg,8,8,1.3940342e-05,0.00014436911,2.1519112e-05,0.00011544133,5.2006595e-05,0.00039007404,0.008156494,6.5075265e-06,0.99109966
20180105-092218-2.jpg,8,8,0.00024018569,0.002645899,6.770453e-05,0.0018480693,0.00041437524,0.01500256,0.06884359,0.00015489948,0.9107827
20180105-092347-3.jpg,8,8,4.1726257e-06,1.2887149e-06,7.185562e-05,5.16993e-06,2.4807357e-05,3.4339733e-05,0.011176874,3.046225e-07,0.9886813
20180105-092421-3.jpg,8,8,1.4405595e-05,1.4573966e-06,0.0016883161,3.161152e-05,0.0012479702,6.2861704e-06,0.0009726086,1.6109279e-06,0.9960359
20180105-092426-2.jpg,8,8,8.427068e-05,0.00010273797,0.030316442,0.00012111404,0.008769456,0.00045056434,0.04296427,8.212276e-05,0.917109
20180105-092442-2.jpg,8,8,9.1738875e-06,3.1008176e-07,0.00029033102,1.2224032e-05,0.00022746784,8.799632e-07,0.00016218994,6.3720436e-06,0.99929106
20180105-092538-2.jpg,8,8,4.3653446e-05,9.022674e-05,0.0019143841,3.0387431e-05,0.00058032107,5.4153577e-05,0.007868216,5.620254e-05,0.98936254
20180105-092555-2.jpg,8,8,0.0006831264,0.0015954408,0.00067312265,4.8516573e-05,8.938963e-05,0.0014122488,0.24575815,0.00057662156,0.7491633
20180105-092623-3.jpg,8,8,0.00022108652,0.00014703539,0.053078856,6.914577e-05,0.00010729388,0.0004735446,0.001982166,3.3329132e-05,0.9438874
20180105-092637-2.jpg,8,8,4.6088517e-05,7.248957e-05,0.0011894165,0.00012241503,0.00063801993,3.1521162e-05,0.0006104651,5.3725053e-05,0.99723583
20180105-092651-2.jpg,8,8,5.522991e-06,1.1928443e-05,0.001535132,3.1175052e-05,0.00017328405,1.3135912e-05,0.00108431,3.1690322e-06,0.9971424
20180105-092702-3.jpg,8,8,4.5262197e-05,4.2209933e-05,0.0044355774,5.610722e-05,0.00012791535,0.00036483718,0.0050364793,1.1842082e-05,0.9898797
20180105-092734-3.jpg,8,8,4.4923213e-06,3.915885e-06,0.00010199058,2.5992993e-06,5.5649525e-06,3.7217178e-05,0.0021644938,1.2280656e-06,0.99767846
20180105-092741-2.jpg,8,8,0.00079245813,0.051131807,0.0004178502,0.0030074588,0.0012048114,0.00013014344,0.012362754,0.0013248944,0.9296278
20180105-092757-2.jpg,8,8,4.532654e-05,0.000103424114,0.007384878,3.3005897e-05,0.0002350827,7.5210286e-05,0.005074812,1.1236398e-05,0.98703706
20180105-092757-3.jpg,8,8,0.00014511986,0.0002557916,3.3382355e-06,0.00027036152,8.8202665e-05,0.00022261824,0.0065097627,2.0655601e-05,0.99248403
20180105-093058-2.jpg,8,8,6.39816e-05,7.508975e-05,0.03696096,0.00018763122,0.0012950519,5.5061355e-05,0.017610935,6.786162e-05,0.9436833
20180105-093156-2.jpg,8,8,0.028446399,0.013885093,0.0011151948,0.0037473717,0.0071836784,0.0037269075,0.010118406,0.014006532,0.9177705
20180105-093252-2.jpg,8,8,0.0004887743,0.0012868,0.018524947,0.0002893877,0.0018314231,2.8934171e-05,0.26314765,0.0020363638,0.71236575
20180105-093325-2.jpg,8,8,0.002035296,0.00017707933,0.010588104,0.0004139202,0.015040458,5.952818e-05,0.00087476696,0.0010075965,0.9698033
20180105-093450-2.jpg,8,8,0.00012417292,3.0942763e-05,0.15464655,0.0002722305,0.0032298914,0.00016563186,0.0018556319,6.353561e-05,0.83961135
20180105-093523-2.jpg,8,8,7.931934e-06,1.0865049e-05,0.00039921713,5.8983445e-05,0.00030582518,1.5553404e-05,0.0039661485,8.672109e-06,0.99522674
20180105-093523-3.jpg,8,8,2.7538065e-06,6.15194e-06,0.00037979268,7.353225e-06,7.843642e-05,1.2164741e-05,0.0030349405,7.892798e-07,0.99647766
20180105-093533-3.jpg,8,8,5.51694e-08,2.4063283e-08,7.631072e-06,6.6858455e-08,2.7446822e-06,3.2303313e-07,0.00023814259,1.2123247e-08,0.99975103
20180105-093545-2.jpg,8,8,8.147203e-07,2.605226e-06,0.00031264173,4.145825e-06,2.2117489e-05,3.1903523e-06,0.0023727347,7.6550555e-07,0.99728096
20180105-093625-3.jpg,8,8,1.6691974e-05,1.6050984e-05,0.0013144389,1.6761825e-05,0.00010602726,3.5234272e-05,0.0014447877,1.0459965e-05,0.9970395
20180105-093716-2.jpg,8,8,4.4545337e-05,2.5915358e-05,4.5190507e-05,1.511814e-05,3.0947096e-05,5.9285045e-05,0.0009091704,4.2358402e-05,0.9988275
20180105-093725-3.jpg,8,8,2.0308444e-05,1.8795392e-05,0.00021824164,3.900685e-05,8.526983e-05,1.4740634e-05,0.0030981435,4.9140017e-06,0.9965005
20180105-093740-2.jpg,8,8,7.691943e-06,1.2769761e-05,0.00016672237,2.838829e-05,0.00022846652,4.7201147e-06,0.001519794,2.0591657e-05,0.9980108
20180105-093747-2.jpg,8,8,0.0001857641,4.1121406e-05,0.011733444,0.0001987431,0.011200051,3.116622e-05,0.0017959852,0.00020076294,0.974613
20180105-093803-2.jpg,8,8,3.4123026e-05,7.68228e-07,0.0009650702,3.559156e-05,0.0006534923,1.1997842e-06,0.00038252384,2.0712141e-05,0.99790657
20180105-093818-3.jpg,8,8,4.934303e-05,0.00016920867,0.0024741848,0.00032429278,0.002782975,0.00013173459,0.029055601,2.7882776e-05,0.9649848
20180105-093850-3.jpg,8,8,0.00011466517,0.0002508347,0.0046915417,0.00034611803,0.0010465949,1.9034758e-05,0.0031020024,3.603303e-05,0.9903931
20180105-094049-3.jpg,8,8,0.00022826111,9.080353e-05,0.024204658,0.0008963983,0.014410061,0.00020734256,0.008872021,7.8175486e-05,0.9510124
20180105-094101-3.jpg,8,8,8.790127e-06,3.1333257e-06,0.00020432289,5.7905595e-06,4.3036274e-05,2.7940869e-06,0.0041559935,5.9275667e-06,0.9955701
20180105-094300-3.jpg,8,8,0.00011308933,0.0001520385,0.04722738,0.00088909676,0.016002176,4.673672e-05,0.0036075306,9.2974195e-05,0.931869
20180105-094814-2.jpg,8,8,2.5131489e-05,2.1473319e-05,0.003132832,9.496101e-05,0.0025258346,1.3092533e-05,0.010134547,1.5944517e-05,0.98403627
20180105-094905-3.jpg,8,8,2.663367e-06,1.5289093e-06,5.2962328e-06,2.1241524e-06,1.4900628e-05,4.836831e-07,0.00029322167,1.2247475e-06,0.9996786
20180105-094918-2.jpg,8,8,5.8324986e-06,9.977924e-07,0.0005035323,4.842519e-06,0.00043386026,1.2923603e-06,0.00044910898,3.4403045e-06,0.99859697
20180105-094925-2.jpg,8,8,4.1009247e-05,4.52424e-05,0.0008865194,8.161257e-05,0.0005465027,3.3328233e-05,0.04152932,2.431173e-05,0.9568121
20180105-094941-2.jpg,8,8,0.00012511265,0.00035036285,0.0006745744,0.0013703485,0.0031763108,0.0003089368,0.002606094,0.00015775127,0.99123037
20180105-094942-3.jpg,8,8,0.00016669229,2.1040343e-05,0.0076250373,4.318553e-05,0.0042350595,5.4813914e-05,0.002736032,8.079584e-05,0.98503727
20180105-094951-2.jpg,8,8,2.6141508e-05,0.00019620683,0.00014751097,0.0011430808,0.0018360462,0.00015169875,0.00880538,3.4444354e-05,0.9876595
20180105-095047-3.jpg,8,8,1.30784e-06,3.1851587e-06,2.5329236e-06,1.6012084e-05,2.6694097e-05,4.0939085e-05,0.0068479534,2.1557742e-06,0.9930593
20180105-095059-2.jpg,8,8,1.08396125e-05,8.545031e-05,3.905257e-06,1.0838289e-05,1.168264e-05,6.7562214e-05,0.2023095,9.3184335e-06,0.7974909
20180105-095157-2.jpg,8,8,7.74001e-06,1.1855961e-05,0.00017114962,9.8927674e-05,7.110789e-05,0.0001135587,0.003419656,6.289656e-06,0.9960997
20180105-095205-2.jpg,8,8,5.080418e-05,9.46578e-05,0.0003215354,6.5013315e-05,0.00013623912,2.4024599e-05,0.011490406,6.584369e-05,0.9877516
20180105-095219-2.jpg,8,8,8.45634e-05,8.123003e-05,0.013159513,0.00044328594,0.00090896967,5.848939e-05,0.007052782,3.4917615e-05,0.9781763
20180105-095349-2.jpg,8,8,0.0004489304,0.0005714157,0.1009965,0.00092155836,0.023906222,0.000491033,0.08331196,0.0011403181,0.788212
20180105-095443-2.jpg,8,8,0.00016736379,0.00023016123,0.46998405,0.002030911,0.018074747,0.00013041915,0.012478762,0.0007379185,0.4961657
20180105-095527-2.jpg,8,8,3.534186e-05,2.90418e-05,0.00085039204,5.855007e-05,0.0010181257,2.8394788e-05,0.0031248468,7.052129e-05,0.9947848
20180105-095544-2.jpg,8,8,1.4486184e-08,1.4935596e-08,1.9516071e-07,1.1005117e-07,9.97248e-07,7.3471e-08,3.353861e-05,8.724544e-09,0.9999651
20180105-095558-2.jpg,8,8,1.9272282e-05,1.4224312e-06,0.0009233803,9.842571e-05,0.0020835733,4.545988e-06,0.0006948176,1.3994486e-05,0.9961605
20180105-095605-2.jpg,8,8,2.7149596e-05,2.1770038e-06,0.008916577,1.10707815e-05,0.00085564295,1.7195725e-05,0.0036948198,2.0046864e-05,0.9864553
20180105-095611-3.jpg,8,8,2.7418234e-06,3.4372644e-07,5.5194345e-05,2.0990979e-06,1.5019218e-05,5.547408e-07,7.626879e-05,1.0036268e-06,0.9998467
20180105-095628-2.jpg,8,8,0.000587707,0.0006402453,0.07043916,0.00043301273,0.012477347,0.00016103157,0.0666868,0.0015471661,0.84702766
20180105-095658-2.jpg,8,8,0.00057370454,0.00016557283,0.008498211,0.00030633135,0.0035037878,3.4517798e-05,0.067301825,0.00060432527,0.91901165
20180105-095757-2.jpg,8,8,9.664472e-06,1.7240825e-06,0.0004599115,2.9664578e-05,0.00038796593,3.9475067e-06,0.0010676743,1.7714161e-06,0.99803764
20180105-095816-3.jpg,8,8,0.00012966951,0.000115717376,0.007302151,0.0003295604,0.0037639209,0.00015044323,0.006215945,4.8504953e-05,0.98194396
20180105-095846-2.jpg,8,8,5.497081e-05,5.6345475e-06,0.00016857858,0.000109303015,0.0013386224,5.3282047e-06,0.0006106831,4.4723864e-05,0.9976623
20180105-095915-2.jpg,8,8,3.161449e-05,9.233532e-06,0.0013865457,2.6124537e-05,0.00040059342,1.1302666e-05,0.009982795,1.1814463e-05,0.98814
20180105-095943-2.jpg,8,8,1.129544e-05,4.7147398e-07,0.002043522,1.2731067e-05,0.0005050049,3.7879104e-06,0.0013608203,4.690605e-06,0.9960576
20180105-100017-3.jpg,8,8,5.9763545e-07,4.5810674e-07,3.0389647e-06,5.666872e-06,4.2026472e-06,1.1774476e-06,0.000116971954,3.2251944e-07,0.99986756
20180105-100047-2.jpg,8,8,0.0010252391,0.00011542557,0.011258531,0.00035975824,0.01845362,0.0012481379,0.011594256,0.0004085364,0.9555365
20180105-100100-2.jpg,8,8,0.006028375,0.002167121,0.013991071,0.0021930092,0.02999799,0.001738906,0.033714347,0.014468093,0.895701
20180105-100109-2.jpg,8,8,1.7243276e-05,1.1334588e-05,0.00011738886,1.8687559e-05,0.00030350307,4.244498e-05,0.018843103,4.051979e-05,0.98060566
20180105-100155-2.jpg,8,8,0.00033028857,0.0019131623,0.011549173,0.0056454064,0.005233116,0.00014250938,0.33173963,0.00064270006,0.642804
20180105-100214-2.jpg,8,8,0.0051880665,0.00092401984,0.0071934983,0.0021175568,0.006072664,0.0003002569,0.20954877,0.014881363,0.7537737
20180105-100246-2.jpg,8,8,0.0005313683,8.921516e-05,0.00015101499,0.0010431778,0.00021978944,9.193034e-06,0.031615194,0.0003315593,0.9660095
20180105-100429-2.jpg,8,8,0.0011808492,0.0045614904,0.00032416976,0.0010877885,0.00023516765,0.00011333173,0.047980905,0.00038231298,0.944134
20180105-100512-2.jpg,8,8,0.00016172859,3.1420404e-05,2.5184154e-06,7.85642e-06,1.6834176e-05,0.00013206273,0.085641265,0.00012456485,0.9138817
20180105-100538-2.jpg,8,8,4.3890213e-06,8.084992e-07,3.373098e-05,6.1858773e-06,9.799911e-05,3.168667e-06,0.0005336678,2.0990221e-06,0.9993179
20180105-100658-3.jpg,8,8,3.4094512e-07,1.5456449e-07,1.1903921e-06,2.1379706e-06,1.6793985e-05,1.3295478e-07,2.4815006e-05,1.8295098e-07,0.9999542
20180105-100749-3.jpg,8,8,3.274562e-05,0.0014026455,0.00032633683,0.0011699965,0.0015435605,2.1039197e-05,0.004412233,4.4513657e-05,0.99104697
20180105-100754-2.jpg,8,8,3.985896e-05,3.2393425e-05,0.0021986393,3.330471e-05,0.00031297372,4.1513913e-06,0.0022770895,3.721977e-05,0.99506444
20180105-100858-3.jpg,8,8,0.00028688516,0.0011129386,0.0002897757,0.0011734014,0.0012851675,0.00014438237,0.0028976877,0.0001888664,0.99262094
20180105-100906-2.jpg,8,8,0.00040644378,0.00020882684,0.0029596793,0.0003818787,0.014513819,8.692439e-05,0.005035483,0.0008505753,0.9755563
20180105-101032-3.jpg,8,8,0.00011349312,1.4449866e-05,0.017418776,0.00040225757,0.004463642,0.00012668551,0.0046981433,0.00010178146,0.9726608
20180105-101202-2.jpg,8,8,7.860864e-05,4.3122312e-05,0.0012830728,0.0013996783,0.015168115,0.00018587499,0.0034400704,0.000715861,0.9776857
20180105-101224-2.jpg,8,8,3.3917834e-06,3.681746e-06,4.7956986e-05,9.808181e-06,0.00012514056,2.7018377e-06,0.0007500333,1.4386884e-06,0.9990559
20180105-101232-2.jpg,8,8,1.0435467e-05,8.197847e-06,9.767571e-05,0.00027130172,0.00052699633,2.2212344e-05,0.002504597,8.346088e-06,0.9965502
20180105-101248-2.jpg,8,8,2.7924465e-05,8.524578e-05,0.0051052636,0.00051111286,0.0058924723,8.041976e-06,0.0024057957,4.2103366e-05,0.98592204
20180105-101256-2.jpg,8,8,0.00028120392,0.00023292266,0.040199555,0.00082062825,0.022175154,0.00045266503,0.040264964,0.0015808884,0.89399207
20180105-101313-2.jpg,8,8,0.0012316214,0.0013566673,0.36580765,0.000913683,0.033241365,0.0005148699,0.044211015,0.0012569518,0.55146617
20180105-101341-2.jpg,8,8,0.0002077343,7.212642e-05,0.00033088727,0.00024984474,0.0009765803,4.7378635e-05,0.024091989,0.0007378107,0.9732858
20180105-101350-2.jpg,8,8,0.0004800468,0.0004684286,0.00034007736,0.0014455438,0.002556225,0.00012888196,0.0096537005,0.0018756838,0.9830514
20180105-101455-2.jpg,8,8,7.86177e-07,9.966834e-07,0.00026547475,1.4474773e-06,8.741672e-05,1.8873657e-06,0.0020268979,3.3913426e-07,0.99761474
20180105-101610-2.jpg,8,8,0.00046259267,8.278073e-05,0.019421842,0.0005809155,0.008091928,5.288981e-05,0.005000992,0.0007118161,0.9655942
20180105-101633-2.jpg,8,8,1.3457741e-05,3.8390567e-06,0.003191727,1.0852083e-05,0.0016124161,8.569391e-06,0.003442602,4.051474e-06,0.99171245
20180105-101700-2.jpg,8,8,0.00027822575,4.5959885e-05,0.3947332,0.00047913365,0.08002171,0.0006054328,0.017642807,0.00015912217,0.50603443
20180105-101708-2.jpg,8,8,0.0004124208,5.5951892e-05,0.00021173009,0.00010825919,0.0009679969,2.858569e-05,0.14132176,0.0006956542,0.85619754
20180105-101728-2.jpg,8,8,1.0952957e-05,2.3631385e-06,0.03280277,0.000100220874,0.0048403423,4.5362585e-06,0.0018187325,9.343693e-06,0.9604108
20180105-101736-2.jpg,8,8,0.00015001965,1.4385023e-05,0.0012315708,0.00016483382,0.0014576787,3.5919884e-06,0.022524599,0.00050805137,0.9739454
20180105-101744-2.jpg,8,8,0.00042436778,9.152323e-06,0.0008329096,0.00034639955,0.0023823332,9.269857e-06,0.0006710003,0.00020989387,0.99511456
20180105-101758-2.jpg,8,8,0.00013014056,2.9153744e-05,0.0013890002,0.00081915536,0.008011292,4.584809e-05,0.003197982,0.00015184995,0.9862256
20180105-101817-2.jpg,8,6,0.0141045535,0.007632849,0.0018813884,0.0070670014,0.0045566284,0.00011686513,0.5384963,0.018175941,0.40796846
20180105-101832-2.jpg,8,8,0.0008925211,1.8871178e-05,0.0009955297,0.00022252134,0.0031407892,6.625725e-05,0.0010199305,0.00073687086,0.9929067
20180105-101904-2.jpg,8,8,0.0006187081,0.0004934549,0.00072112517,0.0005793586,0.00033887697,0.0024619591,0.1516126,0.0003113238,0.84286255
20180105-101955-2.jpg,8,8,0.000495779,3.159676e-05,0.0026508893,0.00036809978,0.0009943452,6.344938e-06,0.0043496187,0.0008145081,0.99028885
20180105-102024-2.jpg,8,8,4.868018e-05,1.4100707e-05,0.001404027,7.241486e-05,0.0018961697,1.8740642e-05,0.0025434159,0.000120407414,0.99388206
20180105-102115-2.jpg,8,8,5.8740984e-06,3.8622857e-06,9.27887e-05,1.6591528e-05,6.8782436e-05,1.6865789e-06,0.00012214748,9.055674e-07,0.99968743
20180105-102302-1.jpg,8,8,5.8280584e-05,3.6279085e-05,0.0012528431,0.00039137568,0.001011921,7.8886274e-05,0.003363788,0.00010140583,0.99370533
20180105-102319-1.jpg,8,8,0.0012543906,0.001215593,0.31693247,0.0062839934,0.06982387,0.0004513705,0.010617876,0.0039145187,0.5895058
20180105-102339-1.jpg,8,8,3.7436857e-05,1.0082636e-05,0.000978642,0.0001103725,0.0013143467,5.1818565e-06,0.0002529229,1.6620936e-05,0.99727434
20180105-103706-2.jpg,8,6,0.00041686062,0.0011866073,0.00013206081,0.00014969404,0.00043243341,0.00012328514,0.88641405,0.0016429358,0.109502
20180105-104428-1.jpg,8,8,8.066719e-05,5.9647773e-05,0.033105053,7.17924e-05,0.0018334963,0.00015770899,0.043357056,2.136035e-05,0.9213133
20180109-065853-2.jpg,8,8,9.245658e-05,0.00032554838,0.0006560316,0.0002663383,0.0009787113,0.00038118436,0.010549373,0.00023686812,0.98651356
20180109-070000-1.jpg,8,8,0.00064298755,0.0013516349,4.5837904e-05,0.00010643158,0.0002832535,0.00067913544,0.054602746,0.00020490412,0.9420832
20180109-070000-2.jpg,8,8,7.8167046e-05,0.00033245538,0.004071754,3.0768726e-05,5.545152e-05,0.0004922922,0.003558546,1.9931578e-05,0.9913607
20180109-070059-2.jpg,8,8,0.00047233768,0.001109672,0.069865465,0.0014522098,0.006230697,0.0028286218,0.07606837,0.0003859769,0.8415867
20180109-070118-2.jpg,8,8,2.2338659e-06,6.5097834e-06,0.00092241983,3.3380078e-05,7.9240446e-05,9.796552e-05,0.008158988,6.4123276e-07,0.9906985
20180109-070124-1.jpg,8,8,1.514758e-05,6.3795706e-05,1.0274162e-05,2.942706e-05,2.733607e-05,0.000121406134,0.04533058,1.1850665e-05,0.9543902
20180109-070154-2.jpg,8,8,0.00023961999,0.0013851798,0.0109848,0.00023173679,0.00063651946,9.3089875e-05,0.0026088448,7.935767e-05,0.9837409
20180109-070211-1.jpg,8,8,5.5168107e-06,2.6677883e-06,1.9479789e-07,0.000116607975,4.992498e-05,1.4276736e-05,0.0038078811,2.1484418e-06,0.9960008
20180109-070732-1.jpg,8,8,9.60225e-05,6.393888e-06,0.0009726735,0.0006603953,0.0053546913,7.507061e-06,0.00039248134,6.775357e-05,0.99244213
20180109-070826-2.jpg,8,8,0.00013597301,0.00011924455,0.30504405,9.107787e-05,0.0010583107,0.00019498459,0.005268514,4.435573e-05,0.68804353
20180109-070837-1.jpg,8,8,2.1561737e-05,2.4927895e-05,1.5640442e-05,2.5050243e-05,6.152321e-05,0.0008857556,0.030406356,3.7610732e-06,0.9685554
20180109-070909-1.jpg,8,8,8.924015e-05,0.0003968751,2.6609255e-06,0.00024007633,3.3862823e-05,0.0009809071,0.10106725,3.7907572e-05,0.89715123
20180109-070954-2.jpg,8,6,0.0010037583,0.16374207,0.00024312828,7.633383e-05,5.701105e-05,0.0017044885,0.7554626,0.00044880956,0.07726178
20180109-071004-2.jpg,8,8,2.2968177e-05,0.000116752526,0.0002862338,0.00011558793,0.0004569643,0.00011129348,0.014666978,3.6244244e-05,0.98418695
20180109-071048-2.jpg,8,8,0.00051287416,0.0029711155,0.16928153,0.0005435025,0.00083732937,0.001282131,0.089263946,9.095706e-05,0.73521656
20180109-071157-2.jpg,8,8,0.00015078175,0.0018248666,0.2525077,0.0015911413,0.0021226224,0.0014033798,0.10487882,3.365503e-05,0.635487
20180109-071214-2.jpg,8,8,0.0013783927,0.0006075111,0.0024901133,0.00030548943,0.00018348524,0.011498563,0.0134953605,4.3162276e-05,0.96999806
20180109-071220-1.jpg,8,8,0.00010225386,0.00012044234,4.13113e-05,7.950472e-05,0.00033222482,3.726844e-05,0.0027954907,6.2116465e-05,0.9964294
20180109-071333-2.jpg,8,8,2.8989327e-05,3.729858e-05,0.00044075877,1.7691835e-06,5.9579515e-06,1.1765297e-05,0.00051521615,2.2037634e-06,0.9989561
20180109-071343-1.jpg,8,8,0.00021058683,0.00020645148,0.0003274086,0.0003661093,0.00076721323,6.52436e-05,0.0013442456,0.00016115837,0.99655163
20180109-071437-2.jpg,8,8,5.139117e-06,3.820423e-06,0.00032961724,5.2977725e-06,6.0051123e-05,2.5193194e-06,0.10790172,7.8069415e-06,0.89168406
20180109-071546-1.jpg,8,8,7.92618e-06,9.498815e-06,4.1984586e-05,5.405765e-05,0.00013544249,2.7720864e-05,0.003867735,4.01926e-06,0.9958515
20180109-071546-2.jpg,8,8,2.7598624e-06,1.2862404e-06,0.00010051366,1.5110184e-06,4.6954183e-06,0.0001071258,0.0025635532,6.763859e-08,0.9972186
20180109-071557-1.jpg,8,8,2.5784999e-05,2.1988608e-05,3.1626457e-06,3.0468343e-06,6.1353767e-06,4.187224e-06,0.05543276,1.1816033e-05,0.9444912
20180109-071627-2.jpg,8,8,4.048684e-05,1.5265847e-05,0.0028556841,4.0702807e-06,4.572621e-05,9.355808e-05,0.0043540164,9.157487e-06,0.9925822
20180109-071643-2.jpg,8,8,1.0006236e-05,1.6354892e-05,1.1874666e-05,9.232771e-06,1.6480493e-05,8.068791e-05,0.0066211806,3.939665e-06,0.9932302
20180109-071651-2.jpg,8,8,0.00042158322,0.0023102663,0.0032584965,0.0009657511,0.0010204763,0.00077950006,0.102899656,0.00011281771,0.88823134
20180109-071708-1.jpg,8,8,7.198359e-05,1.07376345e-05,2.3546785e-05,7.02155e-05,3.8974184e-05,2.1126846e-06,0.0012401465,4.0774186e-05,0.99850154
20180109-071804-1.jpg,8,8,1.1131222e-05,4.251752e-05,5.480097e-07,2.4690235e-05,1.634317e-05,6.661352e-06,0.0033372194,7.722146e-06,0.99655306
20180109-071845-1.jpg,8,8,0.0038661875,0.06912684,1.2857037e-05,0.005104575,0.00018628521,0.00075844955,0.06755263,0.0071880813,0.8462041
20180109-071910-1.jpg,8,8,0.001221464,0.0057609347,4.90608e-06,0.00015495309,5.447136e-05,4.2611042e-05,0.033375904,0.00020456772,0.9591803
20180109-071951-2.jpg,8,8,0.00020035463,0.0022428716,0.1434377,0.00014114208,0.00013350415,0.00027120544,0.072391145,9.2458155e-05,0.7810896
20180109-072219-2.jpg,8,8,1.1492894e-05,8.349345e-06,0.00013278147,6.037771e-06,6.403855e-05,0.00015193924,0.019093037,1.7156162e-06,0.9805306
20180109-072309-2.jpg,8,8,3.1743035e-05,0.00019003148,0.00076519325,0.0003850733,0.0009072451,0.00011043604,0.08102808,4.08104e-05,0.9165412
20180109-072327-1.jpg,8,8,1.3865555e-06,7.865537e-06,3.859912e-06,5.611883e-06,6.7154037e-06,1.0952444e-05,0.0030519634,9.262915e-07,0.99691063
20180109-072341-1.jpg,8,8,4.946295e-06,1.8805746e-05,4.772188e-07,1.5913325e-05,7.4946684e-06,3.6820718e-06,0.00477162,8.612139e-06,0.99516845
20180109-072402-1.jpg,8,8,0.0001834893,0.0027637049,0.0002478943,0.0006120079,0.00011621508,0.00035939718,0.37099758,0.00077753305,0.6239422
20180109-072501-2.jpg,8,8,0.0002251372,4.623299e-05,0.009650959,0.000111918154,0.004793272,4.4277385e-05,0.028895767,0.0002456998,0.9559868
20180109-072527-2.jpg,8,8,0.012838372,0.002145225,0.047913935,0.055252966,0.23064485,0.0065908153,0.0060661123,0.006217257,0.6323304
20180109-072534-1.jpg,8,8,0.003930626,0.009070566,2.5853506e-05,0.0012586468,0.0001305473,0.00088029425,0.04391172,0.0014923414,0.9392994
20180109-072554-2.jpg,8,8,0.00267787,0.0027083044,0.11133115,0.0016253537,0.00979669,0.0019003779,0.12897983,0.0031428628,0.73783755
20180109-072606-1.jpg,8,8,8.61816e-06,2.5185222e-05,1.2846476e-06,2.0574209e-05,1.24209e-05,6.2160565e-05,0.0037511862,4.513614e-06,0.9961139
20180109-072622-1.jpg,8,8,1.5758667e-06,8.668747e-06,2.5277257e-07,2.2877515e-05,7.347534e-06,2.7589563e-06,0.010970104,9.71906e-06,0.9889768
20180109-072632-1.jpg,8,8,3.3060605e-06,3.2694327e-06,8.19682e-07,9.3859046e-05,5.177826e-05,7.1720015e-06,0.0047199437,6.3450784e-06,0.99511355
20180109-072648-1.jpg,8,8,0.00012347313,9.98101e-05,5.3692598e-05,0.00020175523,0.00036176393,5.0023435e-05,0.057274815,0.00044406243,0.9413906
20180109-072740-2.jpg,8,8,0.00088505883,0.0036207314,0.011280509,0.00074999325,0.0019207768,0.0013578307,0.04205114,0.0013179807,0.9368161
20180109-072752-2.jpg,8,8,0.0030689917,0.028848566,0.0048248162,0.0031287805,0.0045065703,0.003046943,0.2073388,0.0046452624,0.7405912
20180109-072803-1.jpg,8,8,4.8893287e-07,2.1242552e-06,1.8685968e-07,2.51885e-05,5.0438675e-06,3.097966e-07,0.00023662597,2.5136737e-07,0.9997298
20180109-072828-2.jpg,8,8,0.00034778749,8.0812475e-05,0.27942786,0.0029485775,0.04834394,0.00025917595,0.0775388,0.00036794547,0.59068507
20180109-072834-1.jpg,8,8,3.5494074e-06,5.653715e-06,3.3853053e-06,6.2677204e-06,2.3894509e-05,3.7009522e-05,0.019167414,3.0012723e-07,0.98075265
20180109-072920-1.jpg,8,8,2.2131124e-05,0.000110227375,6.552122e-05,6.9759684e-05,0.00023282142,4.305326e-05,0.02026677,3.473675e-05,0.9791549
20180109-072959-1.jpg,8,8,1.0058834e-06,1.7807244e-07,1.2731211e-06,1.3369605e-06,1.7087408e-05,9.0656306e-07,0.00044242016,8.4717294e-07,0.9995351
20180109-073016-1.jpg,8,8,0.00068615476,0.0010916642,0.006064561,0.0011652395,0.0058472464,0.00079996773,0.057261467,0.0010590818,0.9260246
20180109-073024-2.jpg,8,8,0.004077867,0.00075243844,0.10578574,0.010179686,0.36076748,0.0008577708,0.0009534887,0.007998106,0.5086275
20180109-073129-2.jpg,8,8,0.00017440162,0.0027833218,0.11147439,9.698492e-05,0.00013239172,0.00040207335,0.04070673,8.995535e-05,0.8441398
20180109-073133-1.jpg,8,8,9.5082374e-05,0.00048876344,0.012187846,0.00028882307,0.0002980959,0.0017946102,0.0065279896,1.2615969e-05,0.97830623
20180109-073156-2.jpg,8,8,0.00015969083,0.0004823982,2.5493746e-05,7.48062e-05,4.7668625e-05,8.992063e-05,0.006484865,2.4908935e-05,0.9926103
20180109-073223-1.jpg,8,8,0.0040492225,0.0019067765,4.2230804e-05,0.0021770485,0.00047605857,0.00041450319,0.020324104,0.0010148991,0.96959496
20180109-073225-2.jpg,8,8,0.0010285568,0.028515527,3.9001523e-05,0.0022056657,9.076033e-05,0.00020483414,0.13922022,0.00046450747,0.828231
20180109-073235-2.jpg,8,8,0.0006122971,0.0017388759,0.0007207801,0.00018481546,0.00036996225,0.00027078352,0.39180982,0.0017030279,0.60258967
20180109-073313-2.jpg,8,8,0.0006861049,0.0056648934,0.00013005412,3.59848e-05,8.266541e-06,0.00027230463,0.015459362,0.00022160728,0.9775213
20180109-073400-2.jpg,8,8,1.0986273e-05,2.8245659e-05,3.7410152e-06,1.571168e-05,1.3832396e-05,6.9166075e-05,0.0019813408,2.9252185e-06,0.997874
20180109-073835-2.jpg,8,1,0.03581542,0.5158294,0.00010408399,0.0023722583,0.00011640767,0.00185792,0.16149685,0.005956706,0.276451
20180109-073844-2.jpg,8,8,0.0024541565,0.06496517,0.00030145975,0.001101357,0.0004409411,0.0013559635,0.3122398,0.0007091233,0.6164321
20180109-073916-2.jpg,8,8,0.05453938,0.0018870174,4.3518005e-05,0.00014927471,3.9800838e-05,0.0036942235,0.006948175,0.030465767,0.9022328
20180109-074022-1.jpg,8,8,1.5522603e-06,9.63315e-07,0.00014609727,7.935974e-06,6.0493956e-05,3.2614892e-06,0.0020617307,1.3600333e-06,0.99771655
20180109-074030-2.jpg,8,8,0.0041019744,0.0018133658,0.000102286176,0.0006335833,9.938879e-05,0.011163824,0.048702072,0.0131489085,0.9202347
20180109-074039-1.jpg,8,8,2.9481365e-05,3.1978347e-05,0.0007158741,0.00017545355,0.0042486866,1.3977675e-05,0.0039696833,7.1797476e-05,0.99074286
20180109-074135-1.jpg,8,8,8.028381e-05,0.00016621522,0.001286592,0.000136281,0.00047999626,6.512807e-05,0.025206748,2.5711466e-05,0.97255313
20180109-074156-2.jpg,8,8,0.027103905,0.00060896686,0.00017513883,0.0015109399,0.00026381723,0.007256759,0.0033709656,0.094277374,0.86543226
20180109-074248-1.jpg,8,8,0.00045597285,0.00078862807,0.00046685452,0.0008000047,0.00093222706,0.0006621597,0.0074405153,0.0010547461,0.98739886
20180109-074258-2.jpg,8,8,0.009730053,0.0003269851,0.0006992906,0.000121179284,0.00035145073,0.00058247545,0.0330916,0.004559,0.95053786
20180109-074306-2.jpg,8,8,0.0019039282,0.014037836,1.1881e-05,0.0004165021,2.7927768e-05,0.00056086073,0.042774376,0.0009160513,0.93935066
20180109-074349-2.jpg,8,8,0.0003100633,3.130483e-05,1.7570628e-06,2.7081016e-05,1.0204428e-05,0.0004076527,0.004103523,0.00012336182,0.9949851
20180109-074410-1.jpg,8,8,0.002010234,0.0010240555,0.0069234087,0.0021558683,0.10865488,0.0023920364,0.01892743,0.0022950564,0.8556169
20180109-074440-1.jpg,8,8,9.693873e-05,2.6837275e-05,0.00027125917,0.000105903535,0.0020724921,0.00010652984,0.013555795,0.00016696037,0.9835972
20180109-074457-2.jpg,8,8,0.0015889584,0.00014392492,5.87943e-06,0.00050675275,1.6867136e-05,0.0005804158,0.0015383736,0.0018750408,0.99374384
20180109-074539-2.jpg,8,8,0.0012449498,0.00017672438,1.4176774e-05,8.014917e-05,1.34787915e-05,0.00027783672,0.00012288701,0.00042593764,0.9976439
20180109-074543-1.jpg,8,8,0.00028060508,0.0026858167,0.00043777903,0.0002541468,0.00040563577,3.540747e-05,0.08724993,0.00064840907,0.90800244
20180109-074604-1.jpg,8,8,3.726532e-05,8.810843e-05,0.0015334212,0.0002415321,0.0015295087,0.00026912446,0.0022049397,2.5217549e-05,0.9940708
20180109-074617-2.jpg,8,8,0.018404337,0.0021146138,0.0003143039,0.0011748683,0.00023039106,0.017018547,0.004819391,0.05978571,0.89613783
20180109-074740-1.jpg,8,8,0.00029548243,0.001123912,0.012807044,0.00034995837,0.002430094,0.0003020906,0.21590774,0.0004814402,0.7663022
20180109-074833-1.jpg,8,8,2.7873479e-05,2.6942267e-05,9.389366e-05,0.00018514543,0.00015263427,5.1552324e-05,0.027853858,7.6101096e-05,0.97153205
20180109-074841-2.jpg,8,8,0.0009218169,0.0029430082,0.015345114,0.0007300341,0.0011035886,0.0003867366,0.035104085,0.00051115337,0.94295436
20180109-074924-1.jpg,8,8,0.00023454576,0.00046934505,0.00044885336,0.0005331831,0.0008187962,0.00041814396,0.003037896,0.00038310004,0.99365616
20180109-075105-1.jpg,8,6,0.002659866,0.04821324,5.6230583e-05,0.00025990765,0.00010071695,0.0023599707,0.8800546,0.0027161478,0.06357934
20180109-075110-2.jpg,8,8,3.287276e-05,2.9051087e-05,0.0016598431,6.1301203e-06,0.0001269887,1.0898709e-05,0.016940234,2.4663426e-05,0.9811693
20180109-075157-1.jpg,8,8,0.0013764901,0.00013601083,0.0027238822,0.0018450196,0.009303398,0.0011574026,0.00041027597,0.0020032695,0.98104435
20180109-075232-2.jpg,8,8,0.0014718466,0.008288772,0.062322967,0.0004010761,0.00061517494,0.00024229416,0.22584735,0.0010246763,0.6997858
20180109-075237-1.jpg,8,8,9.4485105e-05,2.3505818e-05,0.0050892495,0.0005163542,0.014020949,6.853633e-05,0.0005303064,2.3384117e-05,0.97963333
20180109-075247-2.jpg,8,8,0.009954839,0.011381338,0.18689133,0.058824893,0.021225281,0.0005418417,0.20522308,0.012385972,0.4935714
20180109-075319-2.jpg,8,8,1.1628721e-05,4.8962484e-05,0.00058173866,5.2733335e-06,4.8271772e-06,0.00013292626,0.0011426249,9.285396e-07,0.998071
20180109-075329-2.jpg,8,8,0.0012941987,0.0011336447,0.060194165,0.00040798637,0.002483524,0.00064221205,0.023175657,0.0003817127,0.9102869
20180109-075337-2.jpg,8,8,6.07278e-05,0.00010635641,0.001032502,1.8188844e-05,0.00022314095,2.7073711e-05,0.001779247,4.2037645e-05,0.9967108
20180109-075356-2.jpg,8,6,0.0005762296,0.01671151,9.510994e-05,0.0003585553,7.0362075e-05,0.00096870924,0.5943434,0.0011233661,0.38575274
20180109-075430-2.jpg,8,8,2.7029668e-05,1.2192558e-05,0.008276183,5.6596855e-05,0.0005161581,6.9598325e-05,0.014917515,8.6338305e-06,0.9761162
20180109-075456-1.jpg,8,8,0.0002544866,2.5656318e-05,6.6230095e-05,0.00039435134,0.00023786273,0.00019438114,0.01272898,7.19309e-05,0.9860261
20180109-075509-2.jpg,8,8,0.000105176245,5.6028824e-05,0.13625215,0.000109044384,0.0030473038,4.4609536e-05,0.001539882,0.00010857846,0.85873723
20180109-075517-2.jpg,8,8,9.216864e-05,0.00029791187,0.002344453,0.0006173457,0.0044686464,9.344623e-05,0.04271617,0.00014740745,0.94922245
20180109-075655-2.jpg,8,8,1.0270043e-05,7.999893e-05,0.0005029949,4.0898987e-05,8.3952735e-05,0.0001480949,0.27184728,8.180983e-06,0.72727835
20180109-075712-2.jpg,8,8,0.000113678354,6.7527195e-05,0.000259635,3.0037143e-05,8.793955e-05,2.8112985e-05,0.003487792,3.8828974e-05,0.99588627
20180109-075720-2.jpg,8,8,0.0003796479,0.0005961398,0.07525619,6.341782e-05,0.00072983897,9.337627e-05,0.0526983,0.00037729566,0.8698059
20180109-075741-2.jpg,8,8,0.00029992586,0.00024346575,0.17481682,0.00018167844,0.0040809275,0.00020314776,0.050382916,0.00031134134,0.76947975
20180109-080016-1.jpg,8,8,0.011178238,0.08477036,0.0005658341,0.023529544,0.00083971885,0.0008837858,0.09466087,0.04773216,0.7358395
20180109-080127-2.jpg,7,6,0.02343629,0.075210854,0.0100554405,0.004178739,0.008118962,0.0057187015,0.61486584,0.06390311,0.19451207
20180109-080141-1.jpg,8,8,4.0816867e-06,6.654667e-07,0.00038528975,1.3906557e-05,0.00023701745,5.2122336e-06,0.0015414655,2.3109217e-06,0.99781007
20180109-080148-2.jpg,7,6,0.056846216,0.20035447,0.00037390002,0.000653341,0.0002441088,0.001135639,0.51286,0.03996535,0.18756695
20180109-080158-1.jpg,8,8,5.0211253e-05,6.974789e-06,0.00043492715,0.00010584737,0.0022275287,1.4484041e-05,0.0015382478,1.1003356e-05,0.9956109
20180109-080219-2.jpg,7,6,0.005597595,0.08064616,5.212315e-05,0.00058931584,6.946993e-05,0.00044096526,0.8694292,0.016669068,0.026506115
20180109-080311-1.jpg,8,8,1.7572258e-05,1.8570661e-05,3.3055083e-05,2.2629101e-05,3.1744596e-05,3.8180224e-05,0.0104595,9.633192e-06,0.98936903
20180109-080420-1.jpg,8,8,1.8573526e-05,5.1566072e-05,4.4929507e-06,7.212229e-06,1.4024874e-05,7.646517e-05,0.19829871,2.022743e-05,0.8015087
20180109-080518-2.jpg,8,8,0.00015784701,0.000121444966,0.007870911,0.00034264557,0.0016318854,5.9895916e-05,0.013391833,0.00015292084,0.97627074
20180109-080602-2.jpg,8,8,0.00012245763,0.00014545284,0.015332733,6.5263914e-05,0.0012381219,0.00085389527,0.14609021,8.9449946e-05,0.83606243
20180109-080610-2.jpg,8,8,2.3018054e-05,0.00044952022,2.3560384e-05,6.91702e-05,2.5980911e-05,5.3323405e-05,0.012600519,1.4742235e-05,0.9867401
20180109-080631-2.jpg,8,8,0.00037760628,1.2409238e-05,0.23907669,0.0008794484,0.011068389,3.1575997e-05,0.00090861367,0.00017543651,0.74746984
20180109-080736-2.jpg,8,8,0.00039849445,1.0353541e-05,0.004073209,0.00053797086,0.01186024,3.482796e-05,0.0004389149,0.00026824852,0.98237777
20180109-085140-2.jpg,7,7,0.028701982,0.0846704,0.0001625925,0.002051013,0.0003038619,0.0014296131,0.0007089068,0.8224495,0.05952219
20180109-085308-2.jpg,8,8,0.039785262,0.054647695,0.00025430022,0.013547966,0.0022071325,0.018771391,0.000110504116,0.12077293,0.74990284
20180109-085325-2.jpg,8,8,0.026605252,0.023894804,4.68454e-05,0.0031542163,0.00038318153,0.0059319604,6.930938e-05,0.013253267,0.9266612
20180109-085343-2.jpg,8,8,0.0044458797,0.023469485,5.563339e-06,0.0030536202,8.997967e-05,0.0013532905,0.000100667654,0.019665573,0.9478161
20180109-085410-2.jpg,8,5,0.0018820041,0.0067605544,0.049656767,0.00081236975,0.00083266903,0.6919111,0.020352084,0.0025917497,0.22520064
20180109-085451-2.jpg,8,8,0.0010761679,0.00806184,0.05385126,0.00069762784,0.0006636886,0.0044525615,0.0057233726,0.0010687035,0.92440474
20180109-085504-1.jpg,8,8,0.0006575733,0.0013307157,0.0045939456,0.00074832496,0.00396241,8.311938e-05,0.0017720165,0.0012783827,0.9855735
20180109-085529-1.jpg,8,8,0.0005791684,0.01208926,1.3999291e-06,0.018335804,1.2632051e-05,0.0010600518,0.002396374,0.0004732698,0.96505207
20180109-085534-2.jpg,8,8,0.00024346651,0.0012811413,0.0115557015,0.00050273235,0.0010895638,9.254422e-05,0.007145026,0.0003547975,0.97773504
20180109-085739-1.jpg,8,8,0.00034305578,0.00066450285,2.2668235e-05,0.000123915,9.836665e-05,0.00056338886,0.0038810284,0.0004129659,0.99389017
20180109-085747-2.jpg,7,8,0.0049828393,0.008782113,8.220462e-05,0.0019417624,9.257087e-05,0.01361058,0.0018296975,0.07324824,0.89543
20180109-085840-1.jpg,8,8,0.13242173,0.032855522,2.0906662e-05,0.0038875896,0.00018004855,0.086616315,0.0017276386,0.26867902,0.47361124
20180109-085921-1.jpg,8,8,0.0039743865,0.0013834696,1.7607352e-06,0.010420706,8.619984e-05,0.00016169685,0.000105529565,0.0018879594,0.98197836
20180109-085932-1.jpg,8,8,0.0007683912,0.0031125988,2.5345257e-06,0.0009871647,1.3760494e-05,0.02204766,0.0069209374,0.00057570863,0.96557117
20180109-085934-2.jpg,8,8,0.0008904859,0.0018909007,0.013024298,0.00049029954,0.0004446461,0.00075959624,0.022344438,0.00043788782,0.95971745
20180109-085942-2.jpg,8,8,0.00032072992,0.00041673824,0.00026501546,8.15431e-05,4.556507e-05,0.00031916707,0.005889171,8.9081404e-05,0.992573
20180109-090002-2.jpg,8,8,0.012227762,0.031262845,5.7982612e-05,0.00076568883,0.0001142431,0.008900555,0.3044987,0.04450602,0.59766614
20180109-090103-1.jpg,8,8,0.0025776864,0.014103854,1.4058351e-05,0.0005087442,2.4256275e-05,0.1294603,0.004183519,0.0010699615,0.84805757
20180109-090131-1.jpg,8,8,0.0048048533,0.0020822133,6.90974e-06,0.00010362055,3.448444e-05,0.0038289186,0.0041431407,0.0067089377,0.9782868
20180109-090154-1.jpg,8,8,0.0017166793,0.00040329518,3.994047e-06,4.2821866e-05,3.1193198e-05,0.0072260317,0.00070319936,0.0012191876,0.9886536
20180109-090221-2.jpg,8,8,0.0027542328,0.0036649734,0.0012060177,0.0015402768,0.0006006762,0.0027362595,0.0031127296,0.0017684454,0.9826164
20180109-090240-2.jpg,8,8,0.05774037,0.01085816,0.027104186,0.04785961,0.09636028,0.008386522,0.0051578153,0.067528605,0.6790045
20180109-090254-1.jpg,8,8,5.639703e-05,1.5722171e-05,2.4468883e-07,2.6079775e-05,4.437442e-06,7.370579e-05,1.9545334e-05,5.052804e-05,0.9997534
20180109-090307-2.jpg,8,8,0.27815098,0.005150364,0.00022423179,0.0049361116,0.0030293416,0.07305938,0.000279289,0.11717879,0.5179915
20180109-090333-2.jpg,8,8,0.0006273616,0.00016874599,8.465989e-05,2.155915e-05,2.9253884e-05,0.00013716466,0.08987402,0.00097267935,0.90808463
20180109-090342-1.jpg,8,8,0.00096507865,0.0012143794,2.0294634e-05,0.00023928174,0.00010173703,0.001476797,0.02076413,0.0024190708,0.9727992
20180109-090402-1.jpg,8,8,0.0051327045,0.020461166,2.9303854e-05,0.0020238555,0.00019521535,0.068395324,0.012962827,0.004264418,0.8865352
20180109-090426-1.jpg,8,8,0.020935385,0.0021013238,1.6338607e-05,0.0006604587,0.00021818867,0.0017878218,0.00011074033,0.010449552,0.9637202
20180109-090446-1.jpg,8,8,0.0076580863,0.0017787203,5.114955e-05,0.00066985784,8.523279e-05,0.0025324316,0.00015022352,0.0036715842,0.9834027
20180109-090509-2.jpg,8,8,0.026185142,0.0018385714,0.00010223402,0.00047768364,0.00026707991,0.008466835,0.0005281318,0.11574749,0.8463868
20180109-090512-1.jpg,8,8,0.00015473022,5.960446e-05,1.3908972e-05,3.5683483e-05,7.2393115e-05,4.5515128e-05,0.00096836715,0.00016015548,0.99848974
20180109-090517-2.jpg,8,8,0.08215924,0.02638354,0.000977115,0.007466686,0.0026636112,0.10981662,0.0008686489,0.070765,0.69889957
20180109-090737-2.jpg,8,8,0.0014407466,0.0016063596,0.016498547,0.014950359,0.005853726,0.0007784819,0.0009887409,0.0004972377,0.9573857
20180109-090745-2.jpg,8,8,0.00052443583,0.0008933598,6.309994e-05,0.0059795575,0.00040345293,0.0026624925,0.0014352293,0.00022774904,0.9878106
20180109-090856-2.jpg,8,8,0.000295988,0.00035251124,0.00023373839,0.0003476354,0.00031992944,0.0012331939,0.0009825946,0.00072096183,0.9955135
20180109-090914-2.jpg,8,8,0.00174465,0.0008437316,0.0017160726,0.0060560307,0.000892422,0.01529006,0.017429173,0.0006550182,0.9553728
20180109-090929-2.jpg,8,8,0.0013249869,0.00043369178,0.0002786965,0.048647575,0.005126554,0.00023372556,0.00028120427,0.0011111031,0.94256246
20180109-090944-1.jpg,8,8,0.0011459548,0.00062337884,0.002287094,0.000545893,0.00064192916,0.00083759095,0.004610121,0.0005627109,0.9887453
20180109-090947-2.jpg,8,8,0.0037421242,0.0008768048,7.929355e-05,0.0003324485,0.000104816325,0.026163572,0.039323926,0.00077168393,0.9286053
20180109-091058-2.jpg,8,8,4.8255388e-05,0.00017040476,8.687502e-05,0.0012045339,0.0004173128,9.558982e-06,0.0018403303,6.071324e-05,0.99616206
20180109-091334-2.jpg,8,8,0.0016105778,0.0054296544,0.00011020018,0.010526622,0.0011336283,0.0013749956,0.0051033986,0.0036998678,0.97101104
20180109-091353-2.jpg,8,8,5.690274e-05,0.00039997473,5.903545e-05,0.003122573,0.00050018734,0.00033398333,0.0147257615,0.00024900716,0.9805525
20180109-091402-1.jpg,8,8,0.0011052319,0.0027681664,3.746136e-05,0.00062910106,8.125749e-05,0.0143254865,0.029499305,0.0046799425,0.946874
20180109-091440-1.jpg,8,8,3.7306167e-05,2.315399e-05,2.2201242e-05,2.8744795e-05,3.2250256e-05,1.5149378e-05,0.005979856,4.652686e-05,0.9938148
20180109-091559-2.jpg,8,8,0.010034011,8.130192e-05,0.00048506085,0.00054248545,0.0010456068,0.0007906603,0.017165884,0.0019580778,0.96789694
20180109-091640-1.jpg,8,8,0.046815246,0.0034708234,5.322753e-05,0.0003666712,0.0005373109,0.0059073865,0.0053428523,0.045289706,0.8922168
20180109-091652-2.jpg,8,8,0.0008018941,1.2976617e-06,3.1033958e-06,2.361706e-05,1.6768498e-05,0.00010946047,1.6429698e-05,8.314387e-05,0.9989442
20180109-091719-2.jpg,8,8,7.3395922e-06,5.1511662e-08,4.797128e-09,6.297359e-07,3.520898e-07,4.7351313e-07,3.789371e-06,3.9024042e-07,0.9999869
20180109-091736-2.jpg,8,8,3.7395814e-05,9.813311e-06,1.7870105e-06,1.1759655e-05,5.2913197e-06,4.082102e-06,0.000336196,7.747495e-06,0.99958605
20180109-091748-2.jpg,8,8,0.0024367177,0.0016834548,8.0281925e-06,0.0010008785,4.354348e-05,0.0011083311,0.00041498238,0.0017554552,0.9915486
20180109-091822-1.jpg,8,8,1.3019061e-05,6.940533e-06,3.9470006e-06,8.095014e-06,2.091796e-05,5.8477876e-06,0.0018683264,1.1002509e-05,0.99806195
20180109-091900-2.jpg,8,8,0.0038067363,0.0028596246,0.014190731,0.00042369615,0.0013786053,0.00022228678,0.036615387,0.0043838983,0.9361191
20180109-091907-2.jpg,8,8,0.00028485322,0.00012468264,0.0005193703,2.8142653e-05,0.0002261413,1.5593543e-05,0.014343271,0.00021927881,0.98423874
20180109-091927-2.jpg,8,8,0.0020934974,0.0010884906,0.00017840604,0.00028614458,0.0001304368,0.006480397,0.045581207,0.0072925333,0.9368689
20180109-091942-1.jpg,8,8,6.7066634e-05,0.000112514135,9.584637e-06,0.0006402043,0.00016769161,1.7994349e-05,0.00020571299,4.658067e-05,0.99873275
20180109-092016-2.jpg,7,8,0.010023191,0.0066005113,0.00021671115,0.0014844686,0.00019524866,0.00949224,0.24444479,0.29998624,0.42755654
20180109-092025-1.jpg,8,8,4.489847e-05,3.2608397e-05,7.4643967e-06,0.00012961608,8.7944834e-05,2.8892623e-06,0.0008768677,7.2246236e-05,0.9987453
20180109-092052-1.jpg,8,8,2.3058581e-05,5.698898e-06,9.0073576e-07,7.0432625e-06,1.5131924e-05,6.173869e-07,2.611746e-05,9.60639e-06,0.9999118
20180109-092108-2.jpg,7,7,0.01602596,0.0010626998,3.4059394e-05,0.00014427482,3.99502e-05,0.007955586,0.05149054,0.7459653,0.1772817
20180109-092118-1.jpg,8,8,4.6109957e-07,1.0250072e-07,3.0960025e-06,2.9417305e-07,1.0759439e-06,3.0697276e-08,6.797293e-05,1.2267051e-07,0.9999268
20180109-092137-2.jpg,7,7,0.0055873375,0.0006093891,3.5531518e-06,2.5818013e-05,1.9857116e-06,0.0013753109,0.00044707206,0.9881052,0.00384434
20180109-092212-2.jpg,8,8,9.704838e-05,6.0924725e-07,5.1025927e-07,6.4935045e-07,2.3073717e-06,2.2436532e-06,4.6777917e-05,7.1079776e-06,0.99984276
20180109-092237-1.jpg,8,8,1.7875138e-05,6.4616406e-06,1.8234614e-05,1.1025815e-05,3.5024066e-05,1.876824e-06,0.0005436981,1.9230003e-05,0.99934655
20180109-092305-2.jpg,8,8,0.00011453417,2.007394e-06,3.8281305e-06,3.2234326e-05,0.00016509286,4.169242e-06,1.4935657e-05,2.6497284e-05,0.99963677
20180109-092317-1.jpg,8,8,1.5789954e-07,6.753224e-08,7.8361904e-07,2.4976464e-07,1.1349258e-06,4.9479983e-08,0.00016957677,1.5437219e-07,0.99982786
20180109-092341-2.jpg,8,8,0.0017172957,0.007260844,0.007617711,0.006806756,0.002037744,0.054648895,0.09448483,0.0123192975,0.8131066
20180109-092355-2.jpg,8,8,0.00058657565,0.00037566968,4.2085862e-06,9.83631e-05,2.06633e-05,0.001512308,0.023293018,0.0006982852,0.9734109
20180109-092523-2.jpg,8,8,0.0050142757,6.5264926e-06,4.924285e-06,5.1020914e-05,2.480819e-05,0.00024277843,3.8340295e-05,0.0019004248,0.9927168
20180109-094509-2.jpg,8,8,0.007003449,0.00016380768,6.574449e-05,4.862261e-05,0.0005072636,0.0001040799,0.00024078765,0.002461001,0.9894052
20180109-094515-2.jpg,7,7,0.34814796,0.008986019,0.00011086528,0.00012678304,0.00012610853,0.006212485,0.00021402474,0.36914185,0.26693398
20180109-094616-1.jpg,8,8,0.028270453,5.4236883e-05,8.510969e-05,0.00041330582,8.191689e-05,0.00011446219,4.493579e-05,0.0012696348,0.9696658
20180109-094621-2.jpg,8,8,0.054562084,0.0022178346,0.01037289,0.07190704,0.1545473,0.013700385,0.0007967041,0.038380012,0.65351576
20180109-094641-1.jpg,8,8,8.4650004e-05,5.90121e-07,4.4904868e-07,6.60937e-05,9.883657e-05,3.2630126e-07,5.1835354e-07,1.1596491e-05,0.99973696
20180109-094707-1.jpg,8,8,0.011912395,0.019702235,0.0068840934,0.007467989,0.0026964925,0.0038035144,0.016187282,0.0056769704,0.925669
20180109-094738-2.jpg,8,8,0.0034531758,0.00062781543,0.006315792,0.21437286,0.08395836,0.0028971066,0.0008865982,0.0035291945,0.6839591
20180109-094914-2.jpg,8,4,0.009667296,0.00020557536,0.033094082,0.038527623,0.5237919,0.00039622665,0.0004620065,0.0043592374,0.389496
20180109-094956-2.jpg,8,8,0.003578101,3.692749e-05,0.001530707,0.006741724,0.0073870546,0.0011211041,1.2879811e-05,0.00043314457,0.97915846
20180109-095059-1.jpg,8,8,0.0043869643,0.0044746716,9.53586e-06,0.00073970744,0.00013309724,0.002447955,0.05061913,0.0046948944,0.93249404
20180109-095059-2.jpg,8,8,0.012415532,0.002364302,0.00019044438,0.009754676,0.0075337873,0.0006694312,0.00015042663,0.006089471,0.9608319
20180109-095124-1.jpg,8,8,0.00023018004,1.3907059e-05,8.487076e-05,0.00020870233,0.0009291467,1.5300823e-06,5.9093672e-06,0.00028169455,0.99824405
20180109-095127-2.jpg,8,8,0.0009968497,4.9797916e-05,0.0006986983,0.0032503447,0.010083286,7.423789e-05,0.00010590043,0.0011433992,0.98359746
20180109-095152-2.jpg,8,8,4.9303864e-05,2.1689232e-06,0.0013918058,0.00013866436,0.00024798623,6.1185956e-06,0.000455085,7.331217e-06,0.99770147
20180109-095245-1.jpg,8,8,0.015421507,0.0065618167,0.07170492,0.005977415,0.036652632,0.002394796,0.030278044,0.014780572,0.8162284
20180109-095253-1.jpg,8,8,0.0005049289,4.1252166e-05,0.00073688984,0.00024137988,0.0007780158,6.750074e-06,4.4289794e-05,0.0006659296,0.9969806
20180109-095254-2.jpg,8,8,0.06555719,0.0005742269,0.0014752472,0.002575452,0.00799777,0.0012779152,0.00022684617,0.0094151925,0.9109002
20180109-095302-2.jpg,8,8,0.115236305,0.0056898342,0.002292729,0.0039697527,0.007761599,0.0045524533,0.0010757339,0.08599073,0.7734309
20180109-095357-1.jpg,8,8,0.002985664,0.00026355343,8.15127e-05,0.00092099345,0.0002864741,0.00011965227,3.1802694e-05,0.0010926789,0.99421775
20180109-095412-2.jpg,8,8,0.066968635,0.0053224335,0.023296105,0.07454522,0.086151995,0.004761383,0.0022504535,0.058203228,0.6785006
20180109-095445-2.jpg,8,8,0.0059124734,0.002490769,0.04300705,0.0053899777,0.0058731013,0.0040599867,0.009874061,0.0068210624,0.9165715
20180109-095505-2.jpg,8,8,0.0011871264,0.00051553565,0.00021761762,0.07256208,0.0022107488,0.0006286013,0.0015482914,0.00092408014,0.9202059
20180109-095605-1.jpg,8,8,0.000721744,0.00017319062,0.00034193712,0.016978526,0.005771367,9.955394e-06,0.00015520785,0.002177257,0.9736708
20180109-095621-1.jpg,8,8,1.6178432e-05,8.453693e-06,0.00010420045,0.0003326401,8.784304e-05,1.2195238e-06,0.000100174,1.1776414e-05,0.9993375
20180109-095749-2.jpg,8,8,0.0027464684,0.0061809276,0.21476153,0.0037545213,0.0042914306,0.008951525,0.013506658,0.0006840323,0.7451229
20180109-095819-2.jpg,8,8,5.9178863e-05,5.7120822e-05,0.031057382,0.003883118,0.001793433,6.8067704e-05,0.00018991185,5.300956e-05,0.9628387
20180109-095820-2.jpg,8,2,0.0017878114,0.003353301,0.83263916,0.0061561586,0.011794291,0.0015954031,0.0030411743,0.0014776373,0.13815512
20180109-095830-2.jpg,8,8,0.0015829337,0.006354977,0.4614895,0.002293644,0.0014239401,0.015675215,0.011419154,0.0018902662,0.49787045
20180109-095906-1.jpg,8,8,0.017368114,0.00016386292,3.9098984e-05,0.0042223902,0.00026929716,0.0007274401,9.359414e-05,0.0016133563,0.9755028
20180109-095921-2.jpg,8,8,0.00097567745,0.0029026868,0.00839881,0.0009331727,0.0018190589,0.017371563,0.20896658,0.001274235,0.75735813
20180109-100000-2.jpg,8,8,0.000116671465,0.0002885301,0.001378639,0.022018733,0.0030439,0.00014639826,0.00010363901,0.00011151657,0.97279197
20180109-100010-2.jpg,8,8,0.0019474261,0.0045804842,0.0022946987,0.059416987,0.03229348,0.00031179236,0.00012718278,0.0045531117,0.894475
20180109-100113-1.jpg,8,8,0.0001539561,0.0001340108,5.5167775e-06,0.00031519504,0.00022132267,1.3010868e-05,0.00013195467,0.00022691976,0.998798
20180109-100225-2.jpg,8,8,0.0003057013,0.0029389379,0.028442297,0.0005364141,0.0005056303,0.0005505511,0.00385903,0.00048895256,0.9623724
20180109-100232-1.jpg,8,8,8.562905e-06,9.900708e-07,4.0749933e-07,7.815106e-06,7.2832363e-06,1.3995319e-07,8.493918e-06,2.767137e-06,0.9999635
20180109-100329-2.jpg,8,8,0.00012533946,8.204244e-05,0.005225908,0.0031237702,0.0029499035,3.4251036e-05,1.2162406e-05,0.00014804542,0.98829854
20180109-100338-2.jpg,8,8,0.06975446,0.021668062,0.06625312,0.011088989,0.004237806,0.004227154,0.023093112,0.0542472,0.7454301
20180109-100348-2.jpg,8,8,0.049086742,0.01105979,0.008163024,0.16351648,0.106301084,0.002102204,0.0003617197,0.041657653,0.6177513
20180109-100428-2.jpg,8,2,0.0007891568,0.00096840586,0.93534565,0.004582584,0.008537614,8.993183e-05,0.0007651875,0.0008561512,0.048065256
20180109-100526-1.jpg,8,8,0.0038677142,6.206472e-05,2.5314313e-05,0.0006023254,0.00022284023,4.0477553e-05,1.2472096e-05,0.00075458415,0.9944121
20180109-100555-1.jpg,8,8,2.9073142e-05,5.587145e-06,6.507487e-06,0.001055326,0.00047153054,3.606735e-07,5.465678e-06,3.7328697e-05,0.99838877
20180109-100617-1.jpg,8,8,5.521376e-05,3.3510228e-06,8.581194e-06,0.00025964752,3.870794e-05,6.1160868e-06,9.952808e-05,2.0921214e-05,0.999508
20180109-100740-2.jpg,8,8,6.1149067e-06,2.7927834e-05,2.3428508e-06,4.0284598e-05,7.726296e-06,2.2219162e-06,2.1641055e-05,7.341395e-06,0.99988437
20180109-100752-1.jpg,8,8,0.00014290378,0.00023193473,1.071942e-05,0.00024082439,7.292813e-05,9.677892e-06,7.686939e-05,0.00016442385,0.99904984
20180109-100843-1.jpg,8,8,5.0038063e-05,3.8336148e-05,2.305689e-05,1.3397504e-05,9.494511e-06,0.00060083746,0.03720591,4.4052606e-05,0.962015
20180109-101007-2.jpg,8,8,2.1185997e-05,0.00010943547,2.0589903e-05,0.0010336365,0.00027207058,0.00040633345,0.000902519,4.2970543e-05,0.99719137
20180109-101017-1.jpg,8,8,5.9722337e-05,9.381711e-05,8.350407e-06,1.5448419e-05,1.3683093e-05,0.00010097352,0.0076895286,5.321864e-05,0.9919652
20180109-101046-2.jpg,8,8,1.8937593e-05,0.00014592023,0.00012218911,2.3461449e-05,1.19465585e-05,4.4543245e-05,0.00070827716,1.2859541e-05,0.998912
20180109-101049-1.jpg,8,8,0.006359171,4.0637224e-05,2.36626e-05,0.00014585191,0.0006284767,0.00016435598,2.9868204e-05,0.0008759297,0.991732
20180109-101131-2.jpg,8,6,0.00076188706,0.012918323,0.00022027198,0.00019696137,0.00020855012,0.0042970083,0.64404595,0.0022724739,0.3350786
20180109-101155-1.jpg,8,8,0.00066687865,0.00068455515,0.0006288851,0.0008744096,0.0009325176,0.00017731467,0.028911352,0.0033640068,0.9637601
20180109-101208-2.jpg,8,8,9.479277e-05,0.00042290657,0.0001552655,4.5336605e-05,4.2488013e-05,0.0010245678,0.086878136,0.00020126162,0.91113526
20180109-101209-2.jpg,8,8,0.00048595195,0.00043438654,0.007313501,0.0010255523,0.003797324,0.00013967948,0.00032681916,0.0010838035,0.985393
20180109-101235-1.jpg,8,8,0.006710695,0.00042467128,0.00024207786,0.0016266666,0.002035286,0.00013173737,0.0010852322,0.0058352393,0.9819083
20180109-101329-1.jpg,8,8,2.7678481e-05,5.6644727e-05,0.000104498744,2.255255e-05,0.00011794251,7.630982e-06,0.0048619173,4.1472256e-05,0.9947596
20180109-101333-2.jpg,8,8,2.054113e-05,0.00016651674,0.00054776116,7.1665105e-05,3.0284025e-05,0.0005098594,0.018703936,3.1621526e-05,0.9799178
20180109-101342-2.jpg,8,8,2.3862298e-05,0.00013744645,3.2130327e-05,1.0404316e-05,8.400286e-06,0.0005289684,0.0042469003,3.319318e-05,0.9949787
20180109-101522-1.jpg,8,8,0.00018453905,4.1628255e-06,5.217934e-06,0.0002171782,0.00026639088,9.1386306e-07,1.598039e-05,2.7188975e-05,0.9992785
20180109-101525-2.jpg,8,8,0.00014521995,0.00034382395,0.0007256772,0.0018011035,0.0011434053,3.6783527e-05,0.000104864484,0.00019771265,0.99550134
20180109-101542-2.jpg,8,8,0.018178958,0.005915353,0.06865951,0.033522267,0.0423331,0.0032143937,0.00040815078,0.024694938,0.80307335
20180109-101549-1.jpg,8,8,0.010179842,0.0009094068,0.0008852553,0.018480042,0.0045378194,0.0011735446,0.004987729,0.005908462,0.95293796
20180109-102800-2.jpg,8,8,0.0030950923,0.0056856405,0.0020848294,0.041362695,0.0026371721,0.00077196467,0.00073142844,0.00284564,0.9407855
20180109-102825-2.jpg,8,2,0.0013792103,0.0073140524,0.5128989,0.0071809734,0.0018252141,0.025973713,0.007663782,0.0044255545,0.43133858
20180109-102917-1.jpg,8,8,0.0028511807,0.0005053289,0.035623237,0.008399874,0.012233382,0.00023092105,0.0026596056,0.0027720123,0.93472445
20180109-102924-2.jpg,8,2,0.00021400236,0.0004484598,0.72463936,0.002095384,0.0030167387,0.00026426066,0.003760163,0.00015124991,0.26541033
20180109-102925-2.jpg,8,8,0.00043995996,0.00035094502,0.051428027,0.001593099,0.00034971916,0.00047199958,9.525043e-05,0.0005548424,0.94471616
20180109-102940-2.jpg,8,8,0.0052544917,0.0018259813,0.048714753,0.016847238,0.009090271,0.0023500032,7.724935e-05,0.009063229,0.90677685
20180109-102947-1.jpg,8,8,8.4083316e-05,3.8646966e-05,6.0320585e-06,0.0008194029,0.000100749116,2.9651599e-06,1.8524102e-05,4.019699e-05,0.9988895
20180109-103020-2.jpg,8,8,0.008617716,0.0048637283,0.07934889,0.023346191,0.033420697,0.0006006788,0.00056012115,0.015550417,0.8336916
20180109-103036-2.jpg,8,8,0.00030174374,5.1002848e-05,9.7888726e-05,0.0023827013,0.002448494,4.2658617e-06,4.6175483e-06,0.0003033633,0.994406
20180109-103247-2.jpg,8,8,0.0012692702,0.003583463,0.4639968,0.0017838904,0.00050895714,0.029393708,0.026964465,0.00088549877,0.47161385
20180109-103257-2.jpg,8,2,0.0084139705,0.011437312,0.6227856,0.019194461,0.01001521,0.017312966,0.027742714,0.009390976,0.27370676
20180109-103331-2.jpg,8,8,0.00036649048,0.00043743025,0.12462337,0.0037423726,0.0012485792,0.002721092,0.003461842,0.0002178052,0.863181
20180109-103333-1.jpg,8,8,0.0027218084,0.00031759997,0.003628557,0.009409127,0.002099427,0.00023868901,4.957422e-05,0.003796955,0.97773826
20180109-103343-1.jpg,8,8,0.00023032911,1.4233204e-05,1.2190919e-05,0.0038577062,0.00017068845,8.87244e-06,1.5081363e-05,7.950099e-05,0.99561137
20180109-103404-1.jpg,8,8,0.020121248,0.006409624,0.0016215723,0.035913043,0.0041074026,0.002616346,0.19160841,0.05570212,0.68190026
20180109-103416-2.jpg,8,8,0.0018037143,0.0010433355,0.26744685,0.0028080712,0.0035212392,0.035652652,0.019788515,0.00055383606,0.66738176
20180109-103423-1.jpg,8,8,6.0291757e-05,4.223595e-05,0.0003836438,0.00021392007,7.331592e-05,4.8234947e-06,1.6997168e-05,3.580077e-05,0.9991689
20180109-103437-1.jpg,8,8,0.00048378797,5.5935e-05,7.462308e-05,0.001342618,0.0037006005,1.1875066e-05,2.4583547e-05,0.00028044343,0.9940256
20180109-103445-1.jpg,8,8,0.0002064788,3.6265035e-05,0.025643557,0.0024729713,0.004277182,5.575916e-06,0.00022920078,0.00021959274,0.96690917
20180109-103502-2.jpg,8,8,0.0010263025,0.006849795,0.1680257,0.0020668015,0.0013348704,0.16354291,0.016747475,0.00054154644,0.63986456
20180109-103511-2.jpg,8,8,0.002601219,0.0075689014,0.23238766,0.0010896135,0.0011643234,0.029317897,0.022633715,0.0028162524,0.70042026
20180109-103524-1.jpg,8,8,0.0009103448,0.00011019664,0.0015476849,0.0029979658,0.0023838992,2.9212431e-05,2.1113327e-05,0.00045142588,0.9915481
20180109-103607-2.jpg,8,8,0.0012368611,0.00015685614,0.12863128,0.007785461,0.010517977,0.0010376149,0.003137379,0.0007122394,0.84678423
20180109-103614-2.jpg,8,8,0.0059471,0.0055247447,0.047904424,0.032801,0.01762967,0.00229415,0.0071780025,0.0070254495,0.8736954
20180109-103722-2.jpg,8,8,0.0005178467,8.2352875e-05,0.0025094445,0.00041627258,0.00011424734,0.00028585695,0.00040730863,0.0003365529,0.9953302
20180109-103723-1.jpg,8,8,0.0010728776,0.00024695345,0.0019595337,0.0017187017,0.0020811588,0.0009881691,0.00023644918,0.00095428573,0.9907419
20180109-103734-1.jpg,8,8,0.009781572,0.002053784,0.17845617,0.024840461,0.05616621,0.00038407202,0.0008991136,0.033055685,0.6943629
20180109-103853-1.jpg,8,8,0.0020595253,5.130635e-05,0.00020998802,0.00041756206,0.0003436233,1.3388658e-05,2.332146e-05,0.0009633088,0.9959181
20180109-103928-2.jpg,8,8,0.0010355678,0.00038658793,0.0006944949,0.004228434,0.0021064105,0.00013892475,0.00086428033,0.0014052046,0.98914003
20180109-104116-2.jpg,8,8,0.001856511,0.0009066224,0.02353863,0.005571284,0.007285267,0.00048821888,0.0011968124,0.0022548675,0.9569018
20180109-104151-2.jpg,8,8,0.0021133772,0.00038112453,0.21800224,0.005900712,0.0042190286,0.0002895933,0.0004986664,0.0016152409,0.7669801
20180109-104202-1.jpg,8,8,0.005147888,0.0026175224,0.0021115225,0.022418864,0.010643127,0.000250841,6.237891e-05,0.0057000564,0.95104784
20180109-104228-2.jpg,8,8,0.0074809976,0.0044334177,0.0789996,0.0063437745,0.0123865465,0.0012469316,0.011526636,0.008866942,0.86871517
20180109-104231-1.jpg,8,8,2.5032621e-05,1.5777066e-05,7.2360854e-06,0.000103055776,2.9842979e-05,6.783297e-06,8.663545e-07,3.7296875e-06,0.9998078
20180109-104251-1.jpg,8,8,5.1061408e-05,5.4435153e-05,0.0020503928,0.0022107558,0.003035522,0.00015198889,0.00056549994,9.843612e-05,0.99178183
20180109-104318-1.jpg,8,8,0.0003775836,0.00026097396,3.614438e-05,0.12022152,0.00084947486,3.475368e-05,3.9247192e-05,0.0003662211,0.8778142
20180109-104342-2.jpg,8,8,0.00074169104,4.642054e-05,0.00080347725,0.00017537418,1.894845e-05,0.0012107946,0.0017384221,0.00021412893,0.9950507
20180109-104345-1.jpg,8,8,7.554602e-06,4.114054e-06,2.8741373e-05,0.00069619564,0.00014027084,3.5690636e-07,3.428898e-06,4.492718e-06,0.9991148
20180109-104351-2.jpg,8,8,0.0021421192,0.00078417687,0.011951457,0.025140366,0.0065651597,0.00010997644,0.00048076344,0.0015199137,0.95130605
20180109-104402-1.jpg,8,8,0.00013501973,2.7303267e-05,0.012355918,0.0005810641,0.00040247675,1.885564e-05,3.989417e-05,0.0001521391,0.9862874
20180109-104408-2.jpg,8,8,0.009301717,0.002098204,0.0006302151,0.32042912,0.058690187,0.00041762932,0.00026673247,0.021698814,0.5864674
20180109-104423-1.jpg,8,8,0.0006899903,6.5097316e-05,2.7271768e-05,0.045803424,0.0026157661,1.3984294e-05,2.1010497e-05,0.00033106757,0.9504324
20180109-104433-1.jpg,8,8,0.0119435275,0.004063935,0.017028196,0.010209165,0.016908497,0.0016368087,0.005445848,0.013956635,0.9188073
20180109-104513-2.jpg,8,8,0.0007100661,0.00013420009,0.01867767,0.0038461844,0.0031260746,5.874919e-05,0.0007379532,0.00026506349,0.9724442
20180109-104520-1.jpg,8,8,0.0006762258,0.0009087815,0.00060412457,0.0028549703,0.0018791927,0.00030520812,9.7200464e-05,0.0017422449,0.990932
20180109-104616-2.jpg,8,8,0.0016275919,0.00017670065,0.012559922,0.008227428,0.008289117,0.00027089228,0.0007398103,0.0015415014,0.9665671
20180109-104623-2.jpg,8,8,0.00031087943,0.00011771475,0.0010209514,0.009289461,0.0035150289,0.0005733981,0.00041227607,0.0002744331,0.98448586
20180109-104645-2.jpg,8,8,0.008602618,0.00077560503,0.0005400671,0.00054142805,0.0006697825,0.0039668414,0.0003537914,0.0036315233,0.9809183
20180109-104647-1.jpg,8,8,0.0005328893,0.0001672436,0.014369355,0.0014050492,0.00029791432,0.00011932055,0.000120730176,0.00097098877,0.9820164
20180109-104802-1.jpg,8,8,0.045681473,0.008807749,0.081305824,0.047253214,0.0159311,0.010770161,0.0014151608,0.047549076,0.7412863
20180109-105126-2.jpg,8,8,0.022210874,0.0017217932,0.22718795,0.010822945,0.07057348,0.0009715226,0.0014598094,0.03164162,0.63341
20180109-105430-1.jpg,8,8,0.00045520248,0.00016535642,1.688309e-05,0.00081992184,9.5753e-05,0.0014233764,0.00034959617,0.00014141471,0.99653244
20180109-105441-1.jpg,8,8,0.0028160647,0.0006086201,0.0058535533,0.0054468317,0.0014673307,0.0020452715,0.005453433,0.0038205711,0.9724884
20180109-105500-1.jpg,8,8,0.007932699,0.00089324615,1.898298e-05,0.0013059858,0.00011470367,0.00017947899,0.00010198316,0.01018,0.97927284
20180109-105705-2.jpg,8,8,0.008432151,0.005292923,0.19481401,0.04055233,0.012464502,0.009627458,0.03107014,0.0088961385,0.68885034
20180109-105731-2.jpg,8,8,0.00016006401,9.313515e-05,0.009881046,0.0018081075,0.00046230355,0.0010609683,0.0068436726,3.35005e-05,0.9796571
20180109-105756-2.jpg,8,8,0.01075584,0.0031308068,0.0005416309,0.002396029,0.000685686,0.14485306,0.011478236,0.0030414877,0.8231172
20180109-105803-1.jpg,8,8,0.001073939,0.00028028362,7.5006756e-05,0.0019090429,2.7865715e-05,0.00041492976,0.00010092742,0.0003604347,0.9957575
20180109-105824-1.jpg,8,8,0.00011485855,5.7934394e-05,0.024579884,0.0004827839,0.0008822125,5.8777798e-05,0.0017750163,5.4517262e-05,0.97199404
20180109-105842-1.jpg,8,8,0.0005937364,0.00017083903,0.0050440216,0.004601595,0.0011598943,5.8082496e-05,0.0002518587,0.00037562088,0.9877444
20180109-105847-2.jpg,8,8,0.00053449674,0.0001761464,0.0011738564,0.0009012182,0.0009580143,0.00046920168,0.0018085653,0.0002724454,0.99370605
20180109-110013-2.jpg,8,8,0.0004191117,0.00022819775,0.0022188576,0.0062399306,0.0035426281,0.0012699139,0.009820778,0.00042569087,0.97583485
20180109-110111-2.jpg,8,8,0.0070020943,0.0007745797,0.0066933455,0.060799446,0.01866234,0.0003719598,0.00029571148,0.019932069,0.8854685
20180109-110120-2.jpg,8,8,0.0005172659,6.0754235e-05,0.00067807315,0.008235348,0.003780762,1.9824547e-05,0.00013203407,0.0010153818,0.9855605
20180109-110142-1.jpg,8,8,0.005376196,0.0020426319,0.0029331823,0.01428806,0.0015070747,0.00015850402,0.0005408968,0.004786328,0.9683671
20180109-110155-1.jpg,8,8,0.000782315,0.00013600288,0.00079136185,0.0015942857,0.0010063351,0.00021672949,0.00062359567,0.00031844288,0.99453086
20180112-070129-2.jpg,8,8,0.08848449,0.09343814,0.0054889913,0.090141214,0.09981158,0.019894548,0.0045910906,0.17844613,0.41970387
20180112-070149-2.jpg,8,8,0.0063862386,0.00010781352,2.1583111e-05,0.00090514903,0.006108439,1.3936353e-05,2.2874783e-06,0.002242146,0.98421246
20180112-070302-2.jpg,8,8,0.08170311,0.010307898,0.008821498,0.025396168,0.026213996,0.031126743,0.0034802647,0.14117192,0.6717785
20180112-070412-2.jpg,8,8,0.021550516,0.0021634996,0.00084309326,0.012507358,0.032463413,0.00037240994,0.00054661575,0.026205061,0.9033481
20180112-070545-2.jpg,8,8,0.007297934,0.0010866108,0.00037006746,0.0009533285,0.00057383784,0.0015817547,0.0017086446,0.002408021,0.98401976
20180112-070631-2.jpg,8,8,0.0020935186,0.0004282026,0.00028895683,0.015750593,0.032156065,5.56383e-05,0.0006472779,0.0025870386,0.94599265
20180112-070658-2.jpg,8,4,0.0064422023,0.0005853624,0.00903415,0.020419518,0.55059135,0.00014019352,0.00083147,0.014892637,0.39706314
20180112-070742-2.jpg,8,8,0.001577794,6.935977e-05,0.00048939255,0.00073804014,0.014171338,0.0026722269,0.00045395977,0.00022141257,0.97960645
20180112-070805-2.jpg,8,4,0.0590342,0.007865846,0.025691519,0.022422008,0.48432025,0.05796744,0.009428583,0.05421019,0.27905995
20180112-070944-2.jpg,8,4,0.0026770807,0.00017497376,0.06720854,0.00409015,0.50151676,0.00052366196,0.005523902,0.0043158364,0.41396907
20180112-071008-2.jpg,8,4,0.007928229,0.00047012887,0.0035170487,0.023834156,0.7815295,0.0076130778,0.00054921984,0.0029277604,0.17163081
20180112-071307-2.jpg,8,8,0.043705665,0.004452753,0.014240267,0.091940515,0.24748003,0.0052540577,0.0013991966,0.037617564,0.5539099
20180112-071336-2.jpg,8,8,0.014383531,0.0026849424,0.014492863,0.01767898,0.15644394,0.0010190557,0.0031662253,0.014052197,0.7760782
20180112-071355-2.jpg,8,8,0.025542673,0.00023421196,0.003896912,0.013504433,0.15483315,0.0006139851,0.00013421023,0.015209063,0.78603137
20180112-071404-2.jpg,8,8,0.0028299543,8.995235e-05,0.00011291142,0.020021966,0.012938386,1.2181589e-05,5.461664e-05,0.001966637,0.96197337
20180112-071420-2.jpg,8,8,0.0022630608,5.2426945e-05,0.00015632312,0.0435474,0.17775267,3.4888588e-05,1.940256e-05,0.0011764489,0.7749975
20180112-071421-2.jpg,8,8,0.0010575681,0.00022147207,0.001265657,0.010158465,0.032470964,3.3090208e-05,0.00091200334,0.0016934555,0.9521873
20180112-071634-2.jpg,8,8,0.110028535,0.030917307,0.0058131246,0.010825279,0.03547749,0.011018886,0.0129031595,0.22739932,0.5556169
20180112-071700-2.jpg,8,8,0.040466,0.044111814,0.0031616702,0.017625865,0.021704258,0.0036867769,0.0040544085,0.15271619,0.712473
20180112-071740-1.jpg,8,8,0.0050625876,0.0016401479,0.0009804768,0.0025074247,0.0017972377,0.0007988111,0.0001689107,0.0079153115,0.9791291
20180112-071827-2.jpg,8,4,0.0025583375,0.0008684662,0.012299377,0.0052474006,0.81260395,0.00026181337,0.0011802464,0.0070932657,0.15788713
20180112-071846-1.jpg,8,8,0.0011998146,0.0005824313,0.0016116935,0.001092723,0.0038666753,7.6851466e-05,0.00277138,0.0010051412,0.9877934
20180112-071911-2.jpg,8,8,0.009075263,0.003044929,0.0056436174,0.042032406,0.09371759,0.00067541684,0.0040662754,0.013429956,0.8283146
20180112-071913-2.jpg,8,4,0.029865794,0.0010519035,0.0013314792,0.033929996,0.7926645,0.0004064292,7.652917e-05,0.025562698,0.11511061
20180112-071938-1.jpg,8,8,0.00084581657,0.002044465,0.15352422,0.0014947699,0.0024920483,0.00027341113,0.025873225,0.0005793982,0.8128726
20180112-071949-1.jpg,8,8,0.003935546,0.0008686019,0.0011254563,0.0002358106,0.0005566755,0.0002367173,0.001554929,0.004253597,0.9872327
20180112-071959-1.jpg,8,8,0.014438252,0.0024579882,0.001855683,0.009784711,0.01895679,0.0020090942,0.002296396,0.014027171,0.934174
20180112-072021-2.jpg,8,8,0.050114017,0.027554018,0.016027179,0.017603662,0.11912981,0.017236477,0.013210807,0.08741653,0.6517074
20180112-072148-2.jpg,8,8,0.04012806,0.005149618,0.009598931,0.020490756,0.13782877,0.00044796712,0.002434828,0.027347943,0.7565732
20180112-072203-1.jpg,8,8,0.027135842,0.06792475,0.0009565129,0.004024269,0.0017212373,0.0112918215,0.005703315,0.109742336,0.7715
20180112-072238-1.jpg,8,8,0.0038273202,0.0065251207,0.33097368,0.0084386105,0.017330896,0.0008051299,0.021195747,0.006974826,0.6039287
20180112-072402-1.jpg,8,8,9.189919e-05,1.5789426e-05,7.652035e-06,3.03895e-05,0.00018959433,8.529162e-06,0.00042374615,0.00011165667,0.99912065
20180112-072412-2.jpg,8,8,0.1564317,0.12896362,0.0005903711,0.008613097,0.0026597339,0.0010601834,0.0018558516,0.16054474,0.5392808
20180112-072500-1.jpg,8,3,0.012743949,0.001111521,0.00058498594,0.7948756,0.06400206,9.345125e-05,6.433116e-05,0.017751051,0.108772986
20180112-072511-1.jpg,8,8,0.0055122743,0.012301741,0.0042699515,0.009747361,0.012583847,0.002206382,0.0027291863,0.022910446,0.92773885
20180112-072541-2.jpg,8,7,0.062784955,0.047523607,0.00246912,0.01063401,0.07001739,0.0008569872,0.0031390397,0.4174285,0.38514644
20180112-072547-1.jpg,8,8,0.040403403,0.008525878,0.0012963141,0.0075696013,0.0058225864,0.0064839507,0.0007240855,0.07528365,0.85389066
20180112-072559-2.jpg,8,8,0.049311742,0.0026450732,0.0030479236,0.0035299575,0.006045309,0.0003166893,0.0003337287,0.0983133,0.83645624
20180112-072608-2.jpg,8,8,0.17263478,0.019693071,0.02232044,0.013208901,0.025940636,0.0018508795,0.004356274,0.071654916,0.66834015
20180112-072618-2.jpg,8,8,0.019395411,0.00015776126,0.000163991,0.0011541559,0.0009987903,0.0002314005,8.3875035e-05,0.0036540516,0.9741606
20180112-072647-2.jpg,8,8,0.033222783,0.0044338917,0.006372784,0.0073965243,0.0043546474,0.454668,0.0013033237,0.020563021,0.467685
20180112-072742-1.jpg,8,8,0.00044877338,0.0002338587,7.381065e-06,7.224513e-05,4.4983713e-05,5.3830394e-05,0.0002903972,0.00041470767,0.9984339
20180112-072806-1.jpg,8,8,0.0022747067,0.0042299516,4.2083644e-05,0.00048440773,0.0009959944,0.00010850323,0.0030422313,0.0037470972,0.985075
20180112-072919-1.jpg,8,8,0.07821908,0.09834939,8.443039e-05,0.0004053807,0.00010173494,0.016459342,0.0013945412,0.25501138,0.5499747
20180112-073045-1.jpg,8,8,0.00080921187,0.0001908148,6.281229e-05,0.00022833708,0.0040189936,2.8143682e-05,0.0015210044,0.0037142327,0.9894265
20180112-073106-1.jpg,8,8,0.00620934,0.0009648599,5.3017143e-06,3.4386067e-05,1.9279823e-05,0.0002847992,7.9880956e-05,0.0010320854,0.9913701
20180112-073139-1.jpg,8,8,3.3994995e-05,7.4419346e-05,0.0006362265,0.0003032826,0.00065878965,5.6359445e-06,0.0007953401,2.0309291e-05,0.997472
20180112-073147-2.jpg,8,8,0.0045714644,0.000294446,3.0777137e-05,0.037978724,0.018277023,1.8237843e-05,4.4436223e-05,0.004266624,0.9345183
20180112-073200-1.jpg,8,8,0.0021272826,0.07866637,0.003602075,0.0016904513,0.0012612365,0.0029551056,0.045126013,0.0039145453,0.86065686
20180112-073212-1.jpg,8,8,0.07650448,0.017690327,3.6933903e-05,0.005560311,0.0009711944,0.00040163947,0.0002045997,0.39890435,0.4997262
20180112-073214-2.jpg,8,8,0.0010878855,0.00056736596,0.002822188,0.0053761075,0.013556332,4.6280235e-05,0.0012257104,0.0047951466,0.9705229
20180112-073233-2.jpg,8,8,0.0008640463,0.00012672444,0.00039480734,0.007226996,0.010219392,0.00013325695,0.0004892598,0.0006876192,0.97985786
20180112-073258-1.jpg,8,8,0.00011865729,8.8880626e-07,3.423627e-08,2.2350298e-06,1.0182569e-06,1.330495e-06,1.6856288e-06,6.4485203e-06,0.9998677
20180112-073312-1.jpg,8,8,0.002973105,3.2957294e-05,7.990633e-06,0.00045032654,0.00022345035,4.3503012e-05,3.264423e-05,0.0011986002,0.99503726
20180112-073335-1.jpg,8,8,0.00048770115,5.772986e-05,9.899905e-06,0.00033470144,0.0001420109,3.3332137e-05,7.36207e-05,0.00077497296,0.998086
20180112-073426-1.jpg,8,8,0.00737815,0.007246099,0.0016200707,0.011803436,0.047215905,9.769903e-05,0.0012645347,0.04241441,0.8809596
20180112-073452-2.jpg,8,8,0.0013094733,0.0024459271,0.11411988,0.0028685075,0.006777436,0.008571925,0.014393813,0.0022887473,0.8472244
20180112-073501-1.jpg,8,8,0.001449856,0.0027438516,0.0022311273,0.0011144481,0.00047694004,0.0020482976,0.02893861,0.0010352783,0.9599616
20180112-073511-2.jpg,8,2,0.0048064347,0.003831468,0.7661545,0.0057185646,0.0061695953,0.0046383454,0.017144358,0.0031045727,0.18843219
20180112-073607-1.jpg,8,8,0.024802709,0.0021441681,0.0043449085,0.0021081255,0.002109978,0.0020841614,0.0006432787,0.030358037,0.9314047
20180112-073712-1.jpg,8,8,0.013659464,0.00023872835,0.0014343862,0.00044999286,0.00072268763,0.00015234933,5.813188e-05,0.0125349825,0.9707493
20180112-073746-1.jpg,8,7,0.060944095,0.122414894,0.0004544553,0.0029756918,0.001221984,0.009250063,0.061347462,0.403036,0.33835533
20180112-073804-1.jpg,8,8,0.002351918,0.00038247003,0.0007172805,0.005600428,0.0074384306,8.3437175e-05,0.0015108053,0.0043905666,0.97752464
20180112-074059-1.jpg,8,8,0.019311795,0.015926216,0.0007866996,0.0014386895,0.0009679902,0.0015406267,0.0021641906,0.058342177,0.8995216
20180112-074109-1.jpg,8,8,0.0029476087,0.001499797,8.582773e-05,0.0009306477,0.001596394,0.00045992195,0.004800424,0.0033199063,0.98435956
20180112-074135-1.jpg,8,8,0.17408857,0.027027035,0.00026817806,0.0005673657,0.00036723964,0.020200644,0.033537216,0.11348266,0.6304611
20180112-074345-1.jpg,8,8,0.0008222375,6.800689e-05,2.273488e-05,0.003851466,0.004538318,9.85282e-06,5.519554e-05,0.001460305,0.9891719
20180112-074411-1.jpg,8,8,0.07230848,0.014969238,0.0023314252,0.0018123473,0.00081390445,0.01044037,0.0061528496,0.018221995,0.87294936
20180112-074444-2.jpg,8,8,0.022238642,0.0020886704,0.0043066754,0.0011312948,0.0039369976,0.0011068666,0.0002134741,0.01450187,0.9504755
20180112-074454-2.jpg,8,8,0.042148285,0.0007928541,7.277848e-05,0.0006599693,0.0038709245,0.00022718355,1.3738983e-05,0.013478962,0.9387353
20180112-074508-1.jpg,8,8,0.0009031435,0.0010487624,0.020071073,0.0025923513,0.0069589377,0.0012888095,0.03602816,0.00087102194,0.93023777
20180112-074519-1.jpg,8,8,0.0016914686,0.00033828564,0.00051227957,0.0049163997,0.0055018943,9.096562e-05,0.00029976678,0.0013426378,0.98530614
20180112-074533-1.jpg,8,8,0.021637648,0.012303015,0.00016360071,0.0043197796,0.00027056155,0.0029086692,0.0024112382,0.02586976,0.93011576
20180112-074615-2.jpg,8,8,0.14896484,0.0010040852,0.006129076,0.014006552,0.031410806,0.011737763,0.0014198732,0.021618789,0.76370823
20180112-074759-1.jpg,8,8,0.0014150622,0.001014997,7.2198214e-05,0.0007706988,0.0009779179,0.0002867024,0.0017217923,0.002836753,0.9909039
20180112-074810-1.jpg,8,8,0.0076632807,0.0009329196,0.00015154266,0.0037224882,0.003435484,0.00053292536,0.00077872304,0.0039521595,0.9788305
20180112-074838-2.jpg,8,8,0.0010657111,1.0066633e-06,2.1414324e-05,0.0007123511,0.0028789863,6.9752305e-06,8.035549e-06,0.00014714587,0.9951585
20180112-074953-2.jpg,8,8,0.010131154,0.0005648314,3.260725e-05,0.00029446895,0.0012697441,6.8473484e-05,2.0849304e-05,0.002777186,0.9848408
20180112-075002-2.jpg,8,8,0.014387921,0.0046481155,0.000115766685,0.002224192,0.0011238564,0.0001588077,0.00013963168,0.056650147,0.92055166
20180112-075118-2.jpg,8,8,0.06069337,0.004854726,0.04328768,0.08351971,0.057424814,0.0017561513,0.0019274437,0.039849736,0.7066864
20180112-075148-2.jpg,8,8,0.018901836,0.0017266995,0.00034214207,0.0021059238,0.0059033493,0.000369475,0.00038749387,0.017260525,0.9530027
20180112-075315-2.jpg,8,8,0.0005145215,0.000119071534,0.0028523162,0.004018484,0.0045842994,5.147448e-05,0.00029448123,0.00069842814,0.9868667
20180112-075443-2.jpg,8,8,0.014490691,0.0027423298,0.001142735,0.08674989,0.06813546,0.00026451706,0.0009340003,0.03345515,0.79208523
20180112-075634-2.jpg,8,8,0.038885906,0.0018245023,0.020801883,0.17719764,0.12027757,0.00095232786,0.00012932817,0.057164304,0.58276653
20180112-080040-2.jpg,8,8,0.05610777,0.0030037311,0.02188996,0.0050261687,0.055147026,0.0007809299,0.001159064,0.12638637,0.73049897
20180112-080109-2.jpg,8,8,0.04636072,0.0103924405,0.0047311913,0.0051154895,0.011032078,0.0066043846,0.0014499527,0.0575508,0.85676295
20180112-080326-1.jpg,8,8,0.08597833,0.017670458,0.0062805563,0.040942278,0.026014894,0.010914168,0.007825031,0.047164768,0.75720954
20180112-080408-1.jpg,8,8,0.0016056045,0.00085733074,7.2448365e-06,0.00025052318,0.000113513815,0.0006053877,9.3974515e-05,0.0035208364,0.9929456
20180112-080527-1.jpg,8,1,0.013132916,0.28352252,0.0028588795,0.0020595673,0.001433607,0.0026543478,0.21616228,0.24962728,0.22854866
20180112-080550-1.jpg,8,8,0.018682463,0.019985253,8.895251e-05,0.0013072497,0.00033766363,0.0011493961,0.001000679,0.019597564,0.9378509
20180112-080638-1.jpg,8,8,0.057478767,0.03775598,0.00049228035,0.0021697665,0.007151501,0.008021219,0.00030834865,0.2690479,0.6175743
20180112-080709-2.jpg,8,8,0.16900884,0.00955097,0.038367625,0.039511383,0.10973298,0.0026449882,0.003568387,0.09701484,0.5306001
20180112-080711-2.jpg,8,8,0.010277846,0.00024167247,0.0016727229,0.002219695,0.0026009136,0.00014154245,0.00049036526,0.002539858,0.97981536
20180112-080753-1.jpg,8,8,0.012016844,0.0096933525,0.013674524,0.010333128,0.10621709,0.00063138106,0.0027033,0.06041071,0.7843197
20180112-080802-1.jpg,8,8,0.0012641321,0.00014534572,0.0004918964,5.2036532e-05,0.00032065553,0.000116884396,0.00010782776,0.0052189133,0.9922822
20180112-080853-2.jpg,8,8,0.044371843,0.0005650774,0.0013048813,0.0015992542,0.0039289594,0.0005639584,2.3593151e-05,0.017989973,0.9296525
20180112-080901-1.jpg,8,8,0.0077367923,0.0011332637,7.4986424e-06,0.00012941852,3.1875046e-05,0.00031252136,1.4680256e-05,0.014595794,0.97603816
20180112-080913-1.jpg,8,8,0.00040894613,9.269608e-06,1.1602481e-05,0.00020285873,0.00037002488,1.5847032e-06,1.4278216e-06,0.00022806368,0.9987663
20180112-080923-1.jpg,8,8,0.0055392636,8.1133316e-05,3.999969e-05,9.769323e-05,0.00040992114,0.00014939831,0.00012394522,0.00088310975,0.9926756
20180112-081013-1.jpg,8,8,0.0002872575,2.976454e-05,3.2408827e-06,4.4514545e-05,6.012e-05,3.4828067e-06,7.031036e-06,7.4881296e-05,0.99948967
20180112-081035-1.jpg,8,8,5.240224e-05,3.719229e-05,6.253797e-05,0.00064673304,0.0002921586,3.0834428e-05,0.00027096045,1.5376625e-05,0.99859184
20180112-081040-2.jpg,8,8,0.0013754203,0.0001328281,0.01001059,0.005774332,0.0696724,0.00010348789,0.0015112036,0.001903981,0.90951574
20180112-081052-2.jpg,8,8,0.00097511563,0.00025960698,0.011057087,0.007980166,0.04323734,0.00018960533,0.0045611444,0.0028388973,0.928901
20180112-081057-1.jpg,8,8,0.00073123485,0.0020443383,0.0031583265,0.0051955176,0.0018383954,0.0016844373,0.008225267,0.0006327076,0.9764897
20180112-081104-2.jpg,8,8,0.0023949612,0.0002418601,0.005061973,0.017036127,0.36903843,4.2616164e-05,0.0007254402,0.002539692,0.6029189
20180112-081113-2.jpg,8,8,0.011923392,0.0011196947,0.028842147,0.025972925,0.05754974,0.00053569186,0.003299367,0.014900629,0.8558565
20180112-081125-2.jpg,8,8,0.014030767,0.0013505067,0.034383055,0.05629845,0.23161174,0.0007622578,0.006733753,0.019063717,0.63576573
20180112-081158-2.jpg,8,8,0.00029518735,8.491688e-05,0.00073781546,0.0009583527,0.0060726325,9.362146e-05,0.00017863189,0.00014896032,0.99142987
20180112-081306-1.jpg,8,8,2.0664802e-05,2.073873e-06,5.254089e-07,4.678716e-05,2.325131e-05,5.705196e-07,3.6113322e-06,9.140065e-06,0.9998934
20180112-081330-1.jpg,8,8,9.5320924e-05,0.00010865187,5.6399516e-05,0.0006672295,0.0007033638,6.773366e-05,0.0010245113,5.6950874e-05,0.9972197
20180112-081347-2.jpg,8,8,0.0010172257,5.1678685e-06,1.3393044e-05,0.00030935922,0.00045995112,9.075101e-06,3.4735654e-06,0.0006362779,0.997546
20180112-081429-1.jpg,8,8,0.005173117,0.00018652913,0.000113416834,0.00015668488,0.00025918748,0.0004661877,0.00018986611,0.0007614661,0.99269354
20180112-081438-2.jpg,8,8,0.0013532605,1.0305798e-05,0.00025604572,0.00862641,0.000993643,3.1833708e-05,5.043085e-05,0.00025163344,0.98842645
20180112-081439-1.jpg,8,8,0.00010866038,1.2141465e-05,0.00044496448,0.00012071182,8.049028e-05,1.4974546e-05,2.3865738e-05,5.239881e-05,0.9991418
20180112-081509-1.jpg,8,8,0.0019428682,9.346134e-05,1.2101643e-05,0.0006184453,0.00013771927,6.229585e-05,2.1540822e-05,0.00029088432,0.9968207
20180112-081557-2.jpg,8,8,0.039165743,0.0022925048,0.026044408,0.012446974,0.10300538,0.00055708847,0.0021769055,0.019865308,0.79444563
20180112-081605-1.jpg,8,8,0.0001072091,2.5360894e-06,2.9491569e-06,8.3609266e-05,0.0001391892,1.1438248e-06,5.9330805e-06,2.6829051e-05,0.99963045
20180112-081607-2.jpg,8,4,0.15101139,0.005690267,0.027869286,0.019197052,0.43677312,0.0010929632,0.0040290644,0.0562878,0.29804903
20180112-081641-1.jpg,8,8,0.0005245849,8.331239e-05,8.927942e-05,0.0004291649,0.00033574173,4.4205375e-05,8.557708e-05,0.0004331144,0.99797505
20180112-081813-1.jpg,8,8,0.06958172,0.0009752637,2.9156103e-05,0.00063033996,0.00014047975,0.0072039077,5.7497058e-05,0.0071533327,0.9142283
20180112-081826-1.jpg,8,8,0.0038262764,0.003950603,6.9117945e-05,0.0024261917,0.0002829215,0.005909564,0.0019764567,0.0043311645,0.97722775
20180112-081919-2.jpg,8,8,0.002663807,0.00012887183,0.002825873,0.008249957,0.04722649,9.282547e-05,0.0019183554,0.0007910734,0.9361028
20180112-081931-1.jpg,8,8,0.0052047353,0.015908087,0.11527959,0.012544525,0.009018149,0.046361633,0.12189969,0.002072459,0.6717112
20180112-081952-1.jpg,8,8,0.005468179,0.0013139328,0.00046418063,0.0010490248,0.0006602788,0.0018285224,0.00036552,0.0041080513,0.9847423
20180112-082015-1.jpg,8,8,0.007919426,0.0022026747,4.5699555e-05,0.0024740587,0.013029213,0.00011152438,0.00019553755,0.01464554,0.95937634
20180112-082059-2.jpg,8,8,0.0032290902,0.0005201154,0.016835101,0.013016516,0.03286629,0.0014576882,0.0027004848,0.0009391149,0.9284356
20180112-082107-1.jpg,8,8,0.0009704882,0.00013794687,8.084274e-05,0.0011623789,0.0020107937,5.5969163e-06,0.00024879907,0.0023061724,0.9930769
20180112-082127-2.jpg,8,8,0.007846276,0.0006413408,0.015615668,0.021947764,0.23053354,0.0010697381,0.0017437141,0.005932047,0.7146699
20180112-082327-1.jpg,8,8,0.0019072238,0.0006148408,1.2646818e-05,0.00016970091,0.00010346597,0.00012444331,2.0627582e-05,0.004704367,0.99234265
20180112-082405-1.jpg,8,8,0.0028988277,0.0011310923,7.758118e-06,0.00067658036,8.4578714e-05,0.00017713511,0.00019542758,0.0017789727,0.99304974
20180112-082611-1.jpg,8,8,0.0070134173,0.0005985758,2.2712737e-05,0.00051571504,0.0005154277,0.00017525627,3.7054913e-05,0.0059883622,0.9851334
20180112-082739-1.jpg,8,8,0.016284285,0.00037312493,2.2845503e-05,0.0022656827,0.0009108485,8.144849e-05,2.9109453e-05,0.0035638192,0.9764689
20180112-082823-1.jpg,8,8,0.02475887,0.008172999,0.00069822517,0.0048540514,0.0065028975,0.0009588367,0.0010034646,0.019360688,0.9336899
20180112-082951-1.jpg,8,8,0.004812483,0.0008819054,0.00011539531,0.008364684,0.0017302203,0.0004333381,8.383075e-05,0.003193247,0.9803847
20180112-083015-1.jpg,8,8,0.0017504771,0.00025308988,1.4351459e-05,0.008988159,0.0011574251,7.094687e-05,0.00010058544,0.0025936852,0.9850713
20180112-083043-1.jpg,8,8,0.0021551093,0.00020477941,3.922147e-05,0.00019180165,4.2917058e-05,0.0075371503,0.00020485304,0.0003051894,0.9893189
20180112-083153-1.jpg,8,8,0.0072397958,0.00018292505,0.0003723278,0.00028961655,0.0007691773,0.00023537553,6.5113745e-05,0.003820553,0.98702514
20180112-083203-1.jpg,8,8,0.00034028204,3.1460935e-05,2.7992559e-05,0.00020081678,8.9300855e-05,8.927236e-06,3.9441744e-05,0.00019761066,0.99906415
20180112-083213-1.jpg,8,8,0.014488019,0.00036400612,1.3443877e-05,8.6314525e-05,0.00018045888,0.00015048038,1.4198061e-05,0.0036399902,0.9810632
20180112-083317-1.jpg,8,8,0.008619135,0.007310593,0.050536547,0.0051361737,0.008268269,0.0024914977,0.0051795067,0.0033272759,0.9091311
20180112-083452-1.jpg,8,8,0.0032781202,0.00033221132,0.019011436,0.0013652826,0.0036192534,4.5145873e-05,0.00010403706,0.005706842,0.9665376
20180112-083613-1.jpg,8,8,0.02058676,0.006101969,3.7884987e-05,0.006626598,0.0010489371,6.3259686e-05,0.00032004277,0.05030126,0.91491324
20180112-083633-1.jpg,8,8,0.016387358,0.00080518523,5.8146918e-05,0.00014696957,0.00014696791,0.00014221894,4.5481967e-05,0.009435747,0.9728319
20180112-083728-1.jpg,8,8,0.0034609786,0.00010746988,8.111328e-06,0.00013013756,6.126627e-05,0.00011051965,6.376856e-06,0.0033065837,0.9928086
20180112-091133-2.jpg,8,8,0.0032554122,8.004056e-05,0.000107401705,0.0007016066,0.0007886356,4.2999724e-05,3.930006e-05,0.0010860136,0.99389863
20180112-091209-2.jpg,8,8,0.012047737,1.0084619e-05,1.8174069e-05,1.0873864e-05,4.3002292e-05,0.00011202257,7.404021e-07,0.0021080358,0.9856493
20180112-091235-2.jpg,8,8,0.016630456,0.00013548891,0.00010244392,0.0005250165,0.00029767948,0.001274847,1.5631493e-05,0.0039538518,0.97706455
20180112-091449-2.jpg,8,8,0.0062608966,9.173445e-05,8.586865e-05,0.00238518,0.0007067901,0.00055055314,6.631328e-05,0.0012248863,0.98862785
20180112-091516-2.jpg,8,8,0.029902473,0.0020441564,0.00010256695,0.055916768,0.0018149954,6.86071e-05,2.9270046e-05,0.0071470984,0.9029741
20180112-091602-1.jpg,8,8,0.0004276543,3.628806e-05,0.00025564258,0.00041562054,0.0021775984,1.070283e-05,1.5760554e-05,0.00045086324,0.99620986
20180112-091651-1.jpg,8,8,0.033022612,0.010872177,0.00032186505,0.002845393,0.0028000001,0.0015597595,0.0004906967,0.062837675,0.88524973
20180112-091719-2.jpg,8,8,0.0073084156,3.2817752e-05,2.7745225e-05,5.872174e-05,0.00022468327,0.0016437295,5.0203926e-06,0.0016286594,0.98907006
20180112-091744-1.jpg,8,8,0.046352405,0.0041990546,6.747942e-06,9.421664e-05,0.00025072496,0.0016663532,0.0004203318,0.058794677,0.8882155
20180112-091750-2.jpg,8,8,0.0021086198,0.00035258825,4.152126e-06,0.00011922436,1.5959742e-05,0.0002861836,7.702395e-05,0.0037564572,0.99327976
20180112-091927-2.jpg,8,8,0.01020173,2.3320797e-05,1.5979844e-05,0.00019423355,0.00015720408,8.219398e-06,1.7216344e-06,0.0015424482,0.98785526
20180112-092142-2.jpg,8,8,0.082319535,0.00010154489,0.0028815565,0.00022546749,0.011947193,0.0011117148,0.00029854669,0.010726301,0.8903881
20180112-092143-1.jpg,8,8,0.012265379,6.754726e-05,6.826896e-07,3.3159657e-05,4.823846e-05,0.00015109933,1.2146556e-06,0.005121445,0.98231125
20180112-092211-2.jpg,8,8,0.10756273,0.0006151588,0.0038753704,0.027656017,0.09002924,0.0024816683,0.0005692591,0.045821585,0.72138894
20180112-092320-1.jpg,8,8,0.00507008,0.0009170972,8.198687e-05,0.0016198265,0.0005590883,0.00014793682,1.5600042e-05,0.008244981,0.98334354
20180112-092429-2.jpg,8,8,0.056556728,0.00045312473,0.0003357406,0.00038043634,0.0012877214,0.003912762,0.000286595,0.008233746,0.92855316
20180112-092459-2.jpg,8,8,0.024456011,0.00020854271,0.004044825,0.0013767063,0.005341484,0.0027448232,0.0003088823,0.0027083808,0.9588104
20180112-092613-2.jpg,8,8,0.05519131,0.0013470066,0.17206785,0.0061717206,0.045381818,0.016160008,0.011522767,0.008581829,0.6835757
20180112-092647-1.jpg,8,8,0.0030110974,1.2387482e-05,1.6609222e-06,1.5386462e-05,2.9397961e-05,5.2196792e-05,4.096816e-07,0.0002932559,0.9965843
20180112-092705-2.jpg,8,8,0.0010248107,1.0432561e-06,1.7427188e-06,2.7453825e-05,1.2296062e-05,6.0819064e-05,3.197798e-07,0.00014202674,0.9987295
20180112-092803-1.jpg,8,8,0.0012034187,3.892901e-05,0.00095503614,0.00031662665,0.00247175,2.7918775e-05,6.0062233e-05,0.00068899,0.99423707
20180112-092854-1.jpg,8,8,0.017383678,0.023931546,0.00080160337,0.0016450656,0.0014492574,0.0006035947,0.058066383,0.093052,0.80306685
20180112-092918-2.jpg,8,8,0.0010801111,4.374871e-07,3.0528708e-09,5.843777e-07,3.7240224e-07,1.962555e-05,1.0682026e-07,2.1547996e-05,0.9988772
20180112-093034-1.jpg,8,8,0.0051199654,0.017993497,0.0006280994,0.0025743183,0.010516966,9.0592075e-05,0.000926584,0.063936375,0.89821357
20180112-093043-2.jpg,8,8,0.025370562,0.00013009708,8.210113e-05,0.001991742,0.00053517777,0.00059770443,0.000120023404,0.004067886,0.9671047
20180112-093133-1.jpg,8,8,0.0028938437,0.008978776,5.982132e-06,0.0065171467,0.0007898723,0.0003281205,0.0027333414,0.0047754957,0.97297734
20180112-093157-1.jpg,8,8,3.0501807e-05,0.00061121484,5.3794492e-06,0.00023724594,7.7576995e-05,2.5532493e-06,0.0003446313,5.0402963e-05,0.9986405
20180112-093223-1.jpg,8,8,0.003064311,5.5620378e-05,4.96386e-05,6.6071494e-05,0.00011070889,0.00090172066,2.192631e-05,0.0019420391,0.99378794
20180112-093228-2.jpg,8,8,0.14022687,0.03296499,0.010808903,0.027612727,0.010192847,0.0021770976,0.027514085,0.096683316,0.65181917
20180112-093241-2.jpg,8,8,0.028943155,0.00051430624,0.005086604,0.006732078,0.049489956,0.0011455129,0.00041508782,0.009886887,0.8977864
20180112-093250-2.jpg,8,0,0.4529695,0.012500689,0.00031661504,0.0027681426,0.000765412,0.0009750151,0.0018146195,0.07980415,0.44808587
20180112-093306-1.jpg,8,8,0.0004220675,2.845864e-05,4.1138182e-06,6.373786e-05,1.3722501e-05,2.3267727e-05,2.3232295e-05,0.00013790939,0.9992835
20180112-093313-2.jpg,8,8,0.0045514214,1.4003543e-05,6.0095153e-06,5.076923e-05,1.4680375e-05,0.00029388035,1.6828308e-05,0.0001597611,0.9948926
20180112-093511-1.jpg,8,8,0.025659826,0.0039858804,0.00010711039,0.00039724103,0.00036310253,0.0008945181,0.022933537,0.020731756,0.924927
20180112-093521-1.jpg,8,8,0.00034341187,0.00010873086,0.00018661439,4.598662e-05,0.0004326939,1.25202705e-05,0.00039929204,0.00016912734,0.9983016
20180112-093532-1.jpg,8,8,0.0033137184,0.014360215,7.8421675e-05,0.0023303838,0.0012878552,0.00015634553,0.020272775,0.02854888,0.9296514
20180112-093539-2.jpg,8,8,0.00032070055,9.88237e-06,3.5897442e-06,6.798342e-05,1.7211307e-05,0.0023586187,0.00025914438,0.00012009433,0.99684274
20180112-093646-1.jpg,8,8,0.000112779475,5.886285e-06,5.155597e-07,1.9121793e-05,1.0854221e-05,0.00068317243,2.8207563e-05,3.8132595e-05,0.9991014
20180112-093704-2.jpg,8,8,0.00011581649,2.3628722e-06,3.2374206e-07,1.0366846e-05,1.8534814e-06,2.3228222e-05,5.9877326e-05,0.00011359946,0.99967253
20180112-093710-1.jpg,8,8,0.0022710662,0.00055138883,0.001762854,0.0018182761,0.002338142,0.0001106852,0.0020952013,0.0029815459,0.9860708
20180112-093754-1.jpg,8,8,0.0023035805,0.010291438,0.00048799132,0.0011765365,0.0006769108,0.00015451811,0.31899184,0.0039344556,0.66198266
20180112-093823-2.jpg,8,8,0.013193194,0.03602623,0.00044997904,0.008483169,0.0011967195,0.0032610334,0.06001494,0.10459612,0.7727786
20180112-093841-2.jpg,8,8,0.00031129897,0.00086063374,3.8282683e-06,2.8976447e-05,6.731538e-06,0.00018565106,0.013012209,0.0006221661,0.9849686
20180112-093856-2.jpg,8,8,0.0006277343,0.0021168,0.000124737,0.00042717718,0.00043548743,0.00029602848,0.059769645,0.0015769165,0.9346255
20180112-094012-1.jpg,8,8,3.7439233e-05,3.7616012e-06,1.3865414e-07,5.783301e-06,6.91186e-07,4.6368823e-05,5.228269e-05,5.4224456e-05,0.9997993
20180112-094022-1.jpg,8,8,0.0015470249,0.00060097786,4.8464804e-05,6.371472e-05,0.00015366738,0.00077753776,0.019067712,0.025373783,0.9523671
20180112-094122-2.jpg,8,8,0.0008621828,3.3071527e-05,4.5895717e-06,7.2353025e-05,2.327847e-05,4.711335e-05,0.00010708432,0.00047274705,0.99837756
20180112-094123-2.jpg,8,8,0.0013594041,2.5448157e-05,0.0002283536,0.00013478928,0.0009145258,0.00013966301,0.00026173005,0.0005956991,0.9963405
20180112-094240-2.jpg,8,8,0.031023595,0.011248973,0.014234769,0.027329007,0.029293098,0.0024692502,0.0049337065,0.051334754,0.8281328
20180112-094259-2.jpg,8,8,0.0072312793,0.0097811455,0.0006078796,0.080321535,0.008383668,0.001206672,0.0072444426,0.011132133,0.8740912
20180112-094316-1.jpg,8,8,0.011926079,0.00026262933,1.2535564e-06,3.381894e-05,5.051298e-06,0.00041698516,8.354138e-06,0.005320116,0.9820258
20180112-094430-1.jpg,8,8,5.1349443e-06,1.2007552e-06,3.1000284e-06,3.4799218e-06,2.2694885e-05,1.6855107e-06,0.0035574029,5.7498555e-06,0.9963995
20180112-094441-2.jpg,8,7,0.10438073,0.027131056,0.0009239679,0.0117610255,0.0029898572,0.012354046,0.01043511,0.48659173,0.3434325
20180112-094522-2.jpg,8,1,0.0026586002,0.49217403,0.00020067122,0.0052638524,0.00044457705,0.0006405476,0.020175274,0.0057139155,0.47272858
20180112-094541-1.jpg,8,8,0.00028683126,9.265898e-06,0.00011175543,4.4897402e-05,0.0008648241,1.9820973e-05,0.0024053368,8.019743e-05,0.9961771
20180112-094652-2.jpg,8,8,0.01186566,0.0038205464,0.0011028013,0.01852243,0.016902082,0.0010290926,0.0017607234,0.017051363,0.92794544
20180112-094802-1.jpg,8,8,0.00012796813,8.514286e-05,0.00023831449,0.0006028049,0.0012002581,1.6074475e-05,0.0005484682,0.00036628012,0.99681467
20180112-094830-2.jpg,8,8,0.044896144,0.06156661,0.000121952675,0.0009864295,0.00031590572,0.0011608966,0.044799253,0.018549189,0.82760364
20180112-094910-2.jpg,8,8,0.0005927046,1.9274945e-05,3.719418e-06,2.2655753e-05,1.7810129e-05,0.0007344666,0.0021637813,0.0002756529,0.99617
20180112-095026-2.jpg,8,8,0.051321317,4.0631006e-05,0.0070248353,0.0009124917,0.010354576,0.0007606376,0.00014815349,0.0088854125,0.92055196
20180112-095053-2.jpg,8,8,0.008174159,0.0018653207,7.23727e-05,0.0009535462,0.00017701637,0.00878755,0.013009353,0.035866126,0.9310946
20180112-100544-1.jpg,8,8,0.0028971687,0.00019428783,3.912961e-06,8.443983e-05,2.525859e-05,0.00020088846,5.1644216e-05,0.00042817436,0.99611413
20180112-100555-2.jpg,8,8,0.0010844938,3.295336e-05,2.4651266e-05,8.093337e-05,4.4178465e-05,1.5429472e-05,6.238849e-07,0.00010994107,0.99860686
20180112-100603-2.jpg,8,8,0.0021237102,0.00016777875,5.2779127e-05,0.0004898276,0.00087968115,0.00025223542,6.052623e-05,0.0011982936,0.9947752
20180112-100624-1.jpg,8,8,0.00020873499,4.778465e-06,8.8998786e-05,7.395429e-06,3.6044596e-05,2.2441767e-05,0.0004462451,3.8274324e-05,0.99914706
20180112-100649-2.jpg,8,8,0.17213799,0.022846542,0.00042993136,0.0012323962,0.0032855684,0.0022830882,0.0006718386,0.054088145,0.7430245
20180112-100745-2.jpg,8,8,0.00074661133,2.4332337e-05,2.0289812e-05,8.240037e-05,3.1237232e-05,9.0263544e-05,1.6019518e-05,1.8756224e-05,0.99897015
20180112-100850-2.jpg,8,8,0.00023711346,0.0016725799,7.270804e-05,0.00010968611,3.1230444e-05,0.0007828757,0.037047666,0.00016449168,0.9598816
20180112-100938-1.jpg,8,6,0.0011379265,0.007874969,8.0141006e-05,3.2717773e-05,3.806166e-05,0.0005570666,0.79305226,0.0022729803,0.19495384
20180112-100939-2.jpg,8,8,0.0006205264,2.628267e-06,2.7064925e-07,7.829215e-06,9.374285e-06,3.674907e-06,4.0735023e-07,1.101237e-05,0.99934417
20180112-100952-2.jpg,8,8,0.00018010617,4.1326775e-06,2.508815e-06,4.437827e-06,2.0775612e-06,4.930064e-05,1.5662376e-06,1.6849823e-05,0.9997391
20180112-101035-2.jpg,8,1,0.009390103,0.6312137,0.0010060553,0.004936994,0.00041728452,0.0014038673,0.20214209,0.021280792,0.12820913
20180112-101223-2.jpg,8,8,0.019591983,0.17054085,0.0052321176,0.013645371,0.0020777518,0.00670178,0.015023314,0.13338554,0.6338012
20180112-101305-2.jpg,8,6,0.060171522,0.008789229,0.0016354491,0.005893021,0.0014004682,0.00086974964,0.4658359,0.093390845,0.36201382
20180112-101316-2.jpg,8,8,0.0026797683,0.00030347408,0.00021136121,0.0011840182,0.00086283335,0.00067118776,0.0070069763,0.0012143156,0.98586607
20180112-101322-1.jpg,8,8,0.022266423,0.040168673,6.816376e-05,0.0038461694,0.0007216821,0.0012904942,0.00954024,0.011150103,0.91094804
20180112-101334-1.jpg,8,8,0.0068953717,0.00027081667,0.00026151232,0.0012305459,0.0018007485,9.303448e-05,3.685396e-05,0.0037235075,0.9856877
20180112-101411-1.jpg,8,8,0.0086629875,0.04805765,1.7082446e-05,0.0040509086,0.00045618854,0.01629298,0.0019181937,0.018260451,0.90228355
20180112-101437-1.jpg,8,8,0.0070431805,0.3731614,0.00075256184,0.0071632694,0.007949953,0.0007937748,0.107331544,0.10558621,0.39021814
20180112-101525-2.jpg,8,8,0.002286135,6.5209955e-05,1.3765342e-05,0.00014889357,0.00010858302,0.00012099318,0.00029459878,0.0019172688,0.9950446
20180112-101551-1.jpg,8,8,0.0011874526,0.00019902756,1.3028977e-06,2.9901446e-05,2.703596e-06,0.00028509597,0.00071770186,0.00043292556,0.9971438
20180112-101632-1.jpg,8,8,0.0027814407,0.0022781072,7.114039e-05,0.0003119122,5.333477e-05,0.03514633,0.06294848,0.013305785,0.8831034
20180112-101636-2.jpg,8,8,0.00014392268,4.801924e-07,2.4046273e-07,4.14052e-05,4.234764e-06,1.2722084e-05,4.956135e-07,1.776043e-05,0.9997787
20180112-101736-1.jpg,8,8,0.0038023724,0.007978643,3.9262988e-05,0.0016626725,0.00017785189,0.11781573,0.13780478,0.081436895,0.6492818
20180112-101743-2.jpg,8,8,0.00038144356,5.945573e-07,6.624343e-08,4.0585082e-06,1.992176e-06,5.842903e-06,9.7025136e-08,4.3992197e-05,0.99956197
20180112-101842-1.jpg,8,8,0.0011780013,0.0006797771,1.271645e-05,0.0002963703,7.276559e-05,0.00021383651,0.00047447518,0.000300314,0.99677175
20180112-102236-1.jpg,8,8,0.00010383695,8.671034e-06,4.2699035e-06,4.7711434e-05,1.9451454e-05,0.0005378738,0.000104562576,0.00023847005,0.99893516
20180112-102258-2.jpg,8,8,0.0029122077,0.0014930287,0.0012607352,0.00051863823,0.0006197294,0.000388743,0.09000298,0.0029872453,0.89981675
20180112-102259-2.jpg,8,8,0.002884206,0.003413086,0.0020631477,0.00019328539,0.0004019154,0.000952131,0.10204441,0.007039927,0.88100785
20180112-102338-1.jpg,8,8,6.907782e-05,0.00031175168,4.5936165e-05,0.000496798,0.0008343516,5.0648177e-05,0.004811086,0.00031555287,0.9930648
20180112-102419-2.jpg,8,8,0.00062515045,0.0009334607,0.003072691,0.00024819287,0.0007145736,0.00022704586,0.039518364,0.00045984046,0.9542007
20180112-102500-2.jpg,8,8,0.0002657117,0.00024632388,3.4064946e-05,3.0252055e-05,5.8351692e-05,0.00036212718,0.019788489,0.00059473165,0.97862
20180112-102519-1.jpg,8,8,1.13077285e-05,9.6122654e-05,0.0029080505,6.5048057e-06,2.2411245e-05,2.2200295e-06,0.00064948236,2.1983367e-05,0.9962819
20180112-102540-1.jpg,8,8,0.003835629,0.0368626,0.0002479078,0.00043283,0.0003549013,0.00030187514,0.13451478,0.029097961,0.79435164
20180112-102723-2.jpg,8,8,0.08964554,0.015906787,0.00028836256,0.005788498,0.0012198453,0.008088983,0.0015302183,0.07243913,0.8050926
20180112-102828-2.jpg,8,8,6.96712e-05,2.5786438e-05,6.416481e-06,2.720639e-05,9.6074355e-06,2.6855034e-05,0.0016525795,1.1663642e-05,0.99817014
20180112-102908-2.jpg,8,8,0.00021908189,0.00013609332,0.0012249615,8.180483e-05,0.0006979028,0.0001749467,0.008339602,0.0001532618,0.98897237
20180112-102916-1.jpg,8,8,0.0035356265,7.3623596e-05,4.2101918e-05,0.0011103688,0.0014509906,0.00016795633,1.539709e-05,0.00046640346,0.9931375
20180112-102917-2.jpg,8,8,0.017776646,0.027372092,0.014416316,0.03557125,0.007934598,0.0030444192,0.17709064,0.019818738,0.69697523
20180112-103044-1.jpg,8,8,0.0028868641,0.00078658736,0.00016796515,0.0008483833,0.0024512326,0.00016704135,0.0002541835,0.0023501015,0.9900877
20180112-103053-1.jpg,8,8,0.0016034951,0.00046574295,4.75638e-05,0.0003903262,0.00030637666,0.00014961498,0.0005794661,0.00045187396,0.9960056
20180112-103123-1.jpg,8,8,0.0022104676,0.00043401387,3.5782214e-05,0.001751939,0.00038152008,0.0001577798,6.223145e-05,0.0014772305,0.993489
20180112-103132-1.jpg,8,8,0.0032842753,6.630146e-05,6.9954567e-06,0.00018108748,7.6248354e-05,0.00019852298,2.276022e-05,0.0007982011,0.9953655
20180112-103136-2.jpg,8,8,0.0011655618,0.0035274373,0.3630455,0.0011332502,0.005572672,0.0012697387,0.042123083,0.00094983476,0.58121294
20180112-103220-1.jpg,8,8,0.03834526,0.008777019,0.033945564,0.014679409,0.033503886,0.004296484,0.049129847,0.08543963,0.73188287
20180112-103228-2.jpg,8,8,0.0001142734,0.0004405743,0.0020733315,8.910067e-05,3.779818e-05,0.0012879983,0.014356975,0.00013626156,0.98146373
20180112-103239-2.jpg,8,8,7.3996074e-05,0.00016411659,0.0007500718,6.474476e-05,0.0001107394,0.0006197793,0.005869139,7.571422e-05,0.9922718
20180112-103345-2.jpg,8,8,0.00014520448,0.00034854247,0.0012249065,8.685245e-05,7.371016e-05,0.00023528769,0.005779439,7.982428e-05,0.99202627
20180112-103541-2.jpg,8,8,0.0015090666,0.0015026444,0.008710048,0.0002326328,0.0006410958,0.0005143932,0.016470497,0.0020792454,0.9683403
20180112-103542-2.jpg,8,8,9.129983e-06,7.0818246e-06,0.00014996907,1.5142728e-05,5.4382428e-05,4.0736904e-06,0.0009831265,4.615889e-06,0.9987723
20180112-103640-1.jpg,8,8,0.1062268,0.005153165,0.008655892,0.007835276,0.014252024,0.00916235,0.007554669,0.21031973,0.63084006
20180112-103709-1.jpg,8,8,0.000987293,0.00012555362,2.2225015e-06,0.00011640906,1.2258068e-05,0.00033984834,7.289015e-05,0.00020251688,0.99814105
20180112-103925-2.jpg,8,8,0.0005744909,6.626013e-05,1.7175813e-05,0.00014721103,6.4433785e-05,0.00028703938,0.00011734741,0.0004190814,0.9983071
20180112-104257-2.jpg,8,8,0.017625619,0.00022290018,0.0016348315,0.004681944,0.06767092,0.0018058817,0.00017224473,0.006601019,0.89958453
20180119-104336-1.jpg,8,8,0.0013013347,0.0016497363,0.00049841794,0.01626315,0.008715519,0.0018387684,0.009909238,0.003088581,0.95673525
20180119-104440-1.jpg,8,8,0.014912639,0.07179101,0.0028391802,0.0025909424,0.0053576427,0.00015375945,0.022541143,0.04452016,0.8352936
20180119-104711-2.jpg,8,8,0.00040752525,0.0001804241,0.0010374208,0.0006597324,0.0016892911,1.6575092e-05,7.145374e-05,0.0022150225,0.9937225
20180119-104724-1.jpg,8,8,0.0036129418,0.020236013,0.05305776,0.004296299,0.011088616,0.00011169281,0.096959464,0.029722128,0.7809152
20180119-104748-2.jpg,8,8,0.0025282672,0.0018159128,0.012066067,0.01247111,0.008682407,0.00041663833,0.013577873,0.018120045,0.93032163
20180119-104803-2.jpg,8,8,0.00027351148,0.00066145865,0.0044157947,0.0007706603,0.004896508,1.1626771e-05,0.0009129583,0.000801042,0.9872564
20180119-104839-1.jpg,8,8,0.00081654516,0.0013481408,0.0023343796,0.001603299,0.016238794,1.6578146e-05,0.00013004315,0.009827079,0.9676853
20180119-104845-2.jpg,8,8,0.00053756183,0.0018560058,0.00040334905,0.0022552984,0.00025015822,9.243954e-05,0.0005304073,0.0015994643,0.99247533
20180119-104920-2.jpg,8,8,0.0014184401,0.003948236,0.0001650668,0.0039377036,0.0014052894,4.665599e-05,0.0023840573,0.0067249085,0.9799697
20180119-105020-1.jpg,8,8,0.00014602991,0.0009657296,5.062375e-06,0.00039254106,2.9439174e-05,6.146861e-05,3.6372014e-05,0.0004485168,0.99791485
20180119-105157-2.jpg,8,8,0.004534621,0.0008949774,0.0014503888,0.0036401725,0.0041455207,0.00020948066,0.0007406435,0.012328118,0.972056
20180119-105220-1.jpg,8,8,4.7184152e-05,9.8446246e-05,4.1910157e-06,9.176159e-06,1.8561488e-05,9.8482815e-06,0.0027666339,5.695382e-05,0.99698895
20180119-105259-1.jpg,8,8,1.3501064e-05,0.00014658655,4.8400075e-06,0.0006679363,4.3648273e-05,0.001159688,0.00047074855,1.3479373e-05,0.9974795
20180119-105309-1.jpg,8,8,0.0005296373,5.4367378e-05,1.8300467e-05,6.833678e-06,2.1432194e-05,2.00462e-05,0.00024383292,2.4707624e-05,0.9990808
20180119-105336-1.jpg,8,8,0.00075157004,0.0036028053,4.2018746e-05,0.0005459111,0.00031380486,0.0031703084,0.008152958,0.0013605391,0.9820601
20180119-105357-1.jpg,8,8,0.00024466132,0.0036866087,2.1036503e-06,0.0005680913,2.7494545e-05,0.011988625,0.01660435,0.0014178094,0.9654601
20180119-105410-2.jpg,8,8,0.0008357954,0.0005257577,0.1913061,0.0023919067,0.011927436,9.888709e-05,0.00505421,0.0013946014,0.7864653
20180119-105416-1.jpg,8,8,2.0830521e-05,6.580836e-05,1.4707179e-05,0.000105044186,0.00027501152,1.1611159e-05,0.00035732382,1.7481936e-05,0.9991321
20180119-105426-1.jpg,8,8,6.660918e-06,0.00022008279,1.6626712e-08,4.2563595e-05,3.3945614e-06,7.6457916e-05,9.41098e-05,9.559614e-06,0.9995472
20180119-105746-1.jpg,8,8,0.0013772661,0.029529972,0.0040532197,0.0009547384,0.00028590614,0.0019699633,0.24309151,0.0028992658,0.71583813
20180119-105825-2.jpg,8,8,0.014654514,0.06321691,0.004945434,0.009607394,0.07052979,0.0016638,0.0043423786,0.017140634,0.8138991
20180119-105834-1.jpg,8,8,1.4610713e-05,2.4189458e-05,9.37606e-05,0.00027305898,0.00019748216,9.260972e-06,0.00085869024,1.8181903e-05,0.99851066
20180119-105929-2.jpg,8,8,0.00010705107,7.647277e-05,0.022795245,0.00011669582,0.0008447074,1.374629e-05,0.0012498155,8.792028e-05,0.97470844
20180119-105952-2.jpg,8,8,0.013055118,0.06766805,0.027207404,0.010045065,0.017467037,0.0019770637,0.072113715,0.07475816,0.7157085
20180119-110000-2.jpg,8,8,0.0026971255,0.0017952926,0.0058184154,0.005362535,0.0634671,0.0004374155,0.0010475693,0.0009482612,0.91842616
20180119-110042-1.jpg,8,8,0.018826393,0.11290699,0.000656965,0.003303248,0.0022036864,0.00056152506,0.16622357,0.07104849,0.6242691
20180119-110058-2.jpg,8,8,0.0014513995,0.0039697452,6.4733176e-05,0.014163739,0.0027554967,0.00018133793,0.0005421511,0.013690788,0.96318054
20180119-110105-1.jpg,8,8,3.049837e-05,0.0002734713,7.8364765e-06,0.00029982318,7.469291e-05,5.062578e-06,0.00012956352,8.524862e-05,0.9990938
20180119-110108-2.jpg,8,8,0.012731772,0.04182244,0.022650326,0.05942521,0.008098084,0.02953513,0.009760821,0.02871903,0.78725725
20180119-110115-1.jpg,8,8,7.134965e-05,0.00010963617,0.00396058,0.0001163608,0.0014333508,1.9947693e-05,0.0033030638,0.00013123709,0.9908545
20180119-110124-1.jpg,8,8,0.0013186977,0.0012649528,0.00021412833,0.0013475502,0.0037859862,0.00011177792,0.0014178094,0.0011318508,0.98940736
20180119-110143-1.jpg,8,8,0.0011180264,0.008480418,0.00023685882,0.005280657,0.0011215719,0.0017210644,0.03385957,0.008792047,0.93938977
20180119-110152-1.jpg,8,8,0.001829557,0.005528289,8.511537e-05,0.0030480784,0.001392722,2.584837e-05,3.9518163e-05,0.0017821671,0.9862687
20180119-110227-1.jpg,8,8,0.00049495726,0.0012569135,0.0029875273,0.00082245475,0.0008391135,0.00011785289,0.006972631,0.0005044769,0.98600405
20180119-110236-1.jpg,8,8,0.012736321,0.018830178,0.01617775,0.030989384,0.0179888,0.006262572,0.067061365,0.05774238,0.77221125
20180119-110337-1.jpg,8,8,0.0009651718,0.0284931,0.0001159717,0.00038747443,6.650149e-05,0.00023208334,0.22002906,0.0029591233,0.74675155
20180119-110347-1.jpg,8,8,0.00014822162,9.9148296e-05,0.0001305402,7.450295e-05,0.00033563928,1.7493805e-05,0.0025446664,0.00019006984,0.99645966
20180119-110348-2.jpg,8,8,0.010117481,0.036154944,0.014019904,0.09612244,0.08514598,0.0007083739,0.007970553,0.047231346,0.70252895
20180119-110445-1.jpg,8,8,0.0007039037,0.0011869487,3.2057883e-06,0.0006875853,0.00010673428,0.00085031136,0.0017308856,0.0039042693,0.9908262
20180119-110455-2.jpg,8,8,0.03553094,0.093681276,0.022254199,0.06299595,0.100743346,0.012618571,0.03131229,0.14514078,0.4957227
20180119-110456-2.jpg,8,8,0.01127113,0.0025405476,0.00073270523,0.003866146,0.0032226846,0.0006720213,0.0028003412,0.03173789,0.9431565
20180119-110526-2.jpg,8,8,0.0006947886,0.0029334186,0.17992797,0.012302757,0.011901921,0.0017308161,0.0065799486,0.00042988203,0.7834986
20180119-110540-1.jpg,8,8,0.002358869,0.09664538,0.0012699653,0.0012065707,0.00057701697,0.00012820865,0.23625597,0.0058024605,0.6557556
20180119-110559-2.jpg,8,8,0.010345754,0.015061829,0.011691144,0.010716247,0.004017286,0.015591477,0.0075702267,0.016540574,0.90846545
20180119-110612-1.jpg,8,8,0.00048483102,0.00043709163,0.00015963212,0.007266199,0.0065929126,3.4428445e-05,0.00016082723,0.0032224471,0.98164165
20180119-110622-1.jpg,8,8,0.0012178767,0.006286691,0.0034468991,0.007286078,0.0084308665,0.00066860334,0.027061515,0.003487537,0.9421138
20180119-110709-1.jpg,8,8,0.00016072526,7.893777e-05,1.4122803e-05,0.0025056212,0.0006701122,0.0004139867,0.00011025668,0.0007414714,0.9953047
20180119-110729-1.jpg,8,8,0.0008343561,0.024455894,0.00014895953,0.0012824659,0.0010710071,0.0020471371,0.008570023,0.011581028,0.9500092
20180119-110900-2.jpg,8,8,0.00019334034,0.0027585477,0.0002943419,0.0036878842,0.000810055,8.05013e-05,0.0010152264,0.00030642198,0.99085367
20180119-110901-2.jpg,8,8,0.0011874544,0.0071857753,0.0007422765,0.0088019455,0.0069774096,0.0005490859,0.0022170735,0.0017647829,0.9705743
20180119-111006-2.jpg,8,8,0.019489156,0.041258264,0.00047514876,0.016560532,0.0054298765,0.001055719,0.0010662979,0.04931752,0.86534745
20180119-111113-1.jpg,8,8,0.0016992737,0.16344328,0.000107673775,0.00077441474,0.0002522014,0.00040202707,0.37687245,0.007284968,0.44916373
20180119-111123-2.jpg,8,8,0.0029008246,0.00032480244,6.924537e-05,0.0008523042,0.0006784429,6.576384e-05,7.75013e-05,0.0023818144,0.9926494
20180119-111132-1.jpg,8,8,0.00017736187,0.005970316,1.2115595e-05,0.00010034123,2.608126e-05,5.33606e-05,0.0031874105,0.0008510224,0.9896221
20180119-111225-2.jpg,8,8,0.00022965836,0.00017839561,0.0009249585,7.9673046e-05,0.0006109022,5.56481e-06,0.0010307131,0.00027344198,0.9966667
20180119-111227-1.jpg,8,8,4.5344917e-05,0.00011479547,4.947728e-05,0.00015621596,0.00026708495,1.5774355e-06,8.298395e-05,7.32064e-05,0.9992093
20180119-111243-2.jpg,8,8,0.0008527891,0.00064768497,0.067186534,0.0005950155,0.0030194724,0.00043432368,0.0071696807,0.0018870112,0.91820765
20180119-111316-2.jpg,8,8,0.0010184798,0.017105196,0.00025208734,0.006481206,0.009908177,4.5680586e-05,0.0025773374,0.003641151,0.9589707
20180119-111351-2.jpg,8,8,0.0002924151,0.0018022233,0.0002563211,0.0010509023,0.00015672778,0.0017171067,0.0006317232,0.0003401485,0.99375254
20180119-112837-2.jpg,8,8,0.019295143,0.06604778,0.010137895,0.050414957,0.03401732,0.0022196004,0.002120881,0.15991373,0.65583265
20180119-113010-1.jpg,8,8,0.0007165347,0.012872674,0.00017305124,0.0055250926,0.00042562245,0.010784162,0.09918467,0.003898017,0.86642027
20180119-113100-1.jpg,8,8,0.00036864975,0.0019681158,0.037684694,0.00040425285,0.00069262786,3.9289574e-05,0.018277071,0.0006092126,0.93995607
20180119-113105-2.jpg,8,8,0.0035532084,0.0010854308,0.009436635,0.0076617817,0.025766129,0.00023136973,0.0011664323,0.009965494,0.9411336
20180119-113106-2.jpg,8,8,0.0029415695,0.0023140712,0.0039778263,0.00866478,0.015890379,6.740676e-05,0.00023529808,0.010619738,0.95528895
20180119-113141-1.jpg,8,8,0.0030222808,0.0023828514,5.2688625e-05,0.0014780154,0.00054459163,0.012964659,0.00091321045,0.0029403518,0.97570145
20180119-113158-1.jpg,8,8,0.004421393,0.002856745,0.00030874816,0.0014029559,0.0002583277,0.005601188,0.001983324,0.052404087,0.93076324
20180119-113201-2.jpg,8,8,0.00030380517,0.0004153138,0.00012082298,0.024329083,0.0014935593,3.9667764e-05,3.546533e-05,0.00032373372,0.97293854
20180119-113224-2.jpg,8,8,0.00043921763,0.0012206199,0.0001410566,0.0028226434,0.000518757,0.00038379268,0.0032902046,9.974102e-05,0.991084
20180119-113249-1.jpg,8,8,0.0037964082,0.020209698,0.00039820862,0.016556613,0.0013506672,0.003369989,0.00452942,0.016809171,0.9329799
20180119-113326-2.jpg,8,8,0.00065382617,0.0023342634,9.167219e-05,0.0028397313,0.0017756389,7.858671e-05,0.00043800808,0.0027284333,0.9890599
20180119-113346-1.jpg,8,8,0.0032034144,0.1264289,0.00021433926,0.039386358,0.001005103,0.0015952033,0.0075009107,0.01595693,0.8047088
20180119-113418-2.jpg,8,8,0.0007087282,0.00039828857,2.4147977e-05,0.0023434348,0.0032222783,2.3721192e-05,1.4910986e-05,0.0003644374,0.9929
20180119-113517-2.jpg,8,8,0.0006700153,0.0014793196,2.9970538e-06,0.0030388453,0.0001777229,0.0013408883,2.4941235e-05,0.00044024904,0.99282503
20180119-113625-1.jpg,8,8,0.0022365965,0.002930558,0.00029512195,0.0025030067,0.005088442,0.00012496406,0.0004993812,0.0015225379,0.98479927
20180119-113715-2.jpg,8,8,0.002931063,0.0042666527,0.0005931165,0.0058846627,0.003995498,0.002878501,0.0010474835,0.01258131,0.96582174
20180119-113724-2.jpg,8,8,0.0013817177,0.0076230024,1.4286825e-05,0.0011017837,0.00010990741,0.00032326818,0.00038440333,0.00078837294,0.9882733
20180119-113736-2.jpg,8,8,0.003811627,0.0043031764,4.9839444e-05,0.013378187,0.00043592852,0.00044954236,0.00030749693,0.0025497945,0.97471434
20180119-113742-1.jpg,8,8,0.005533385,0.17190896,0.0008138949,0.008087628,0.0037319215,0.00075797795,0.0206092,0.027503517,0.7610535
20180119-113746-2.jpg,8,8,0.0006560482,0.011648874,8.261749e-05,0.005656827,0.0016790237,0.00076624507,0.0008265631,0.0009999258,0.9776839
20180119-113819-2.jpg,8,8,0.0034881514,0.06945594,8.97174e-05,0.011139285,0.00028001965,0.06585743,0.0012436057,0.0077560465,0.8406898
20180119-113829-1.jpg,8,8,0.00035171618,0.0012010587,0.0002979675,0.0026507375,0.00050808786,7.779569e-05,0.014609741,0.0013430286,0.97895974
20180119-113900-2.jpg,8,8,0.015296126,0.17918761,0.0011578149,0.027529791,0.0022976564,0.0028339804,0.005846724,0.030532954,0.73531735
20180119-113908-2.jpg,8,8,0.0028692754,0.017364861,0.00022591683,0.026438676,0.0008588216,0.06439725,0.026098667,0.009641481,0.85210496
20180119-113909-1.jpg,8,6,0.0021105448,0.18773918,0.014062853,0.0064384066,0.0012509616,0.0015554174,0.50811577,0.006604387,0.27212244
20180119-113936-1.jpg,8,8,0.005028767,0.01042428,0.0012039588,0.0035530983,0.0030561986,0.0004924022,0.0045025544,0.019738032,0.95200074
20180119-113953-2.jpg,8,8,8.804556e-05,0.0009741481,1.2107836e-06,0.005233809,2.2548467e-05,2.9026041e-05,3.131297e-05,7.454408e-05,0.9935454
20180119-114117-1.jpg,8,8,4.1051344e-06,4.8048224e-07,2.71603e-05,3.8280945e-05,7.071299e-05,3.5041606e-07,1.4046476e-05,6.405996e-06,0.9998385
20180119-114127-1.jpg,8,8,0.005320537,0.0185267,0.012415809,0.0063765235,0.019010995,9.5468786e-05,0.08025004,0.020754749,0.83724916
20180119-114151-2.jpg,8,8,0.009073377,0.11037188,0.00024498152,0.0041697724,0.0060953973,0.0011961744,0.024092367,0.092889816,0.7518662
20180119-114307-2.jpg,8,8,0.0146852145,0.0033442457,0.00035270653,0.007354791,0.0015351309,0.0002485326,0.000109969966,0.013681665,0.9586878
20180119-114412-1.jpg,8,8,0.0003635798,0.00024439747,1.4370339e-05,0.0006224461,8.925287e-05,6.0336883e-05,0.012868272,0.0007819906,0.98495525
20180119-114426-2.jpg,8,8,0.001486329,0.0043036463,0.0006624694,0.003942845,0.0006005874,0.0032712698,0.0013611021,0.005024754,0.97934705
20180119-114524-1.jpg,8,8,2.025828e-05,6.260378e-06,3.1332533e-05,2.1245341e-05,3.765333e-05,7.3567054e-07,0.00033468,0.00012488557,0.999423
20180119-114600-1.jpg,8,8,0.0012632766,0.010273683,0.0004782456,0.011793845,0.0018411996,3.9261635e-05,0.006329251,0.002190675,0.9657907
20180119-114710-2.jpg,8,8,0.0024246676,0.008655252,0.0004112109,0.00390867,0.0011894719,0.008314531,0.004580725,0.016150868,0.9543646
20180119-114810-1.jpg,8,8,0.018921621,0.014758195,0.002525229,0.0004418539,0.0009116072,0.0034652634,0.0359242,0.038835045,0.8842171
20180119-114849-1.jpg,8,8,2.9397075e-05,9.551732e-05,2.7684476e-07,0.000567584,1.6543758e-05,5.2212613e-06,5.4932436e-05,6.8736927e-06,0.9992237
20180119-114919-2.jpg,8,8,0.009613735,0.0687461,8.977267e-05,0.001942035,0.00019520982,0.042312197,0.0020649193,0.032857936,0.84217817
20180119-115013-2.jpg,8,8,0.00031981868,8.367645e-05,5.319963e-06,0.000117436,3.530712e-05,2.070178e-05,9.370849e-06,0.00039716627,0.9990113
20180119-115103-1.jpg,8,8,0.004240462,0.0010154397,7.324216e-05,0.00041921102,0.00025247457,0.000989205,0.0062733945,0.0023529574,0.98438346
20180119-115120-1.jpg,8,8,0.0035915757,0.028165504,0.0010283886,0.013049924,0.0056184237,0.003332694,0.030738764,0.0063451906,0.90812945
20180119-115131-1.jpg,8,8,0.0022656166,0.0053334665,3.1319552e-05,0.0012738032,0.00010821565,0.0002799215,0.00044787631,0.003226523,0.9870331
20180119-115218-1.jpg,8,6,0.0044979365,0.013131072,0.010047103,0.00076810876,0.002057509,0.00040526237,0.8035901,0.016738275,0.14876465
20180119-115236-1.jpg,8,8,0.0019293571,0.007253681,0.00073470245,0.008745763,0.0008337879,7.287031e-05,0.0064085796,0.0059099523,0.9681112
20180119-115301-2.jpg,8,8,0.013245642,0.0773988,0.00018239734,0.08098235,0.001466763,0.011653659,0.0018823949,0.02729966,0.7858883
20180119-115313-2.jpg,8,8,0.010429031,0.01678272,0.0002000056,0.020701999,0.00094877527,0.29429755,0.004223039,0.0055036773,0.64691323
20180119-115329-1.jpg,8,8,0.00271424,0.0005774158,0.052656088,0.0072437916,0.026091488,0.00017591623,0.0069411956,0.013212737,0.89038706
20180119-115339-2.jpg,8,8,0.03500957,0.10090778,0.0002210688,0.03526138,0.006393755,0.056695495,0.0027791024,0.01789823,0.74483365
20180119-115409-2.jpg,8,8,0.0077247242,0.022234192,6.178017e-05,0.0040638535,0.000477308,0.020246612,0.0012881454,0.0059880624,0.93791527
20180119-115439-1.jpg,8,8,0.0015430227,0.019475896,0.0013087086,0.0019367542,0.00025374963,8.173242e-05,0.29521683,0.0040732794,0.67611
20180119-115524-1.jpg,8,8,0.00011441246,1.5494767e-05,0.0014908742,0.00019323856,0.0012967678,6.500897e-05,0.004243929,0.00011425479,0.9924661
20180119-115546-1.jpg,8,8,0.0023228046,0.0017942552,0.02476867,0.0008602743,0.0037770066,0.00030553268,0.0043524066,0.005495494,0.9563235
20180119-115551-2.jpg,8,8,0.0008099818,0.0013316025,0.001087209,0.017833428,0.0014722848,0.18756066,0.004916735,0.00090585323,0.7840823
20180119-115659-2.jpg,8,8,0.0037175529,0.016100332,0.0040987297,0.022000097,0.011848683,0.039285205,0.0053240974,0.045750458,0.8518747
20180125-091003-1.jpg,8,8,8.2618385e-08,1.964617e-08,4.2122696e-09,3.1648156e-07,1.385645e-06,1.9465489e-08,1.1418066e-06,2.6652085e-08,0.9999969
20180125-091041-1.jpg,8,8,8.956129e-05,1.0817266e-06,8.122093e-06,7.599268e-06,3.3611435e-05,5.0091094e-06,1.3672279e-05,7.622127e-05,0.9997652
20180125-091225-1.jpg,8,8,3.1017876e-06,1.6594109e-06,7.287199e-07,2.2018317e-05,5.5046103e-06,3.6651426e-07,2.9042164e-06,1.277098e-06,0.99996257
20180125-091231-2.jpg,8,8,3.902931e-05,4.2480897e-05,1.0591398e-05,0.0004562308,0.0002754586,3.5768477e-05,0.00019135492,4.539187e-05,0.99890363
20180125-091303-2.jpg,8,8,2.457997e-06,1.9790232e-06,6.3938836e-07,6.922518e-06,5.00103e-05,3.3528258e-07,3.35272e-05,7.161697e-07,0.9999033
20180125-091331-1.jpg,8,8,3.9329035e-07,5.133836e-08,2.038121e-07,1.9404297e-07,6.8792633e-07,5.478552e-07,3.0404735e-06,9.898239e-08,0.9999949
20180125-091340-2.jpg,8,8,0.0001786159,9.586613e-07,0.00013133034,5.6985613e-05,0.0012430568,5.2848078e-05,0.00044657383,9.865969e-05,0.9977908
20180125-091342-1.jpg,8,8,0.00047065344,9.196742e-05,0.00045702638,0.003380364,0.009039855,7.902271e-05,0.00022381921,0.00040913682,0.9858482
20180125-091410-2.jpg,8,8,7.1961026e-06,2.1598848e-06,9.016264e-06,2.3649382e-05,0.00010096818,4.123007e-07,5.726858e-06,1.7402175e-05,0.99983346
20180125-091531-2.jpg,8,8,0.0003389987,2.0198291e-05,4.4753702e-05,0.0013281156,0.004024852,0.00045157198,0.002039658,0.0009028546,0.9908489
20180125-091547-1.jpg,8,8,6.4862056e-06,6.7829674e-06,4.5107637e-07,4.626391e-05,7.836048e-05,9.841845e-06,2.2898692e-05,5.951918e-06,0.99982303
20180125-091559-1.jpg,8,8,1.3796209e-05,6.9551083e-06,1.3536652e-06,1.7813212e-05,8.075184e-05,1.794719e-05,9.749045e-05,2.6297e-06,0.9997613
20180125-091610-1.jpg,8,8,7.1919465e-05,4.3834294e-05,0.0016440322,0.0023670748,0.008725509,0.0025091865,0.015985543,0.00015486516,0.96849793
20180125-091620-1.jpg,8,8,1.3274668e-05,0.00020107743,4.8900392e-06,0.0009467198,0.00012990573,1.507382e-05,0.00019754023,1.6784896e-05,0.99847466
20180125-091627-2.jpg,8,8,0.0004695388,8.860268e-06,0.0003860102,0.00201463,0.023567239,1.9622228e-05,0.0005294183,0.00019737022,0.97280735
20180125-091849-1.jpg,8,8,8.049278e-06,2.4921237e-06,6.06248e-06,7.265789e-06,9.86365e-06,9.2681275e-06,3.9364622e-05,1.5930194e-06,0.99991596
20180125-091855-2.jpg,8,8,0.0002769692,1.788755e-05,0.0004213532,0.0006334062,0.0112883,3.9059643e-05,0.0020077114,0.00019875774,0.98511666
20180125-091934-2.jpg,8,8,0.0010530656,4.3492888e-05,0.008839526,0.0017882024,0.029970545,0.00064624095,0.0009728233,0.0008396532,0.95584637
20180125-091946-1.jpg,8,8,3.938468e-05,2.7640717e-05,0.0001496696,0.0002487819,0.0006557103,0.00019689092,0.0012370044,3.2777996e-05,0.99741226
20180125-092100-2.jpg,8,8,0.00016567388,0.00010381794,0.0023451636,0.0070857876,0.0021897408,0.000118801385,0.00031045996,0.00037680508,0.9873038
20180125-092140-1.jpg,8,8,2.2549124e-05,2.7791184e-05,2.8807824e-06,0.00025398994,3.3915065e-05,0.000121849786,1.1262553e-05,2.9608793e-05,0.9994961
20180125-092215-1.jpg,8,8,2.8121925e-05,1.8029883e-05,4.603438e-05,0.0008864195,0.00052191503,5.643394e-06,9.424257e-06,3.8687383e-05,0.9984458
20180125-092219-2.jpg,8,8,1.7105605e-05,5.3336416e-06,2.7555832e-06,1.421133e-05,3.0727373e-05,2.3528407e-06,1.3189382e-06,2.3979164e-05,0.9999021
20180125-092228-1.jpg,8,8,5.1160594e-05,3.0451563e-05,1.00637e-05,0.00039601218,0.0013811345,4.8612546e-06,5.3562333e-05,6.032412e-05,0.9980124
20180125-092249-2.jpg,8,8,7.2718714e-05,1.704422e-05,0.00014855966,0.0019106416,0.0022898014,5.5729715e-06,8.735941e-06,0.00012185654,0.9954249
20180125-092250-2.jpg,8,8,2.2502052e-05,1.9829737e-05,2.4272058e-06,0.0011482106,0.0038620948,4.3272982e-07,5.739894e-07,1.573993e-05,0.9949281
20180125-092322-2.jpg,8,8,4.8633377e-05,1.7905539e-05,1.4985499e-05,7.065016e-05,0.00024079044,6.1454925e-06,2.727012e-06,2.9598063e-05,0.9995685
20180125-092333-2.jpg,8,8,0.00013761871,0.0005160717,1.8777744e-05,0.0010685307,0.002508391,8.362104e-05,0.000136286,0.00032574675,0.99520504
20180125-092541-2.jpg,8,8,0.0016161399,0.0030035954,1.4385874e-05,0.039902672,0.0387569,2.7144966e-05,3.158601e-05,0.0026027006,0.9140448
20180125-092542-2.jpg,8,8,0.0002468028,0.0004426792,8.243555e-05,0.0014981524,0.007937615,1.5458458e-05,5.0726172e-05,0.00054274587,0.9891833
20180125-092544-1.jpg,8,8,2.1374643e-05,1.1723425e-05,7.947459e-06,0.00016486178,0.00023029864,5.8735723e-06,1.0859729e-05,1.3982798e-05,0.99953306
20180125-092625-1.jpg,8,8,0.0013239305,0.00025331642,0.0011371698,0.024445532,0.030443013,0.0041448516,0.0028983492,0.0033078273,0.9320458
20180125-092733-1.jpg,8,8,7.721871e-06,9.09775e-07,7.753971e-06,1.0582304e-05,1.4554206e-05,1.287919e-06,1.9381175e-06,4.837692e-06,0.9999504
20180125-092739-2.jpg,8,8,3.4961806e-05,1.2961963e-05,4.165222e-05,0.00019649586,0.0005117907,2.104782e-06,8.659912e-06,5.399222e-05,0.9991373
20180125-092832-1.jpg,8,8,1.5895215e-06,1.4795029e-06,1.6585471e-06,3.4169586e-06,5.676135e-06,1.4786314e-06,1.930787e-05,7.412539e-07,0.9999646
20180125-092911-2.jpg,8,8,6.601294e-05,2.6758184e-05,3.0145577e-05,0.0001404017,0.0002604625,1.0438679e-05,2.3445851e-05,9.536189e-05,0.99934703
20180125-092942-2.jpg,8,8,0.00011232405,3.070171e-05,6.2774045e-05,7.198577e-05,0.00027557043,3.0987678e-06,1.3287625e-05,7.729916e-05,0.999353
20180125-092952-2.jpg,8,8,5.1520424e-06,7.086457e-06,4.569308e-06,8.7009816e-05,7.598401e-05,6.2540295e-07,1.3069862e-05,7.1679524e-06,0.9997993
20180125-093013-1.jpg,8,8,0.0005460458,8.8428e-06,0.00024291789,0.0006704204,0.0053274417,0.0004998798,0.000344876,0.00014992278,0.99220955
20180125-093014-2.jpg,8,8,3.1136299e-06,6.494231e-07,6.6299363e-06,1.2358622e-05,3.2310112e-05,1.9254858e-06,4.417353e-06,1.0784836e-06,0.99993753
20180125-093025-1.jpg,8,8,0.00084298383,3.4301378e-05,0.00056068215,0.0021249172,0.0037250204,0.00040464202,0.00060359656,0.0015015162,0.9902024
20180125-093047-2.jpg,8,8,5.7865727e-06,7.106722e-07,2.2956332e-05,8.739205e-06,2.783556e-05,1.2870725e-06,6.6455214e-06,3.6325343e-06,0.9999223
20180125-093056-2.jpg,8,8,3.4581833e-05,5.5499304e-06,0.000115935814,0.00028880828,0.0006857587,9.219504e-06,3.637913e-05,3.196351e-05,0.9987919
20180125-093120-2.jpg,8,8,1.4022308e-05,1.4727767e-06,3.599652e-07,3.796121e-05,3.619149e-05,2.6931998e-06,2.0044887e-05,4.620452e-06,0.9998826
20180125-093202-1.jpg,8,8,0.00026924338,0.00037375288,3.901101e-06,0.00035219925,0.00016236794,0.00014489394,0.00016518804,7.832948e-05,0.99845004
20180125-093220-2.jpg,8,8,5.7331952e-05,5.721496e-05,1.5342232e-05,0.0015943346,0.007051373,5.782028e-06,0.00016949952,7.888145e-05,0.99097025
20180125-093221-2.jpg,8,8,3.3759163e-05,1.4129152e-05,3.083178e-05,0.00020984715,0.0024472475,1.1737212e-06,4.316554e-05,3.8541235e-05,0.9971814
20180125-093224-1.jpg,8,8,0.0007271759,0.00014750077,0.00011128943,0.00025283877,0.004216349,7.627621e-05,9.127725e-05,0.00020996862,0.9941673
20180125-093235-1.jpg,8,8,2.2026908e-05,0.00013370467,6.178404e-06,0.0007585144,0.0005993497,3.012195e-05,0.00020193502,3.4739256e-05,0.9982134
20180125-093327-1.jpg,8,8,0.00047060195,7.288078e-05,0.0003172464,0.011356724,0.21194093,0.0001172155,0.0004693626,0.0017960587,0.773459
20180125-093430-2.jpg,8,8,4.6074314e-05,3.116046e-05,1.9741712e-05,0.001083425,0.0018624202,2.6024677e-06,2.5080648e-05,5.055136e-05,0.996879
20180125-093556-1.jpg,8,8,0.00199741,0.0011155612,0.00069270475,0.04389473,0.0961912,0.0007397717,0.0037404392,0.0063524013,0.84527576
20180125-093636-2.jpg,8,8,7.6790544e-05,1.7964012e-05,6.417388e-05,0.0004049027,0.009494602,9.94647e-07,1.5289977e-05,0.00013135943,0.9897939
20180125-093655-1.jpg,8,8,0.004226446,0.0018096244,3.602863e-05,0.3623061,0.059004035,0.00018333843,9.072284e-05,0.0049734875,0.5673703
20180125-093734-2.jpg,8,8,0.0024346875,0.00058496225,0.004442727,0.006318719,0.026253419,0.00045185615,0.0031670355,0.0076241936,0.94872224
20180125-093757-2.jpg,8,8,0.0012231203,6.294319e-05,0.011996794,0.000965977,0.07118535,9.6354845e-05,0.0012085575,0.001180353,0.91208065
20180125-093824-1.jpg,8,8,1.7595139e-05,3.6273175e-06,9.480426e-05,7.788576e-05,0.00095707923,9.1732245e-06,0.00018913363,1.2982505e-05,0.9986376
20180125-093847-1.jpg,8,8,5.9152603e-06,3.4903167e-06,1.6975837e-05,1.7514874e-05,6.6429025e-06,2.861145e-06,7.635136e-06,2.5800662e-06,0.99993634
20180125-093958-2.jpg,8,8,7.073481e-05,2.7590764e-05,0.00015723301,0.00024928045,0.00087703555,1.1835909e-05,6.980413e-05,0.00013528387,0.9984012
20180125-094007-1.jpg,8,8,1.7451974e-05,1.0453578e-05,4.7228013e-06,0.00011898358,0.00025256127,7.974307e-06,3.734264e-05,1.3219427e-05,0.99953735
20180125-094055-1.jpg,8,8,0.0008859576,0.00044323577,6.2244995e-05,0.0019910298,0.009102326,0.0007263569,0.00083659886,0.005938564,0.9800136
20180125-094142-2.jpg,8,8,0.0014580509,2.2312357e-05,0.036278374,0.005921308,0.28315064,0.00020220294,0.0011682374,0.002538844,0.6692601
20180125-094143-1.jpg,8,8,3.1160696e-05,1.4755461e-05,2.2968275e-06,0.000331216,0.00021118423,7.813269e-06,9.106668e-05,1.7561555e-05,0.99929285
20180125-094229-2.jpg,8,8,0.00018281209,2.6744215e-06,0.00067040755,0.00024190944,0.0021831011,0.0001834912,0.0010443269,9.8196186e-05,0.99539304
20180125-094255-2.jpg,8,8,0.002187671,0.00011411567,0.029546326,0.001445796,0.014714911,0.0010615018,0.0012457944,0.0015731796,0.94811064
20180125-094314-2.jpg,8,8,0.0044690813,0.00043495744,0.039805934,0.0023928066,0.044863034,0.0011979201,0.0031647733,0.0036233373,0.90004814
20180125-094353-2.jpg,8,8,0.00064177095,0.0011709351,0.0016394089,0.06589971,0.036465798,0.0003686442,0.001661699,0.0018263009,0.8903257
20180125-094439-2.jpg,8,8,0.000369235,0.00037087768,0.00015900907,0.0077336035,0.009080561,4.8454534e-05,0.00018970662,0.0013862889,0.9806623
20180125-094911-2.jpg,8,8,0.00018965226,0.00017159636,0.0049222717,0.009350429,0.0018698958,0.0038487408,0.009601591,4.159937e-05,0.9700042
20180125-095013-1.jpg,8,8,1.669847e-05,3.6689384e-05,4.677655e-06,0.000107920256,2.6689984e-05,0.00017532529,0.015430288,1.0280654e-05,0.9841914
20180125-095022-1.jpg,8,8,4.414795e-06,8.0230195e-05,7.1347495e-06,0.0003906561,1.2240569e-05,0.00017028864,0.00036499777,3.2229607e-06,0.9989668
20180125-095031-1.jpg,8,8,9.475983e-07,1.0441909e-06,6.9265656e-07,1.1346574e-05,1.04223745e-05,1.0794891e-05,0.00053483195,1.937445e-06,0.999428
20180125-095045-1.jpg,8,8,0.0073965793,0.0103474455,0.008738942,0.0038438607,0.005590786,0.07325974,0.0853015,0.0217086,0.7838125
20180125-095143-1.jpg,8,8,1.5534694e-06,7.244746e-07,7.830253e-06,0.000111653535,0.0001301799,5.2625815e-06,0.0003531193,5.107198e-07,0.99938905
20180125-095154-1.jpg,8,8,7.768632e-06,5.156326e-07,7.0921706e-06,0.00010845103,0.00013312965,6.203249e-05,0.00010513349,6.1745345e-07,0.9995753
20180125-095158-2.jpg,8,8,0.00060848915,0.00023051545,0.0010032406,0.03816348,0.0014397994,0.04048246,0.004752124,0.00014680513,0.9131731
20180125-095204-1.jpg,8,8,3.7622955e-05,1.4316389e-05,2.4971892e-05,0.0029645597,0.0003692809,5.260047e-05,0.0006068748,1.3185995e-05,0.99591666
20180125-095236-1.jpg,8,8,5.6144045e-06,3.3842643e-06,2.76791e-06,0.00029525653,2.311316e-05,0.00022209411,0.00012714106,2.788568e-06,0.9993179
20180125-095252-2.jpg,8,8,0.0017480067,0.00053243665,0.0009074951,0.03642871,0.003898172,0.02457632,0.0012815405,0.00036718987,0.93026006
20180125-095303-2.jpg,8,8,0.00046060933,3.9884788e-05,0.006663601,0.002238697,0.016133336,0.013436088,0.025079852,0.0002979939,0.93564993
20180125-095326-2.jpg,8,8,0.012732953,0.0017856243,0.0063061905,0.03693606,0.07675577,0.1950413,0.031008618,0.013625249,0.62580824
20180125-095434-1.jpg,8,8,0.0015816397,0.0021379616,8.7105334e-05,0.011882158,0.0022361372,0.011598035,0.010588563,0.001240636,0.9586478
20180125-095456-2.jpg,8,8,4.222193e-05,3.1742884e-06,1.9953988e-05,0.0018365444,0.00010282876,0.004236015,0.00059871556,3.2854812e-06,0.9931571
20180125-095537-1.jpg,8,8,3.3969412e-05,3.1920242e-06,1.8324932e-05,0.0002564328,0.00019462944,8.796647e-05,6.5520864e-05,1.2479166e-05,0.9993274
20180125-095549-2.jpg,8,8,8.30572e-06,6.695253e-06,7.816508e-05,0.0013659502,0.00050275185,0.0005790304,0.0027571977,5.0557414e-06,0.99469674
20180125-095558-1.jpg,8,8,0.008761162,0.012447562,0.0043074214,0.096102014,0.039856594,0.07444692,0.059125382,0.011183753,0.6937692
20180125-095634-1.jpg,8,8,7.972168e-05,3.1433963e-05,8.099187e-05,0.0032971804,0.00046425188,0.002909528,0.0009137634,1.20741815e-05,0.9922111
20180125-095658-2.jpg,8,8,8.754911e-06,7.261826e-07,2.239784e-06,8.9809755e-06,1.8699637e-05,0.00011942473,5.071051e-05,1.0165696e-06,0.99978954
20180125-095749-1.jpg,8,8,1.4420052e-05,4.2938302e-07,1.5080433e-06,8.438295e-05,6.1196595e-05,2.2644079e-05,0.00021092991,1.2446396e-06,0.9996032
20180125-095751-2.jpg,8,8,7.626024e-05,9.2263845e-06,0.00017173761,0.00054074416,0.00096400187,0.0024035492,0.0019064168,0.00011663327,0.9938114
20180125-095801-2.jpg,8,8,7.2872186e-05,3.9249786e-05,0.08103365,0.0027965126,0.0032358572,0.0012085157,0.01732042,1.7550494e-05,0.89427537
20180125-095811-1.jpg,8,8,0.00076199305,5.518483e-05,0.0012494553,0.015805798,0.0018744777,0.0048229215,0.0010563202,0.00018615308,0.97418773
20180125-095842-2.jpg,8,8,0.00013715362,3.5130884e-06,1.7134404e-05,0.0023305377,0.00055145443,0.00032923665,0.0002015157,3.3204662e-05,0.9963961
20180125-095904-2.jpg,8,8,6.113456e-05,9.832023e-06,4.6786674e-05,0.00096919143,0.00060425,0.00035917174,0.00074586464,1.7607676e-05,0.99718624
20180125-095907-2.jpg,8,8,1.641864e-05,5.5679254e-07,2.2262944e-05,0.0008082871,0.00056514755,3.313615e-05,8.587506e-05,9.729624e-06,0.9984585
20180125-100003-1.jpg,8,8,2.469215e-07,2.1895028e-07,1.4553734e-05,8.284369e-07,3.0610615e-06,3.5579322e-07,0.0002468562,5.5823556e-08,0.99973387
20180125-100028-1.jpg,8,8,2.8597954e-06,5.7336484e-07,2.7773815e-06,1.7018423e-05,7.895072e-06,1.0260444e-05,0.0002018023,4.417195e-07,0.9997564
20180125-100037-2.jpg,8,8,5.849487e-05,7.7830955e-06,9.447103e-06,0.00067528745,7.6441356e-05,0.0026661234,4.305045e-05,9.441763e-06,0.9964539
20180125-100103-1.jpg,8,8,1.4026581e-05,1.7135736e-06,1.0767354e-06,0.00012401391,1.7860753e-05,0.0002274342,6.828768e-05,2.8778136e-06,0.9995427
20180125-100141-1.jpg,8,8,6.289566e-06,2.9638381e-06,4.6510937e-05,0.00021865166,5.568202e-05,0.0005764068,0.0013102733,1.5678619e-06,0.9977817
20180125-100152-1.jpg,8,8,1.2975611e-06,1.0066558e-06,4.349186e-06,6.2061845e-06,9.26732e-07,1.9927804e-05,9.0894006e-05,1.4887391e-07,0.9998752
20180125-100204-1.jpg,8,8,1.5742728e-05,4.2482575e-06,1.3498126e-05,0.00013459276,3.2559677e-05,0.00023906819,6.0898965e-05,5.1712104e-06,0.9994943
20180125-100223-2.jpg,8,8,0.002833248,0.00021953555,0.0017065754,0.15632461,0.012122622,0.007680915,0.0002847104,0.0009126363,0.8179151
20180125-100248-1.jpg,8,8,1.1314108e-05,4.688275e-05,8.036324e-05,0.00014293366,0.0002042502,2.5034557e-05,0.0031299372,2.2849896e-05,0.99633646
20180125-100328-2.jpg,8,8,0.00045355223,8.547959e-05,0.004233224,0.027184479,0.0019818614,0.026271492,0.0015617408,0.00010751103,0.9381206
20180125-100400-1.jpg,8,8,7.975753e-06,2.3444323e-05,6.8768536e-06,0.0005367444,0.00021815834,9.5209296e-05,0.0017235929,3.4847624e-05,0.9973531
20180125-100405-2.jpg,8,8,3.3051994e-05,4.8515085e-05,0.00015285012,0.009971738,0.0006362335,0.0045590727,0.001450095,6.847425e-06,0.98314154
20180125-100512-2.jpg,8,8,0.0011410482,0.0042244205,0.00032553385,0.01975499,0.002351616,0.0047960337,0.072484285,0.00084927905,0.8940728
20180125-100533-1.jpg,8,8,4.025107e-07,2.482823e-07,0.00015709069,9.095403e-06,2.254683e-05,5.9428626e-06,0.00014720099,4.6331547e-08,0.9996575
20180125-100600-2.jpg,8,8,0.0013071612,0.00022060194,0.00524374,0.047709066,0.00789928,0.01386119,0.0028938528,0.00047466607,0.92039025
20180125-100640-1.jpg,8,8,2.3514205e-05,2.7210961e-05,3.2223586e-05,0.0017585036,0.00057371525,1.9430558e-05,0.00048240516,6.099324e-05,0.997022
20180125-100726-2.jpg,8,8,3.6000733e-05,8.7501485e-06,0.0016007607,0.0004759674,0.0002668637,0.00024235752,0.003619985,4.28901e-06,0.993745
20180125-100815-2.jpg,8,8,9.133027e-05,8.361955e-06,0.0014962917,0.001972117,0.0013800308,0.00437304,0.0043116976,5.3211646e-05,0.98631394
20180125-100826-2.jpg,8,8,5.9481417e-06,1.6347909e-06,0.0006398293,3.8214024e-05,0.00022564741,4.9017686e-05,0.0005626349,4.6778464e-06,0.9984724
20180125-100954-2.jpg,8,8,3.9273553e-05,3.9606743e-06,0.00016583248,8.512018e-05,0.00036970535,0.00043888905,0.00039526352,1.5974203e-05,0.998486
20180125-101220-1.jpg,8,8,0.00012504713,7.5801974e-05,0.00021505394,0.0012500469,0.008126034,0.00014591966,0.0013425691,0.0003619979,0.9883576
20180125-101231-2.jpg,8,8,8.453838e-05,1.1955888e-06,2.6951375e-05,5.244344e-05,0.00021659602,8.697621e-05,0.00021806425,1.2408365e-05,0.9993007
20180125-101241-1.jpg,8,8,1.6220993e-06,3.4400218e-06,3.3729386e-06,2.9905861e-05,1.5518923e-05,0.00034350227,0.0005192847,8.662324e-07,0.99908257
20180125-101241-2.jpg,8,8,1.1275776e-05,1.929321e-06,6.5341424e-05,9.3842704e-05,0.00014894115,7.254937e-05,0.0019760337,2.8938987e-06,0.9976272
20180125-101251-2.jpg,8,8,0.0012680185,0.0004059569,0.0013743893,0.05081566,0.014952235,0.018332146,0.0037402392,0.0009530663,0.9081582
20180125-101252-1.jpg,8,8,5.5855235e-06,3.1297068e-06,0.001002728,6.387826e-05,0.00050281413,3.5419807e-06,0.00042444878,1.106802e-05,0.99798286
20180125-101328-1.jpg,8,8,0.00036421054,1.0404871e-05,0.0009302518,0.00078392896,0.0073402426,0.0011459453,0.0029421754,0.00015241149,0.9863304
20180125-101344-2.jpg,8,8,4.5227066e-06,3.0822022e-07,3.260025e-05,8.331146e-06,4.0971612e-05,4.6607847e-06,0.00051055884,1.1057093e-06,0.9993969
20180125-101824-2.jpg,8,8,1.6980212e-05,9.6471995e-06,8.379873e-06,0.0003459432,4.111452e-05,0.00031731426,0.0009733876,3.91504e-06,0.9982834
20180125-101844-1.jpg,8,8,0.00032725677,0.0009473436,1.6564909e-05,0.00036486518,0.00014563135,0.002524205,0.005358408,0.0004195945,0.9898962
20180125-101858-1.jpg,8,8,4.3371667e-05,7.318284e-06,1.1595032e-06,0.000103594895,9.179044e-06,0.0012170632,0.00056325423,6.6056455e-06,0.9980484
20180125-101907-2.jpg,8,8,9.277939e-06,8.332136e-07,0.0003764465,0.00021382653,0.00024673346,0.00023467546,0.00059421756,6.263735e-07,0.9983234
20180125-102016-1.jpg,8,8,9.3825816e-05,8.787765e-05,2.9855753e-05,0.0041359654,0.0012333835,0.00025477854,0.0043749223,6.9974565e-05,0.9897194
20180125-102041-2.jpg,8,8,3.6752276e-06,4.151501e-06,0.00021228052,0.00042818824,0.00014546659,0.00029807983,0.0010236497,1.775435e-06,0.99788266
20180125-102044-1.jpg,8,8,0.0066813654,0.018337224,0.00022842464,0.016952286,0.0008935169,0.22560433,0.09511802,0.0021088487,0.63407594
20180125-102104-1.jpg,8,8,0.00015080352,9.2837654e-05,8.5186606e-05,0.032844048,0.00064510724,0.0066596866,0.00071027275,4.34286e-05,0.9587686
20180125-102132-2.jpg,8,8,0.00034186934,0.00020442209,0.0002459033,0.005096579,0.003816,3.823774e-05,2.2982094e-05,0.0004077053,0.9898263
20180125-102204-1.jpg,8,8,0.00056138606,0.00020937414,0.002618551,0.025057413,0.0060955323,0.0018603066,0.005112549,0.00010756719,0.95837724
20180125-123318-2.jpg,8,8,4.912051e-05,9.614794e-06,0.002298414,8.705288e-05,0.0012289882,6.539521e-06,8.374691e-05,2.2682994e-05,0.99621373
20180125-125831-2.jpg,8,8,0.0006476074,0.024924537,9.031994e-06,0.007334127,0.0011131852,0.00024873207,0.001251012,0.003068988,0.9614027
20180125-125934-3.jpg,8,8,0.00030002862,0.00616715,3.253708e-05,0.0100939525,0.0036441956,0.00044262898,0.003935208,0.00016908605,0.9752151
20180125-130032-3.jpg,8,1,0.0027380208,0.97041893,8.61603e-06,0.0008711455,0.00013752426,5.8701746e-05,0.0023145815,0.009675389,0.0137770455
20180125-130045-2.jpg,8,8,0.0041909935,0.03642788,4.2869806e-06,0.0033610365,0.000230671,0.018502891,0.014892168,0.0027231642,0.9196669
20180125-130048-3.jpg,8,8,0.009466926,0.039990965,0.0001084922,0.009433917,0.008103196,0.0017037313,0.004881577,0.040091038,0.88622016
20180125-130058-3.jpg,8,8,0.00012171449,0.000111421265,0.0002828967,0.00030621092,0.0006193374,5.218521e-05,6.4455686e-05,3.7295125e-05,0.99840444
20180125-130118-2.jpg,8,8,0.0039434033,0.002097779,0.0001744485,0.020749165,0.011426336,0.0006807809,0.0018730467,0.002493784,0.95656115
20180125-130141-3.jpg,8,8,1.6899567e-06,4.4023873e-06,1.0540771e-06,2.8392673e-05,3.718862e-05,1.09220956e-07,7.6946014e-07,3.7391308e-06,0.99992275
20180125-130149-2.jpg,8,8,0.004183627,0.0034883649,0.0003425214,0.014127959,0.016841546,0.00034103025,0.00094839634,0.0029693563,0.9567573
20180125-130223-3.jpg,8,8,0.0044692885,0.003738866,3.4942397e-05,0.0005989758,0.00031831788,0.00011926646,4.555466e-05,0.0014871849,0.98918766
20180125-130342-2.jpg,8,8,0.00019269351,0.0003585699,6.4651686e-05,0.017447883,0.049944807,1.1552837e-05,0.00022965604,0.00012814214,0.931622
20180125-130408-3.jpg,8,8,0.030226529,0.0993072,5.5465687e-05,0.016322551,0.0049333284,0.0019893195,0.0051805694,0.013240843,0.8287442
20180125-130423-3.jpg,8,8,3.1351872e-05,2.2264525e-05,8.625524e-06,0.0005830336,0.0019909278,2.1665175e-05,4.0078627e-05,3.641844e-05,0.9972656
20180125-130452-2.jpg,8,8,0.0003189742,0.000689097,3.427007e-05,0.0035000136,0.0021861615,0.00045679312,0.0011861743,0.00027281357,0.9913557
20180125-130809-2.jpg,8,8,0.00039921884,0.0009541546,1.8772824e-05,0.00042489977,0.00024664332,1.7434666e-05,3.9644026e-05,0.00021927917,0.9976799
20180125-131011-2.jpg,8,8,0.012925257,0.06695866,0.0002650381,0.0037648953,0.0014449883,0.00040136193,0.003268936,0.0055600484,0.9054108
20180125-131057-3.jpg,8,8,0.0009456001,0.0008967306,0.00016481816,0.0005228074,0.0047342675,0.000107310305,0.00082034984,0.0009962899,0.9908118
20180125-131139-2.jpg,8,8,0.0032226907,0.0034606042,1.4468967e-05,0.0008746178,0.00016813204,0.00046223027,0.00025644535,0.0008056831,0.99073505
20180125-131150-3.jpg,8,8,0.08105079,0.30587602,0.00024518708,0.012314011,0.009589314,0.00310679,0.0032420594,0.11403896,0.47053683
20180125-131224-2.jpg,8,8,0.0018470492,0.0003353103,0.000102704755,0.00013663644,0.000644135,8.025367e-05,6.8138404e-05,0.0011111478,0.99567467
20180125-131259-3.jpg,8,8,0.0002646299,0.0002575929,0.0010822067,0.0017885299,0.022216419,1.5443375e-05,0.000329135,0.0008371207,0.97320896
20180125-131414-3.jpg,8,8,0.025214912,0.24578752,0.00019840583,0.01325545,0.00399964,0.0005593031,0.00090910913,0.06327588,0.6467998
20180125-131441-2.jpg,8,8,0.019385671,0.0010514541,0.00019347087,0.0008805427,0.0008109124,0.0012467116,0.00020924675,0.009997567,0.96622455
20180125-131541-3.jpg,8,8,0.025966458,0.0044942903,0.0001776412,0.004988363,0.008087875,0.00061207387,9.006248e-05,0.035284597,0.9202986
20180125-131545-2.jpg,8,8,0.0027283533,0.0011431822,2.1584452e-05,0.0014326305,0.0005930564,0.0021491405,0.02769872,0.0016623108,0.962571
20180125-131638-3.jpg,8,8,0.0017427752,0.0014223002,0.0009998933,0.0026631092,0.0022176856,0.00015369042,0.0033433086,0.003012732,0.9844446
20180125-131658-2.jpg,8,8,0.0001840103,0.00026583136,1.6407292e-05,0.00021520042,0.00016688244,3.663625e-05,0.00018056776,0.00032439924,0.9986099
20180125-131707-2.jpg,8,8,0.00046557508,0.0010539803,3.4628142e-06,0.0010124827,2.8178763e-05,0.0030086932,0.005214576,0.0009311639,0.9882819
20180125-131717-2.jpg,8,8,0.0010389595,0.0011226836,4.5500423e-05,0.0007787056,0.000334369,0.00029655432,0.00021273608,0.0012574451,0.9949131
20180125-131723-3.jpg,8,8,0.00037743404,0.0015907558,0.0013408844,0.00066574547,0.0024939363,0.00029025026,0.0030430108,0.0009046487,0.98929334
20180125-131822-2.jpg,8,8,3.5743786e-05,4.1463654e-06,3.7220972e-05,0.00028838948,0.00032811624,8.062868e-06,0.0001958345,3.5009874e-05,0.9990675
20180125-131940-2.jpg,8,8,6.574568e-05,4.317171e-05,1.989556e-05,0.0006011455,0.00022321414,9.6017124e-05,0.00049829064,2.2869925e-05,0.9984297
20180125-131958-3.jpg,8,8,0.012345459,0.019778768,0.0025208439,0.001517227,0.052481484,0.0013221201,0.001138135,0.013281977,0.89561397
20180125-132018-2.jpg,8,8,0.00013671917,0.000100144054,7.658803e-06,0.001388389,0.0003034136,0.00010935062,0.0007127545,0.00014834444,0.9970932
20180125-132123-3.jpg,8,8,0.0101271,0.003041084,0.0023020175,0.005838427,0.039063692,0.002405771,0.0039592427,0.010869083,0.9223935
20180125-132133-3.jpg,8,8,0.005162626,0.020266557,0.0050735064,0.01688915,0.07263825,0.0003605257,0.0014208179,0.011436847,0.86675173
20180125-132158-2.jpg,8,8,0.010210346,0.0006572107,0.00013668797,0.0006208351,0.0012299455,0.00014144123,0.00031107917,0.0026146101,0.98407793
20180125-132200-3.jpg,8,8,0.060007464,0.040843442,0.00017781394,0.0035420244,0.0060517485,0.0006504409,0.0010785203,0.051507946,0.8361407
20180125-132211-3.jpg,8,8,0.0027041764,0.16248685,5.186488e-05,0.0021304658,0.00056219415,0.00050703087,0.08574895,0.007941751,0.73786676
20180125-132243-2.jpg,8,8,0.022705398,0.0019397204,7.225475e-05,0.00031249423,0.00028390635,0.0011798606,0.0028224743,0.031783022,0.9389009
20180125-132255-2.jpg,8,8,0.0056229574,0.00044662738,0.0021966228,0.032597467,0.008028555,0.0008685869,0.0052643465,0.0053018257,0.93967307
20180125-132330-2.jpg,8,8,0.0015840773,0.0058617545,0.00016055672,0.0068556084,0.006984043,9.430319e-05,0.00051944156,0.0041683707,0.9737719
20180125-132332-3.jpg,8,8,0.005391916,0.022731174,6.94553e-05,0.021277243,0.0039687585,9.370445e-05,0.0010451509,0.0046925503,0.9407301
20180125-132427-3.jpg,8,8,3.8688147e-05,3.8692502e-05,0.00034678428,0.00023177009,0.0005991158,6.096442e-06,9.236937e-05,6.1075894e-05,0.99858546
20180125-132435-2.jpg,8,8,0.00058306206,3.5572797e-05,0.0001517601,0.0034736283,0.0014290364,1.1098143e-05,9.7767326e-05,0.00020288776,0.99401516
20180125-132622-3.jpg,8,8,0.0004863055,0.0025413812,0.007550811,0.0017342014,0.009507331,0.001839384,0.004735668,0.0003043974,0.9713004
20180125-132657-3.jpg,8,8,0.008517454,0.18310194,0.0011505041,0.02740868,0.030695403,0.0010282123,0.07331472,0.08322736,0.59155566
20180125-132826-2.jpg,8,8,0.0001585277,1.8760524e-05,7.1458558e-06,0.0010768478,0.00030017126,3.4843692e-06,3.2306958e-05,0.0001378373,0.99826497
20180125-132930-3.jpg,8,8,6.6600136e-05,1.3247753e-05,0.017388165,0.00069174205,0.007121783,1.2815364e-05,0.0008284222,0.00016065541,0.97371656
20180125-132933-2.jpg,8,8,0.00064359355,6.254933e-05,0.0001817761,0.0007099695,0.00047558098,1.532162e-05,0.000120909885,0.00076053303,0.9970298
20180125-133054-2.jpg,8,8,0.00015105537,2.6003477e-06,1.7767753e-06,7.084929e-05,1.8073986e-05,1.4348368e-06,6.3044927e-06,1.4134604e-05,0.99973375
20180125-133224-3.jpg,8,8,1.2534823e-05,9.758872e-06,0.000114051494,3.124805e-05,0.0002064548,6.309589e-07,7.437307e-05,9.796432e-06,0.99954116
20180125-133225-2.jpg,8,8,3.288477e-05,1.3342355e-05,3.1213176e-06,0.0002600223,4.0400537e-05,1.5803991e-05,0.00020011613,1.1730626e-05,0.99942255
20180125-133341-3.jpg,8,8,0.040422443,0.21944469,0.015492379,0.03099975,0.024871832,0.00087503286,0.06836444,0.10269585,0.49683347
20180125-133357-2.jpg,8,8,1.1076088e-05,5.1955176e-06,1.1666287e-06,9.3509734e-05,7.10369e-05,2.3876405e-06,3.103668e-05,8.901092e-06,0.9997757
20180125-133416-2.jpg,8,8,2.3504067e-06,1.1078173e-07,1.2429051e-07,1.363451e-05,4.231491e-06,1.4890751e-06,4.4804223e-05,8.6917214e-07,0.9999324
20180125-133832-3.jpg,8,8,0.0007984197,0.017810175,0.0015329373,0.011619997,0.010606111,0.00050828845,0.0142697,0.0034124076,0.939442
20180125-133912-3.jpg,8,8,0.037500404,0.066830374,0.0009506083,0.0053831567,0.00512633,0.010500181,0.009223638,0.04962132,0.81486404
20180125-134003-3.jpg,8,8,0.0039664344,0.009110141,0.020115685,0.008791586,0.03932743,0.0010084906,0.02018079,0.008397326,0.8891021
20180125-134028-3.jpg,8,8,4.7722664e-05,1.4854482e-05,0.00034420137,0.0001217333,0.00066962,1.04980945e-05,0.0020317035,8.663085e-05,0.996673
20180125-134035-2.jpg,8,8,0.0003470221,1.4315829e-05,0.00028496244,0.0008883308,0.00067643117,1.2986122e-05,0.0007468328,0.000126095,0.996903
20180125-134105-3.jpg,8,8,5.581473e-05,0.00038933352,5.769994e-05,0.00014955354,0.00024589864,1.5640175e-05,0.00058649265,0.00012277595,0.9983767
20180125-134125-3.jpg,8,8,0.00059125345,0.0024697243,7.1125774e-05,0.0008171426,0.0002809015,4.6143996e-05,0.0018342539,0.0007882263,0.9931011
20180125-134236-2.jpg,8,8,0.0040094526,0.00058296364,0.00036440147,0.024194065,0.0013299813,0.0001134639,0.0005815258,0.0027206887,0.9661035
20180125-134309-2.jpg,8,8,0.0004333178,1.05391555e-05,0.00034096802,0.0004013947,0.0045673973,6.525277e-06,2.5628755e-05,0.00014557474,0.9940685
20180125-134413-3.jpg,8,8,0.0010435587,0.006764331,0.00048648572,0.0040727393,0.012326772,5.944558e-05,0.007520634,0.004773957,0.962952
20180125-134542-3.jpg,8,8,0.012045666,0.008492932,0.013019087,0.03418225,0.14102887,0.00086904434,0.0077211456,0.017125137,0.7655158
20180125-134552-3.jpg,8,8,0.00024702636,0.011336542,0.0001982217,0.0003990033,0.00028826375,6.2245344e-05,0.08576268,0.0014337635,0.90027213
20180125-134626-3.jpg,8,8,0.0011881898,0.011629064,0.00030544266,0.02321922,0.08065319,6.74317e-05,0.0039132657,0.010764413,0.8682597
20180125-134648-3.jpg,8,8,0.0046718773,0.0025129886,0.0003820236,0.0050496007,0.045342594,0.0001494255,0.00011824441,0.008965244,0.932808
20180125-134702-2.jpg,8,8,0.0003412566,0.00026796648,0.0008015023,0.00049281406,0.0010976838,0.00053362164,0.00040585402,4.4432778e-05,0.99601483
20180125-134716-2.jpg,8,8,0.0057212603,0.004423156,8.131471e-05,0.0005580405,0.0022711377,0.0013835301,0.010274671,0.00312235,0.97216445
20180125-134828-3.jpg,8,8,0.00047637263,0.0003924108,0.0006109234,0.00022454519,0.0011777844,2.029809e-05,0.000334023,0.000837752,0.995926
20180125-134850-3.jpg,8,8,0.0006178707,0.0017084078,0.00011789795,0.00040215853,0.0012453664,1.6433398e-05,0.0009987542,0.0016978689,0.9931953
20180125-134902-2.jpg,8,8,0.004203286,0.004482731,0.0004668714,0.0034357244,0.0095287915,0.0015511455,0.0026471126,0.017098347,0.95658594
20180125-135006-2.jpg,8,8,7.913008e-05,0.0011021041,0.0002675961,0.0007127326,0.0009601916,0.0004625214,0.0012286843,0.00015917612,0.99502796
20180125-135018-3.jpg,8,8,0.00097605883,0.0015557711,0.0010958735,0.0008099472,0.004978919,3.6887013e-05,0.0003503932,0.0019463432,0.9882499
20180125-135026-3.jpg,8,8,0.0009807291,0.0018691393,0.0041658734,0.001741256,0.0034054767,3.628203e-05,0.043915834,0.0023036608,0.9415817
20180125-135121-2.jpg,8,8,0.005612061,0.0035205039,0.00036983073,0.016572492,0.06550776,0.00028818738,0.0021872027,0.0054567726,0.9004852
20180125-135132-2.jpg,8,8,0.00078915176,8.409112e-05,0.00080299185,0.000907335,0.0117788715,2.9406036e-05,0.0008338848,0.00038832056,0.9843859
20180125-135214-2.jpg,8,8,0.0015028274,0.0009673929,0.00042953945,0.01954066,0.023548136,0.00011012491,0.0046175043,0.0010532803,0.94823045
20180125-135234-2.jpg,8,8,0.00079655176,0.00057560956,2.4284387e-05,0.002438548,0.004208606,7.287752e-05,0.0004706756,0.0005376033,0.99087536
20180125-135349-3.jpg,8,8,7.10374e-05,0.00012708659,0.00025760342,0.00023695714,0.00050547917,6.7783553e-06,0.00010316215,0.00015635198,0.9985355
20180125-135404-3.jpg,8,8,4.7728816e-05,5.0573806e-05,5.2724026e-05,7.485502e-05,7.5729586e-05,5.1737e-07,4.9104372e-05,4.841778e-05,0.99960023
20180125-135509-3.jpg,8,8,0.008827303,0.016378105,0.0019050578,0.011486926,0.029683677,0.00057667174,0.0066916756,0.033875074,0.8905755
20180125-135527-3.jpg,8,8,0.0019558505,0.014257791,4.5860666e-05,0.0030156928,0.011255594,4.3059972e-05,0.00020392018,0.010577394,0.9586448
20180125-135621-3.jpg,8,8,0.000927632,0.013688206,9.867898e-06,0.0026726977,0.0004311418,2.988818e-05,0.0010629173,0.007671694,0.97350603
20180125-135651-3.jpg,8,8,0.003230221,0.01402748,0.00045953956,0.009718145,0.015269279,0.00016320698,0.0006988072,0.012616566,0.94381684
20180322-102414-2.jpg,8,8,0.00025375496,1.6072792e-05,3.2758424e-05,0.00051908084,0.0034573884,3.478366e-06,1.6935801e-06,0.00011693768,0.9955988
20180322-102617-2.jpg,8,8,0.0012529583,0.00014107488,3.0272355e-05,0.0075300955,0.008046219,3.619041e-05,4.0406812e-06,0.00025920037,0.9826999
20180322-102724-1.jpg,8,8,0.004824558,0.0004808813,0.003470074,0.000684934,0.053788632,0.0019083287,0.00011700782,0.007695965,0.92702955
20180322-102731-2.jpg,8,8,0.00018477319,0.00016064354,3.2990454e-05,0.0005608631,0.0010520436,2.8929724e-05,4.687254e-06,6.2706284e-05,0.99791235
20180322-102756-2.jpg,8,8,0.0024657217,0.00025526425,0.0002646452,0.0014426992,0.006250755,2.2874594e-05,5.409544e-06,0.0011189824,0.98817366
20180322-102956-1.jpg,8,8,0.0020919756,0.0004910317,0.00010800703,0.0021375758,0.11173393,9.38444e-05,4.0864394e-05,0.0012334337,0.8820693
20180322-103028-1.jpg,8,8,0.0039550243,0.0007000549,0.00018398825,0.018466447,0.05656233,0.00033010187,8.160957e-05,0.0034779112,0.91624254
20180322-103121-1.jpg,8,8,0.0011812174,0.0015674091,5.5189535e-05,0.008295185,0.028510071,0.00025387574,0.0003913948,0.0005538597,0.9591918
20180322-103258-2.jpg,8,8,0.005116818,0.00019053204,1.0817054e-05,0.00022192372,0.0031333328,9.101307e-05,1.6384265e-05,0.0007156248,0.9905036
20180322-103624-2.jpg,8,8,0.0003655722,0.0007323832,6.695376e-05,0.0023806624,0.007811323,3.070001e-05,8.2767465e-06,0.00041926472,0.9881848
20180322-103659-1.jpg,8,8,0.07088028,0.007516381,0.00027375857,0.005496889,0.0038806808,0.20223984,0.00093365693,0.051807314,0.6569711
20180322-103725-1.jpg,8,8,0.0053274943,0.0077729886,0.23033504,0.009093682,0.02004446,0.25354922,0.0027709513,0.0015458884,0.46956027
20180322-103903-2.jpg,8,8,0.0009941389,0.00016273833,1.1663967e-05,0.00041809867,0.0016589337,6.0820497e-05,2.7080123e-05,0.0001958935,0.9964707
20180322-103917-2.jpg,8,8,0.006791931,0.0005636785,0.00021586698,0.0012355291,0.0052585206,0.00050351425,2.3602692e-05,0.0034593605,0.981948
20180322-103939-1.jpg,8,8,0.005441395,0.00163447,0.00010696308,0.0012263389,0.0032832385,0.0026646554,0.0014682439,0.0026205932,0.98155415
20180322-104005-2.jpg,8,8,0.004127376,0.0017166674,7.094211e-05,0.0017041832,0.0016088287,0.0006684569,0.000106527,0.00076779356,0.9892292
20180322-104107-1.jpg,8,8,0.004038933,0.0014062624,1.2831363e-05,0.00036341348,0.00016086515,0.0019104796,4.9491464e-05,0.0019784574,0.99007916
20180322-104336-2.jpg,8,8,0.00045735153,1.3032397e-05,1.1969709e-05,0.00060241856,0.00039019325,9.685534e-05,1.5661958e-06,6.315692e-05,0.9983633
20180322-104436-1.jpg,8,8,0.0030360057,0.00022339822,0.00014517238,0.0017033851,0.0015301787,0.00042537422,4.235399e-05,0.000660574,0.99223363
20180322-104627-1.jpg,8,8,0.0014058403,7.393523e-05,2.0707952e-05,0.0008139313,0.001083218,9.772621e-05,9.153368e-06,0.0004574475,0.9960381
20180322-104635-1.jpg,8,8,0.016108328,0.0019288413,0.0012023569,0.016029943,0.04478963,0.0012284268,0.00030340478,0.010299818,0.9081092
20180322-104949-1.jpg,8,8,0.0057007377,0.00030447805,4.309405e-06,0.0007835275,0.0010272862,0.0005851084,9.711061e-06,0.00042915402,0.99115574
20180322-105147-1.jpg,8,8,0.0012289047,0.0019225916,8.053511e-05,0.002961793,0.009258362,0.00082376326,0.00028615387,0.0033317755,0.9801062
20180322-105208-1.jpg,8,8,0.0023700807,0.00017271719,0.0059267674,0.007876935,0.019034116,0.0036268767,6.42004e-05,0.0005973841,0.96033096
20180322-105321-1.jpg,8,8,0.005123927,0.0003656094,0.00013290532,0.00036620174,0.0017227241,0.0022436697,0.00010469162,0.0018676324,0.98807275
20180322-105511-1.jpg,8,8,0.010270504,0.0041874168,0.0019418387,0.014755924,0.019858474,0.017079968,0.0027760721,0.010406867,0.918723
20180322-110707-2.jpg,8,8,0.0020629,5.63853e-06,2.4412825e-06,9.848897e-05,7.303794e-05,2.470518e-05,1.6556385e-07,0.00016361197,0.997569
20180322-110721-2.jpg,8,8,0.019498602,0.0006953922,0.00017619852,0.0005914592,0.00032365028,0.0003142163,0.00034223104,0.0021220334,0.97593623
20180322-111104-2.jpg,8,8,0.00014652243,4.2499625e-05,4.1808337e-07,9.499282e-05,4.990452e-06,6.620493e-06,5.8296547e-07,5.5196328e-05,0.9996481
20180322-111216-2.jpg,8,8,0.004284225,0.00046900928,0.00019356066,0.0015917076,0.0011427231,0.0004715365,0.00011537243,0.0017743579,0.9899575
20180322-111400-2.jpg,8,8,0.00037619926,1.1649437e-05,6.374176e-05,0.00052690017,0.0003022108,3.4295954e-06,1.2994571e-05,7.355625e-05,0.9986292
20180322-111544-2.jpg,8,8,0.0004284886,0.00011519896,2.3119117e-05,0.0006696878,0.00025332064,2.0659887e-05,2.171546e-05,0.0001356083,0.9983322
20180322-111625-2.jpg,8,8,0.0051292316,0.000757713,0.00011680857,0.0035593074,0.0007155202,6.509349e-05,1.8507939e-05,0.0030732038,0.98656464
20180322-111632-1.jpg,8,8,0.02811978,0.0059584384,0.0012321947,0.021385385,0.05111572,0.0008510097,0.00011112143,0.0084407665,0.88278556
20180322-111636-2.jpg,8,8,0.00013373856,9.225662e-06,3.7049276e-07,0.00021223498,7.3474635e-05,3.182919e-07,2.110859e-07,4.1799078e-05,0.99952865
20180322-111727-1.jpg,8,8,0.004204867,0.0013919682,0.0002516598,0.023304418,0.0019625705,0.00034056616,1.869156e-05,0.003034475,0.9654907
20180322-111848-1.jpg,8,8,0.019694619,0.0014647185,0.00018673201,0.047815446,0.011205412,0.00033352512,1.7447539e-05,0.007123605,0.9121585
20180322-111926-2.jpg,8,8,0.00046219226,2.4449992e-05,6.5439963e-06,7.1979666e-05,4.9936996e-05,9.146612e-05,1.2383919e-05,3.749036e-05,0.9992436
20180322-111950-1.jpg,8,8,0.00074760325,5.0658284e-05,0.00021522657,0.0018025617,0.0007544547,3.1026917e-05,2.0572143e-05,0.0001588347,0.996219
20180322-112116-2.jpg,8,8,7.8827145e-07,4.4959904e-07,3.033513e-08,9.380602e-06,5.4108995e-07,2.0183376e-07,1.0664188e-07,3.2613556e-07,0.9999881
20180322-112118-1.jpg,8,8,0.006057968,0.001532272,0.007733115,0.0043743337,0.0030487925,0.0013503458,0.00035770106,0.0022187862,0.97332656
20180322-112237-1.jpg,8,8,0.010289404,0.0032320789,0.00036767664,0.006829296,0.0013144907,0.0016562478,8.353753e-05,0.01190783,0.9643194
20180322-112303-1.jpg,8,8,0.03305449,0.022820609,0.00020814208,0.046024702,0.0036884022,0.024530431,0.0020639333,0.029045735,0.8385635
20180322-112331-1.jpg,8,8,0.0073913364,0.0050888862,0.0021746398,0.0020225807,0.0010887223,0.046307597,0.0027592368,0.006136589,0.9270305
20180322-112444-1.jpg,8,8,0.00038733124,0.00017962468,0.024681903,0.00018992605,0.00048666622,0.00021989823,0.0019889819,6.455077e-05,0.97180116
20180322-112455-2.jpg,8,8,0.0047446624,0.00039640343,6.165724e-05,0.0011599071,0.0007076657,0.00012516977,6.9245425e-06,0.0035215067,0.98927593
20180322-112513-2.jpg,8,8,0.009149933,0.010050788,2.5867339e-05,0.00072812976,0.00019326214,0.050999273,0.004217324,0.0023574703,0.92227787
20180322-112515-1.jpg,8,8,0.0020158796,0.00015281599,9.3505725e-05,0.00023373074,0.00025885063,0.0006495952,6.910742e-05,0.0006961073,0.9958305
20180322-112543-2.jpg,8,8,0.01677636,0.005251548,2.1608286e-05,0.09332853,0.12031501,0.000117618816,1.3259339e-05,0.007677617,0.7564984
20180322-112610-1.jpg,8,8,0.0006484504,7.5334676e-05,0.00029952277,0.0004750159,0.00039168337,0.00014834623,5.6318768e-05,0.00024461685,0.99766076
20180322-112621-1.jpg,8,8,0.00032650548,1.6371469e-05,1.7083745e-05,0.000563168,0.00011269864,2.5509557e-05,5.376359e-05,0.0001777931,0.9987072
20180322-112651-2.jpg,8,8,0.004542414,0.0004616953,0.0007552464,0.0023894794,0.025157323,3.582667e-05,2.4096445e-05,0.001950093,0.9646837
20180322-112823-2.jpg,8,8,0.0031655747,0.0017132406,2.0445308e-05,0.00032260385,0.00041907604,0.0014377843,0.002013611,0.0043867766,0.9865209
20180322-112931-2.jpg,8,8,0.005801847,9.269632e-05,9.174831e-05,0.0073292824,0.22688793,7.953095e-06,4.799741e-06,0.0022863676,0.7574975
20180322-112942-1.jpg,8,8,0.00033213713,0.00022065344,0.059462212,0.0006627736,0.0016038152,9.284184e-05,0.00071773067,4.859128e-05,0.9368592
20180322-113018-2.jpg,8,8,0.00019108654,0.00015884836,0.010734441,0.0009890251,0.0019428674,0.0002791241,0.0038643272,0.00013207376,0.98170817
20180322-113102-2.jpg,8,8,0.0011240614,7.9488855e-05,0.2567528,0.00231866,0.009764768,0.00010566435,4.6047673e-05,0.00049048103,0.7293181
20180322-113145-2.jpg,8,8,0.003791221,0.00095470715,0.0097263595,0.022619512,0.0058850404,0.00032740674,0.00039457704,0.004055464,0.9522458
20180322-113220-2.jpg,8,8,0.00016556056,1.5102051e-05,1.2561225e-06,4.5166533e-05,2.1613389e-05,1.1165074e-05,8.848708e-06,3.321072e-05,0.99969816
20180322-113325-2.jpg,8,8,0.00061745103,9.4114344e-05,9.929247e-07,9.945064e-05,0.00014795609,1.182495e-05,1.170867e-05,0.00018507021,0.99883133
20180322-113332-2.jpg,8,8,0.0031842412,0.00017093959,0.007413909,0.015008364,0.054782223,6.7098765e-05,9.3153234e-05,0.0011220492,0.91815805
20180322-113444-1.jpg,8,8,0.009461309,0.0016099073,0.00038151443,0.00222399,0.0016453399,0.0012123901,0.00019410705,0.0054247617,0.9778466
20180322-113559-2.jpg,8,8,0.0010331821,0.00056314527,0.00042578753,0.0089321695,0.026340516,0.00046791043,0.002544845,0.0023734346,0.9573192
20180322-113612-1.jpg,8,8,0.00020676013,0.00012223105,3.0406668e-06,0.0007599469,0.0003347044,1.1536124e-05,2.015379e-05,0.00020511316,0.99833655
20180322-113627-2.jpg,8,8,0.00029070288,0.0006780221,2.8732225e-05,0.025997898,0.081192285,3.761819e-05,1.1414088e-05,0.0013114125,0.8904519
20180322-113734-2.jpg,8,8,0.0007268606,5.2728607e-05,2.9641093e-05,0.00070956466,0.0038578948,8.273517e-06,1.6175232e-05,0.00036057076,0.99423814
20180322-113838-1.jpg,8,8,9.23003e-05,3.2677814e-05,2.0930809e-06,6.613949e-05,0.00010274752,2.0459067e-05,3.542508e-05,7.4004856e-05,0.9995741
20180322-113857-1.jpg,8,8,1.02065915e-05,4.5401493e-06,5.4486238e-05,6.957221e-05,0.000120051795,3.764196e-06,0.00028039128,5.447504e-06,0.99945146
20180322-113907-1.jpg,8,8,0.007410949,0.0032085248,0.000427705,0.017630469,0.0027904075,0.0020897642,7.165822e-05,0.0068508415,0.95951974
20180322-113946-2.jpg,8,8,5.13428e-05,3.684874e-05,7.240788e-08,3.107026e-05,2.4740231e-05,1.6641978e-05,2.1235697e-05,1.2813269e-05,0.99980515
20180322-114006-2.jpg,8,8,0.0003167203,7.1399213e-06,0.00030953577,0.00024388576,0.0062265587,1.8094768e-05,0.00052442605,0.00026823214,0.9920853
20180322-114023-1.jpg,8,8,0.0013366473,0.00016392305,0.00016076979,0.0016358189,0.0021695625,8.087152e-05,2.851692e-05,0.0013325546,0.9930912
20180322-114034-1.jpg,8,8,0.004587269,0.0037805485,0.00012664442,0.003170198,0.0003722904,0.0052646785,0.0010345553,0.0040111123,0.9776528
20180322-114043-1.jpg,8,8,0.043524235,0.035424814,0.005275685,0.008816517,0.012831198,0.031771637,0.0023233753,0.047265276,0.8127673
20180322-114053-1.jpg,8,8,0.002235518,0.0018284089,0.007081699,0.023935676,0.0054537556,0.00075442693,0.00050036807,0.0009458208,0.95726436
20180322-114111-2.jpg,8,8,0.00028564825,0.0009254618,4.821079e-06,0.0011951118,0.0003848097,3.41499e-05,0.00035011838,0.0013785929,0.9954413
20180322-114129-1.jpg,8,8,0.0012666684,0.00068829756,9.812734e-05,0.00806856,0.0014449497,8.182513e-05,4.049838e-05,0.00057421613,0.9877368
20180322-114132-2.jpg,8,8,1.2142785e-05,1.4596702e-06,3.2004243e-07,7.5378293e-06,5.554314e-05,5.5860687e-07,6.9349476e-06,3.4580737e-06,0.999912
20180322-114209-2.jpg,8,8,0.0038124872,0.00063176226,2.1570546e-05,0.0002624487,0.0018139951,0.00026838668,5.8884583e-05,0.006193772,0.9869366
20180322-114246-1.jpg,8,8,0.00020885876,9.9113386e-05,2.3667315e-06,0.00030534226,7.5193886e-05,0.0004990195,1.1152744e-05,3.8976606e-05,0.99875987
20180322-114250-2.jpg,8,8,0.00020487966,0.0004524599,3.7046568e-05,0.0023625907,0.00073007133,0.024832318,0.00052203913,9.53648e-05,0.97076327
20180322-114402-1.jpg,8,8,0.0034716683,0.00043142226,9.490054e-06,0.00666295,0.00036548934,7.346215e-05,1.4801838e-06,0.0006095784,0.9883745
20180322-114618-2.jpg,8,8,0.00063731626,0.00015552517,0.00010065784,0.0008396144,0.0009131333,2.2898716e-05,2.1897107e-05,0.0002863059,0.9970227
20180322-114647-2.jpg,8,8,4.19324e-05,3.5344583e-05,0.014402166,6.650884e-05,0.00032148373,2.8306695e-05,0.0006599866,2.2295928e-05,0.9844221
20180322-114800-1.jpg,8,8,0.0029299932,0.00013242626,4.1376104e-05,0.0005188804,0.0008758549,0.0011675967,0.0014159038,0.0040291385,0.9888888
20180322-114914-2.jpg,8,8,0.00055794773,6.9029906e-05,0.001103051,0.00013434286,0.000313417,5.4111035e-05,1.1122793e-05,0.00018582628,0.99757105
20180322-115147-1.jpg,8,8,0.0011655579,2.118006e-05,1.745344e-05,0.00012620907,0.00022831681,8.850496e-05,1.9558263e-05,0.00019604996,0.9981371
20180322-115252-1.jpg,8,8,0.011720803,0.00028782277,1.5813683e-05,0.00048360275,0.00015225381,0.00012245445,1.2838019e-05,0.0016133535,0.98559093
20180322-115328-1.jpg,8,8,0.0048169415,0.00016157544,6.1773935e-05,0.003850192,0.00023185683,2.0828782e-05,1.209275e-05,0.00066102453,0.9901838
20180322-115347-1.jpg,8,8,0.0014027942,0.0002642725,1.4704485e-05,0.001470586,0.00034154538,6.5690947e-06,3.4810857e-06,0.00016147738,0.99633455
20180322-115551-2.jpg,8,8,0.0009309087,0.0055192034,5.2696105e-05,0.026519028,0.018501936,0.00035243237,0.00020852848,0.002106039,0.9458093
20180322-115652-2.jpg,8,8,0.010620283,0.031522773,0.0045282403,0.034113005,0.019051164,0.0060566417,0.0040007643,0.008377138,0.8817301
20180322-115939-2.jpg,8,8,0.0005870301,0.00022745882,1.2734436e-06,0.0012766124,3.2453696e-05,0.00015611608,1.3816213e-05,0.00020552937,0.99749964
20180322-120244-2.jpg,8,8,5.8065536e-05,2.6691927e-05,1.1896494e-06,0.00025458893,4.821921e-05,3.1093152e-06,3.0433944e-06,1.5579884e-05,0.9995895
20180322-120303-2.jpg,8,8,9.768384e-05,1.6442587e-05,9.4220565e-07,0.00019154078,3.4909885e-05,6.9789513e-07,2.973516e-06,3.3602046e-05,0.99962115
20180322-120442-2.jpg,8,8,0.0007315683,0.00046673164,0.0005246629,0.0025002793,0.00084208214,0.00031635925,0.00030771503,0.00010571675,0.99420494
20180322-120622-2.jpg,8,8,0.0010726069,0.00017922794,4.0086793e-06,0.0002782725,3.017629e-05,7.7782606e-05,1.1443113e-05,0.00025104533,0.99809533
20180322-120634-2.jpg,8,8,0.0002724141,2.511834e-05,2.843451e-05,7.7209415e-06,3.1723892e-05,2.0318746e-05,8.6603366e-05,6.9344635e-05,0.9994584
20180322-121057-2.jpg,8,8,0.000787614,0.0004845724,0.00017398733,0.0008672293,0.0005217856,5.581254e-05,0.00018348864,0.0006489693,0.99627656
20180322-121127-2.jpg,8,8,0.0045719515,0.00038082481,1.1336649e-05,4.9146947e-05,2.3925119e-05,1.4272737e-05,5.909769e-06,0.00065927894,0.99428326
20180322-121141-2.jpg,8,8,0.00016903087,4.5076595e-05,1.116747e-05,0.0003754791,0.00017951918,2.5906056e-05,3.03147e-05,6.398628e-05,0.9990996
20180322-121232-2.jpg,8,8,0.00094924145,0.000115331466,1.1936566e-05,0.00032561226,9.278543e-05,1.9887631e-05,3.8106284e-06,0.00023071122,0.99825066
20180322-121250-2.jpg,8,8,0.010877522,0.0012591056,0.0009889198,0.0012034907,0.0017572464,0.00010420901,1.7296941e-05,0.0043806112,0.97941166
20180322-121335-2.jpg,8,8,0.0009180754,0.0021433728,1.2595546e-06,0.00018513162,5.2939216e-05,0.0003933844,4.7685273e-05,0.00025874004,0.99599946
20180322-121400-2.jpg,8,8,0.0026299998,0.003311624,3.9819628e-05,0.000916727,0.00029659033,0.0032398966,0.0004615217,0.0009005825,0.9882032
20180322-121546-2.jpg,8,8,0.0030680767,0.00014794785,6.0411443e-05,0.0066112992,0.0048531527,1.2367608e-05,2.1025777e-05,0.0006892099,0.98453647
20180322-121610-2.jpg,8,8,0.0009118702,3.3174445e-05,1.05452855e-05,0.00012599233,0.00034731496,7.1536524e-06,9.708159e-06,0.00017654615,0.9983777
20180322-121633-2.jpg,8,8,0.00022880064,2.9413079e-05,3.4086563e-05,0.004551746,0.00078174437,2.484138e-06,5.8294045e-06,0.00010245858,0.99426335
20180322-124504-1.jpg,8,8,0.0003426977,0.00025381395,5.3472213e-06,0.000923157,0.0009714779,3.6851725e-05,9.617158e-05,0.00016982376,0.9972007
20180322-124734-1.jpg,8,8,0.0025952861,0.00078318134,0.0012371626,0.0011817906,0.17837434,0.0046739792,0.00080213253,0.0022424927,0.8081097
20180322-124804-1.jpg,8,8,0.00025275175,9.97108e-05,1.3620956e-05,0.00011822309,0.000266237,0.00013628564,4.534192e-05,0.00026944623,0.9987984
20180322-124907-1.jpg,8,8,0.00017085884,2.4511737e-05,0.020119099,0.0033882132,0.02200016,0.002971107,0.0024107439,2.6256555e-05,0.94888914
20180322-124924-1.jpg,8,8,0.0075171683,0.05497317,0.0012633164,0.020394003,0.033467516,0.11072328,0.055366497,0.035590753,0.6807043
20180322-125040-1.jpg,8,8,0.00011214815,1.490198e-05,2.4768666e-05,0.00016973978,0.0025876616,0.00019003956,3.5667283e-05,6.318931e-05,0.99680173
20180322-125050-1.jpg,8,8,0.0027900736,0.002036018,8.687987e-06,0.0005141016,0.00060421,0.010427966,0.0011018856,0.0021927387,0.9803243
20180322-125116-1.jpg,8,8,0.011471988,0.0054253796,0.001931964,0.011193065,0.1627325,0.0477689,0.006497514,0.008495536,0.7444831
20180322-125223-1.jpg,8,8,0.00093583134,9.363968e-05,5.76682e-06,0.00023516106,7.6824086e-05,7.456399e-05,1.2237663e-05,7.939082e-05,0.99848664
20180322-125406-1.jpg,8,8,0.0024415925,0.0027520317,1.3420264e-05,0.0027479483,0.0027482966,0.050364017,0.0031711084,0.001611096,0.9341505
20180322-125451-1.jpg,8,8,0.016601915,0.0061200093,0.0005627082,0.0074750483,0.11394044,0.0025806862,0.0006128887,0.02358403,0.82852226
20180322-125459-1.jpg,8,8,0.0003216924,0.00022786163,1.0428799e-05,0.002928642,0.010151455,0.001268581,0.000104965045,0.00021282004,0.98477364
20180322-125534-1.jpg,8,8,0.0046449085,0.0008853159,0.000598724,0.0040414296,0.015379525,0.00016570798,5.544095e-05,0.0025813954,0.9716476
20180322-125547-1.jpg,8,8,0.0004884896,0.00029616302,0.00020636134,0.02690711,0.110893875,2.7881719e-05,4.4073928e-05,0.00047548075,0.8606607
20180322-125637-1.jpg,8,8,0.0006009513,0.0010056271,2.9560556e-06,0.004288407,0.0030056427,0.0003477811,6.0992184e-05,0.00025221123,0.99043536
20180322-125656-1.jpg,8,8,0.0081888735,0.02282069,0.0015203584,0.021703735,0.06864534,0.022363039,0.0087585375,0.010391002,0.8356084
20180322-125752-1.jpg,8,8,0.02269203,0.014224791,0.0005245439,0.04568759,0.30271646,0.0007777801,0.00033600786,0.02660818,0.5864326
20180322-125838-1.jpg,8,8,0.0006336449,0.00091094093,1.7959203e-05,0.037870564,0.023400584,4.4560144e-05,5.4751614e-05,0.0009894052,0.9360776
20180322-125907-1.jpg,8,8,0.0062020207,0.00028759564,0.0007793728,0.0502826,0.15939575,0.0010328144,9.588849e-05,0.0019960222,0.7799279
20180322-125915-1.jpg,8,8,0.0030681712,0.0041803005,3.1191146e-06,0.028886212,0.08427734,0.00010717378,1.1181703e-05,0.0026347532,0.8768317
20180322-125932-1.jpg,8,8,0.0028440913,0.0012646059,0.001614877,0.02304001,0.06615318,2.8922916e-05,3.5155554e-05,0.0014687933,0.9035504
20180322-125940-1.jpg,8,8,0.0013000136,0.0008779097,0.0011369413,0.010317226,0.009343028,0.00072040135,0.00016991705,0.0023377626,0.97379667
20180322-125948-1.jpg,8,4,0.014241855,0.00081641384,0.0013151062,0.20733073,0.50726074,0.00037760587,3.90629e-05,0.013925023,0.25469348
20180322-130042-1.jpg,8,8,0.0018482442,0.00093984924,0.029010039,0.048201784,0.31015792,0.0017483319,0.00029680922,0.0021582143,0.60563874
20180322-130118-1.jpg,8,8,0.020817138,0.020022042,0.001678479,0.092629865,0.2240023,0.0028046481,0.00045645924,0.11111477,0.52647424
20180322-130245-1.jpg,8,8,0.00054618774,0.0018344476,2.1133692e-05,0.0034276391,0.0010657073,0.00012924564,0.00091829774,0.00077603327,0.99128133
20180322-130402-1.jpg,8,8,0.0014174122,0.00538106,0.0001369867,0.008673971,0.005027185,0.00019443441,0.00012484004,0.006207224,0.9728368
20180322-130419-1.jpg,8,8,0.00015129537,0.00010478214,1.7531056e-05,0.00047755646,9.003175e-05,1.725977e-05,5.579932e-06,8.3999534e-05,0.999052
20180322-130450-1.jpg,8,8,0.0009697443,0.0027285041,3.1960102e-05,0.006808161,0.004182134,0.00019428671,0.0007044186,0.0013513361,0.9830294
20180322-130616-1.jpg,8,8,0.017188713,0.03356047,0.000111041016,0.050023034,0.050359927,0.00095769047,0.00020853616,0.043260798,0.8043299
20180322-130632-1.jpg,8,8,0.0024822264,0.0023979524,0.049311765,0.01840637,0.029470144,0.004980479,0.0029577273,0.0016569044,0.8883364
20180322-130724-1.jpg,8,8,0.04253719,0.01678454,0.00026609102,0.09933597,0.09916621,0.0007004905,0.0002063118,0.044835903,0.69616735
20180322-130856-1.jpg,8,8,0.0036057008,0.0013497485,0.00016290399,0.04054262,0.06928858,2.213375e-05,2.6496818e-05,0.0012856424,0.8837161
20180322-130914-1.jpg,8,8,0.012374479,0.0022346722,6.532616e-05,0.12011539,0.12562494,0.0003918824,0.0002072119,0.003078808,0.73590726
20180322-131305-1.jpg,8,8,0.002268484,0.004323802,0.00058444083,0.08319218,0.19186847,0.000115481314,0.00073891657,0.0020171679,0.7148911
20180322-131630-1.jpg,8,8,0.0055553718,0.0012615535,0.001440984,0.019008238,0.2168786,0.00014335432,0.00019354283,0.0038813197,0.75163716
20180322-131648-1.jpg,8,8,0.0040935306,0.00022142482,0.0015042276,0.04669182,0.23825528,3.2429714e-05,2.566926e-05,0.0021757127,0.70699996
20180322-131811-1.jpg,8,8,0.0019538365,0.0008674841,0.0025096962,0.003290117,0.05903087,0.00041350973,0.00084015,0.0015328558,0.92956144
20180322-131840-1.jpg,8,8,0.012402183,0.0038655328,8.975359e-05,0.0009677274,0.00090673286,0.0010209962,0.033012856,0.01617854,0.9315557
20180322-132206-1.jpg,8,8,0.00022340225,0.00050702936,2.4397817e-05,0.0003658882,0.0003584546,0.00011124894,3.7255133e-05,0.00016320332,0.99820924
20180322-132245-1.jpg,8,8,0.0011901218,0.0001617847,4.7190995e-05,0.0009356507,0.0029771721,5.4888154e-05,5.249766e-05,0.0013495495,0.99323106
20180322-132351-1.jpg,8,8,0.00019802828,0.00020864473,0.05442745,0.0014912967,0.015417481,0.0001799591,0.0046233414,8.404002e-05,0.9233698
20180322-132456-1.jpg,8,8,0.009821175,0.0029346682,0.09030748,0.038107816,0.39576387,0.0053810077,0.0032006302,0.00816191,0.44632146
20180322-132648-1.jpg,8,8,0.0012692474,0.00081068574,0.0003994144,0.0062248223,0.038382795,0.00015423296,3.6383655e-05,0.0020735965,0.9506487
20180322-132707-1.jpg,8,8,0.0013482692,0.003588747,0.000147591,0.08910062,0.06521127,0.00017733905,0.00016293734,0.0028442577,0.8374189
20180322-132913-1.jpg,8,8,0.0036211093,0.004616364,0.006344783,0.023437515,0.071614,0.0016766873,0.000847625,0.0034669035,0.884375
20180322-133029-1.jpg,8,8,0.00066062715,0.0010601103,0.4572496,0.020891204,0.01413961,0.0033041835,0.0021123462,0.00023646485,0.5003458
20180322-133149-1.jpg,8,8,4.3062835e-05,7.568776e-05,3.4832232e-05,0.0020330485,0.004972251,1.4758962e-06,2.0163106e-06,4.0891475e-05,0.9927967
20180322-133614-1.jpg,8,8,0.00017708323,0.00022106503,0.011597278,0.0057881824,0.08480413,4.1725594e-05,0.00021711427,0.00034672866,0.8968068
20180322-133710-1.jpg,8,4,0.012273722,0.0010155095,0.16525829,0.028959481,0.45857626,0.0006536759,0.0011125532,0.021993415,0.310157
20180322-133743-1.jpg,8,2,0.0012615017,0.0005952321,0.47834402,0.012455338,0.15975077,0.000525417,0.002410135,0.0020752293,0.3425823
20180322-133752-1.jpg,8,8,0.00064321124,0.00019531467,0.30356547,0.0019757762,0.004754637,0.00025508308,0.00029323675,0.00011907088,0.6881982
20180322-133802-1.jpg,8,8,5.05368e-05,0.00010630134,0.0040281597,0.0008287624,0.00090182154,2.1868635e-05,1.6799164e-05,3.1919855e-05,0.99401385
